9.048768333645018203e+00,8.506882508495419160e+00
4.403171414597577105e+00,4.467171173322325828e+00
8.853282455209294799e-01,9.306699606733296548e+00
4.598181136568465277e+00,7.436492526746424581e+00
1.367085522986901225e+00,8.623110498549626968e+00
5.120621510266269993e+00,3.822486462881216518e+00
2.268232007560292196e+00,7.985874396656074126e+00
2.548663902919449331e+00,7.336657235693349932e+00
6.701968577050821274e+00,6.434113373544663617e+00
7.111336204666720562e+00,2.592017129752472115e+00
2.838502258271807577e+00,7.251736143172478499e+00
3.688243986800968433e+00,5.889668664269074760e+00
4.418071460155321262e+00,4.773827941919800644e+00
1.390566906477936016e+00,7.849495144693988458e+00
7.453092417839476624e+00,7.547944631926037040e+00
1.347067418899418945e+00,8.634543086189694350e+00
7.864862659418877300e+00,6.370961423915868949e+00
2.164479508841357092e-01,6.206726487685303439e+00
4.184395950316142532e+00,1.009289492841291569e+01
-1.170445799592179981e+00,8.968099428260172701e+00
1.461149309870169333e+00,7.323379069890995297e+00
1.825191903229249846e+00,1.085827578032458796e+01
1.555757327792502753e+00,7.282723861638009666e+00
-3.236721615645725691e-01,9.233846941003102771e+00
5.267257785459054098e+00,3.599330384743733013e+00
6.072203887979932269e+00,7.335205972399724494e+00
2.682789532744841221e+00,1.058354378336030166e+01
4.267454223686677039e+00,1.268564446476175256e+01
8.144669925003460875e+00,6.845470429989005012e+00
8.616175104198824375e-01,9.696216043990435907e+00
7.386777209857152471e+00,4.647965703832177553e+00
8.094454578303912129e+00,4.180525639041596797e+00
7.504043739531658375e+00,3.199317950361106444e+00
6.573919605154484813e+00,6.786736353599369664e+00
2.231124236344668166e+00,6.503002669628902055e+00
4.582516447519900282e+00,4.022277066891775554e+00
6.020680700081348036e+00,9.349218308348351769e+00
3.055787840489649021e+00,9.822587378354844745e+00
7.087097092226864348e+00,4.720872438481716671e+00
1.405352051979954497e+00,1.039704146518272054e+01
4.904854005099979375e+00,1.164651188265673376e+01
5.218199457940353447e+00,5.531779599627657085e+00
3.272509008294464117e+00,8.124957786450154984e+00
9.733323511831667219e+00,6.358814667196757142e+00
4.753379003716026396e+00,6.832407634364322746e+00
6.064657078210899499e+00,4.887382805875430947e+00
5.657607720991447486e+00,7.112623021821612213e+00
6.078571948450965934e-01,8.639276708578373487e+00
9.146006643554052129e-01,8.884551430170334996e+00
3.273549444566749678e+00,6.856857014946456275e+00
4.985669775942096038e+00,9.191800022365965717e+00
3.426537554347983239e+00,6.245287141510665663e+00
2.947281784867979759e+00,1.343108479897340501e+01
8.375946878333737633e-01,1.038578211252991323e+01
5.381068612930250517e+00,4.798704532534482148e+00
3.188604720260148184e+00,6.183885593898671651e+00
1.831714048036308995e+00,5.930122833928573201e+00
9.441396798433197013e-01,7.131634525696249227e+00
2.964812721928389294e+00,4.808950116818867748e+00
-2.707600206786699992e-01,7.608021625473150529e+00
7.504054589263876807e+00,4.940910152804292466e+00
1.352746798783377447e+00,4.991836013364411961e+00
-2.637200475749232886e-01,7.380253550972827092e+00
2.271714690875658693e+00,6.553906709228641603e+00
2.762769354464442273e+00,9.340047450776994609e+00
2.215502027716111044e+00,9.944815166406295148e+00
1.037666814262329762e+00,9.744060967437988552e+00
5.832015638744815433e+00,4.531140610210403707e+00
-3.921036526383887555e-01,8.972791531664404019e+00
2.413945750447415772e+00,4.645146923861771526e+00
2.813864047881737385e+00,5.130862810033216093e+00
5.915358788130977707e-01,8.234048216752160698e+00
7.434302065651726465e+00,5.776238704133982438e+00
3.663609042068928900e+00,6.892442447662007865e+00
7.113226607740275931e+00,5.479376662395657682e+00
1.191650411238172724e+00,9.666766593436314281e+00
4.559928470268012290e+00,5.597243378524305868e+00
4.715445214191992029e+00,4.093850341024630524e+00
5.542972798826061087e+00,7.043377477835004896e+00
3.891797978713602557e+00,8.337134713969442501e+00
2.479297916697142501e+00,9.575456492111303675e+00
8.290262493242406272e-01,6.592366639127913430e+00
7.216577430304469409e-01,9.524395691159268651e+00
4.156243900128960611e+00,8.102786833416569579e+00
5.114074488307991828e+00,4.778114007775560168e+00
5.511421533296669395e+00,2.552025763961526028e+00
2.395557519759419662e+00,7.300284125005807034e+00
3.871370017052053747e+00,5.728757397685884101e+00
1.459256437110649118e+00,7.950123340296467056e+00
4.778025761568748031e+00,8.077842009016933389e+00
1.189424190833748618e+00,7.859117472703861296e+00
1.768859593512470685e-01,8.026687921842114548e+00
3.317643290211288232e+00,7.238219050324244286e+00
1.166940166501758469e+00,7.630136678499331637e+00
6.717057142414960325e+00,9.408697720455462488e+00
4.633384602149262399e+00,8.195197210355058104e+00
7.727728417829939467e+00,7.591972400494824136e+00
1.723436335586116419e+00,8.928702205564514216e+00
-1.374023758305724652e+00,7.757820981760595203e+00
3.985340188991322918e+00,6.152043168176159149e+00
4.471201442436640860e+00,3.185099525627817396e+00
5.930522574352470322e+00,7.708289879608727801e+00
2.288920161624995231e+00,7.408286410152532753e+00
7.486527061061028832e+00,8.893685180750569685e+00
4.495949423081723850e+00,7.766562277689871507e+00
2.221735192728263364e+00,9.264893222578965748e+00
5.262643041522860443e+00,4.659119465838450935e+00
5.943016832347341349e+00,6.992243473548128030e+00
4.610947222704473880e+00,4.558126860169439354e+00
2.169917675847666594e+00,9.347244005234765396e+00
6.539122241793930979e-01,6.874290307726661275e+00
2.860298783272092749e-01,5.608021360151824730e+00
4.999671042494641782e+00,1.025579183873626832e+01
6.585116776361059188e+00,7.521147830688572178e+00
4.810644804495899152e+00,1.102961596515227249e+01
1.207299809371238597e+00,6.866975806269479676e+00
6.260616974431604476e+00,5.166987228268099308e+00
-1.549275529317562849e+00,8.073279921848957486e+00
1.504438803024358950e+00,8.301435736204181737e+00
3.752719127385141018e+00,5.495593672068176616e+00
3.069365995302907990e+00,5.756325509124914142e+00
4.995625315213389150e+00,6.958661889759932606e+00
1.653463163898227561e+00,6.669484480843507868e+00
4.477343642258907686e+00,1.424038444427091044e+00
2.514269984619901255e+00,1.001141027699691222e+01
5.280139595688194021e+00,3.782761489958282652e+00
2.110899775752724583e+00,1.084523858268087082e+01
2.732849918000036293e+00,8.924077926430005192e+00
4.475027712631441723e+00,6.572448155440657303e+00
6.944009627450019373e+00,8.877869007628927278e+00
-2.987383009410543799e+00,8.015036185057201834e+00
6.169808121210203389e+00,6.272226881025397383e+00
6.220250954001238952e+00,5.673570700081316254e+00
4.464007501743298967e+00,7.902474592907154261e+00
5.844255255368983271e+00,3.356630914370271057e+00
6.464859856739930244e+00,4.777995970524036906e+00
2.285288930951468345e+00,7.261538989872851069e+00
2.297832152806839723e+00,8.830051457727178033e+00
1.852597596323509954e+00,6.916360640947993410e+00
4.858728905677910603e+00,3.965061586066316757e+00
5.991656985887711784e+00,7.255045786312393830e+00
6.821340201997785790e+00,5.933159772937847798e+00
3.916118470393418871e+00,8.174413316166322829e+00
-1.530095578767021181e-01,9.424586328376886257e+00
1.348965625248894851e+00,9.809425993490174633e+00
5.635303349681288765e+00,6.783044762631790903e+00
1.254632106661422553e+00,1.156790086790060990e+01
-1.482679426794879074e+00,4.736547445297563108e+00
2.758815585341467091e+00,9.757232101151014803e+00
-6.602961476985385048e-01,8.202920194805207288e+00
1.630394375704402599e+00,8.721034278484466995e+00
2.780455542453890594e+00,1.197678807927139744e+01
8.044088322740454711e-01,8.855112585409479209e+00
3.364113141245528293e+00,7.193189268611249076e+00
7.852107946712836295e+00,6.127508231700637964e+00
6.645950510655325161e+00,4.666370698921868510e+00
2.242051622723196136e+00,1.183589667708413096e+01
1.107375477972917466e+00,7.200385967542285215e+00
5.673391167795542422e+00,5.442045876181807351e+00
5.358346684267687454e-01,1.217951642886985653e+01
7.006068677392983446e+00,1.291826996015954521e+00
4.549850534858981277e+00,6.946655304721683244e+00
3.632093920574291701e+00,5.968570064542266351e+00
2.022159245387356918e+00,7.228039697391634988e+00
5.005308078468183375e+00,4.538667086537892636e+00
2.320863512423725794e+00,9.795934593174168370e+00
2.701621473865357892e+00,8.863300868290474810e+00
3.853850339480692000e+00,7.486880133460876330e+00
-6.390609135620106684e-02,6.840106262883451471e+00
3.940072375136832505e+00,9.623560918913833362e+00
6.828900861387026566e+00,5.019907530656126049e+00
6.825072603508615110e+00,4.812334525911694527e+00
2.293338060875635520e+00,6.086867156200326257e+00
4.590269486634244167e+00,5.918718770462346512e+00
7.445428037058958726e-01,4.036674601200315848e+00
4.081698519295200889e+00,6.552825702814576658e+00
4.405022383704094935e+00,6.064016206970174849e+00
2.746677433187660888e+00,8.421631966912114464e+00
3.447806972588658425e+00,8.022362821866682481e+00
5.631028721884094423e+00,7.893232123431880964e+00
4.745215849057720092e+00,6.812060807411604024e+00
4.686877612239573665e+00,8.918804285639787111e+00
1.830860876611214216e+00,7.895252198349263395e+00
2.554490157998084765e+00,9.024566143290037701e+00
5.069558118387531565e+00,4.488250133660761421e+00
5.655428398051489225e+00,8.187040853142347530e+00
4.770109922162853344e+00,8.640776565503738738e+00
-1.150007336912355349e-01,9.488289697938098399e+00
3.143228196152029419e+00,2.919639943285024852e+00
1.783904540318102638e+00,8.306997672215299389e+00
5.923465490864336047e+00,4.144251684071704744e+00
5.085621401632268501e+00,3.825800504162264026e+00
7.788704127534207267e-01,7.035249378466858161e+00
8.259923955681031771e+00,6.738291098893245845e+00
5.444523435440187242e+00,5.412441125760783400e+00
3.118540087585666143e+00,6.280126456032485649e+00
7.133915366976738781e+00,3.966355831592809356e+00
2.821729238054182964e+00,7.193214277170275395e+00
5.313447860301345749e+00,7.736567222691029144e+00
4.308052508146474224e+00,1.170635765916262017e+01
4.808081461006498358e+00,7.912846627150045720e+00
5.965058422078596934e+00,5.424280896927781370e+00
2.626696702963371433e-01,8.864248529188557768e+00
6.159188829102049567e+00,3.055292059993039988e+00
5.048255516267412979e+00,4.551184606781377262e+00
2.650269595049472571e-01,2.454236610890582426e+00
3.616280569836496817e+00,8.008184259116710280e+00
4.620709501949169962e+00,8.835757940984487746e+00
3.305780585910067515e-02,2.502882069418234323e+00
4.158476163683200610e+00,5.834874616063867592e+00
4.692366255406913211e+00,6.665864064954864610e+00
3.882736939169176171e+00,3.299948687891624655e+00
-6.263351072685297005e-01,9.422353554855982694e+00
5.406793518567186929e+00,8.345021560798802085e+00
7.062826527388827103e+00,5.906244238047915651e+00
2.433814969891391122e+00,6.276612643256928692e+00
3.422626710208100942e+00,1.087893306687266737e+01
1.842535947586162903e+00,1.153389673700484153e+01
1.270501234508721655e+00,8.106158389638432382e+00
5.903990750863357562e+00,5.686602714050932761e+00
6.042739835687014782e+00,6.112882030018233159e+00
6.128456214578584138e+00,6.915255795003512063e+00
3.125889298828003593e+00,5.401665770669096922e+00
1.613139510446873759e+00,8.477699008130068492e+00
4.104706755368189519e+00,1.132089659159725237e+01
2.143512701488298866e+00,1.027634706922553676e+01
2.196950683113029434e+00,7.264644316034023497e+00
6.836904833686142879e+00,5.965839825233674176e+00
1.597711389859904241e+00,9.977643589875420105e+00
1.826676231680258278e+00,1.014899681048941105e+01
6.878170822712100119e+00,6.048472692224570402e+00
2.773891563172557806e+00,9.391765063150288029e+00
3.005895838225914218e+00,5.752996489329276208e+00
7.246529791973491896e+00,5.369012694504165850e+00
6.783792832785064952e-01,6.754668897470262223e+00
9.068176397865528315e-01,8.029674511450552998e+00
3.556641873190721448e+00,8.173477851789776594e+00
2.956263510134985228e+00,8.500066283856503091e+00
5.153135674882388884e+00,4.338099638462076690e+00
-1.002796118307618389e+00,7.179031682991620755e+00
4.678366224947970942e+00,8.552517272691424921e+00
5.759419793650892849e+00,8.001303424336915882e+00
-1.913307818017606632e+00,1.017212911877464165e+01
3.728436295273857226e+00,7.868823584773346980e+00
3.419623924887768673e+00,3.159330444291055251e+00
2.135468173754371257e+00,6.556369043744256331e+00
4.253990648327201640e+00,9.673047633569781922e+00
4.102013400347248595e-01,8.282381349656702696e+00
2.850175901845532600e+00,7.290403269489132754e+00
6.355346564825701705e+00,6.400722730923821047e+00
3.021951249090566449e+00,9.973764046607511702e+00
3.235224223900498242e+00,6.948084047378769945e+00
1.125334797163437761e+00,1.022396537335601252e+01
4.901036205584971661e+00,3.444663371017090636e+00
3.001124020512566659e+00,9.403594556797971293e+00
4.281138497565682322e+00,3.250744450390211870e+00
6.792273037426260984e+00,7.853394426933745009e+00
-4.203688962940912432e-01,1.079111760812118526e+01
6.416693162361714720e+00,6.129318433607219063e+00
4.585695201655052955e+00,1.054279620940266327e+01
2.948328092257740618e+00,3.412998974657766471e+00
4.101590842807243398e+00,7.052516958106690659e+00
-1.161479221439158493e+00,9.959823666878508064e+00
-3.083919942853758478e+00,9.086729837751239103e+00
5.482128007618714882e+00,4.816613235457952058e+00
5.949952179888752468e+00,6.032415352420740007e+00
6.329584907293887674e+00,8.372707266506608903e+00
-1.034946463735592292e+00,1.019059662225772911e+01
5.409380215472052722e-01,7.982022451725526047e+00
2.375262664411498914e+00,6.168470076854081441e+00
6.327909917935393480e+00,8.598535292256133999e+00
5.610622180720969965e+00,4.236722604590152486e+00
7.988363620251939246e+00,7.693122491243260974e+00
2.710712222968452600e+00,8.849073996270066189e+00
5.586042364723886600e+00,5.342128905915620507e+00
5.597288115470306025e+00,6.677756130993619088e+00
5.588538156089194686e+00,4.801770928290130414e+00
-1.089896461753943058e-01,4.322307478563761407e+00
2.329832404575349347e-01,1.051246234544427693e+01
2.557671199544715002e+00,7.211102076160345931e+00
5.637208609405590209e+00,3.342420088190972471e+00
4.645719317651012759e+00,8.341452959706165515e+00
2.515500476100485105e+00,9.277272924202359050e+00
6.604085576564576954e+00,7.723603056271672429e+00
5.235006090723397065e+00,1.016949352614435398e+01
3.167893998012121681e+00,1.339933355135359250e+01
3.915283911840792719e+00,4.722416337839669964e+00
5.433778427471350092e+00,7.185929622223007129e+00
2.287810930756146721e+00,1.180972729541039534e+01
3.745628155909219270e+00,1.060389207456491256e+01
7.534466030524505697e+00,6.710581850159921480e+00
2.782743619393369450e+00,5.799509229262844734e+00
5.950828678137107808e+00,5.625950470513484625e+00
6.037666505817993468e+00,5.190592287696753182e+00
4.080465045211014719e+00,5.815843112371311463e+00
2.591784440757352037e+00,8.264402028498835762e+00
4.950851440887450217e+00,6.307718095734925257e+00
5.465989423862462004e+00,9.104992895845763101e+00
2.559701698974956585e-01,1.048950008684437840e+01
2.872711150296802352e+00,8.199564263598350777e+00
2.289303287532807207e+00,7.956459286061001279e+00
3.757545863702249633e-02,8.815656499729625395e+00
-5.174961131880739806e-01,1.208727136119076562e+01
2.416814573430259294e+00,9.999044603085378569e+00
8.809942396202101733e-01,7.957577908740090855e+00
-1.458684426434304626e-01,1.101806784061745326e+01
6.196957774098085459e+00,5.297064774338322124e+00
2.764339363686824314e+00,6.696915950424530806e+00
2.616279730349248211e+00,8.531469476786801565e+00
3.863782450073073527e+00,7.522144412222576904e+00
2.839338894397728019e+00,4.835904032307445810e+00
4.172028806902893905e+00,2.326590557273335413e+00
4.444229330845565151e+00,5.217602865887023711e+00
8.426090320611236972e-01,9.987059291996189359e+00
3.757860114413004382e+00,4.597413011431751961e+00
3.987720591619256183e+00,9.800789174032754403e+00
3.879951930867000520e+00,9.027174941138589759e+00
4.040216113103069162e+00,1.024372635785960917e+01
3.268171964607997637e+00,1.043628847064080034e+01
8.202770435852324571e-01,1.089541788577815140e+01
-8.966528575112913124e-01,9.461278851070586526e+00
5.676206148332815893e+00,6.039776722434734069e+00
1.660857312204113256e+00,5.962861884762889808e+00
3.043059460885364942e+00,1.175439896766131298e+01
3.191254802380217637e+00,9.222427084355761195e+00
-3.602061262854019397e-01,7.051172162837925583e+00
3.578341353498331934e+00,8.826668894972439006e+00
4.912171484557022794e+00,7.395514064354474115e+00
-1.246401438645667881e-01,7.282753784961859544e+00
4.688469679527882406e+00,6.773366366998754273e+00
5.812506567130683699e+00,7.377333603390992423e+00
5.520247912155390679e+00,5.261713335550058268e+00
1.997154340590016286e+00,1.151649407297379568e+01
2.719703961060253139e+00,5.367050969289820728e+00
3.126574955707623893e-01,1.161512909411854011e+01
5.197226959287585046e+00,9.542880475630738601e+00
3.235540690096844418e+00,5.886428388023940528e+00
1.974027249975560672e+00,3.497678878615085196e+00
7.838048935570987030e-01,1.073028837161427873e+01
3.621823985802116397e+00,3.757021433459307946e+00
7.057998935645404259e+00,5.487749884803221789e+00
-4.912811437536079850e-02,8.794288133891445369e+00
1.387224464989542216e+00,8.744668586049455072e+00
1.222115345792554209e+00,7.932948194816686893e+00
4.219817154481511068e+00,8.742922102776244486e+00
1.384424458893417142e+00,8.424322571047394348e+00
3.880366012311355028e+00,7.932772580245966765e+00
3.816859759170612154e-01,9.320467031957912596e+00
2.689804441641911126e+00,7.568051440806970120e+00
2.788643997862320312e+00,4.702737949339099721e+00
4.443756235174713964e+00,1.330804419158067020e+01
3.326669588276404355e+00,9.502302771042174356e+00
2.330934928932137051e+00,9.269023999235214362e+00
5.341397773009222583e+00,6.216122418947277239e+00
6.209958953366490064e+00,5.740450929201016628e+00
2.811893043785293589e+00,6.076662500267752343e+00
5.679532514422598322e-01,7.821194817265705979e+00
5.648098936005951032e+00,5.455746326890253961e+00
4.776189772866614724e+00,4.725753852114893405e+00
1.577235555238946096e+00,1.104369455109371856e+01
1.143272254732328630e+00,8.674113534647558410e+00
-2.137129745747838427e+00,9.902825969130629957e+00
2.763686966774105525e+00,8.638957746114963143e+00
-1.029602033599062771e+00,1.085979038656676465e+01
1.844675241015872658e+00,4.945040151235511772e+00
2.389966787243894775e+00,7.570765431817148894e+00
4.772014649636922456e+00,7.690332507311928190e+00
1.692254944531499383e-01,8.820226583933894915e+00
-1.476026863329682470e-01,8.687588472729959932e+00
3.370457670482069457e+00,9.805621762557791499e+00
3.073773991566395303e+00,3.621953773648272534e+00
3.423033143502896003e+00,9.833284810932159559e+00
3.338642385304390281e+00,7.417493444937295344e+00
7.793108366274918097e+00,4.826299558716845794e+00
2.843995536054607420e+00,6.320468132694211150e+00
6.196753432092680924e-01,9.193155934222460246e+00
4.556200289060745590e+00,6.304140705522573107e+00
4.526983039456072611e+00,7.611790722426277078e+00
5.581639393148913886e-01,1.151479834337135522e+01
2.814105487245881498e+00,7.982544668504217178e+00
3.331221128769816353e+00,6.900397631532630527e+00
3.098158652666967328e+00,8.121459828278677406e+00
2.095595521767138703e+00,1.031283818113404749e+01
3.414267820441964751e+00,7.399479991021237879e+00
3.793582664213969391e+00,1.767393179835562655e+00
2.583121886059488226e+00,7.680715918452184710e+00
3.508435025594746293e+00,5.295455904779144518e+00
1.782484960178506439e+00,1.053032252945931191e+01
-6.641930354080938237e-01,8.055064105690263432e+00
6.067000837166701466e+00,6.095092116403606042e+00
4.520518339258245533e+00,5.726217432418822639e+00
1.552716470005945704e+00,6.333867969949155352e+00
3.714543773355773570e+00,8.676486726095179236e+00
1.082513138094451488e+00,3.113432460359755183e+00
2.502376361798048787e+00,8.621980272686332825e+00
9.135780477304418223e-01,1.007839296633202686e+01
-5.911818336464600421e-01,9.560491390228140318e+00
1.179398912528190513e+00,1.036171467384175315e+01
2.749367770236181840e+00,6.754249081566655377e+00
2.863595192639082576e+00,7.865701152257817519e+00
7.793997453024735123e+00,4.235914901375588570e+00
2.509191841593374495e+00,8.940198818410275194e+00
3.584534444363934202e+00,7.571763221740312133e+00
3.972121526133816083e-01,1.054730267092274154e+01
4.003023141489798320e+00,3.125100377131620810e+00
4.355565766967492536e+00,3.359876025330777338e+00
2.718182349037451040e+00,7.834999041167936440e+00
5.798993860396012501e+00,9.957952724751397255e+00
4.758199633260046468e+00,4.305653106991784718e+00
5.424372022973908081e+00,8.096005093556803089e+00
5.984867340848780692e+00,5.202471320459419957e+00
9.204544604747437742e-01,7.908297260538008189e+00
4.751882012891790019e+00,5.748157802889282131e+00
6.926113693200075971e+00,7.354512257594295832e+00
2.375908368156682826e-01,7.852614035284530836e+00
2.139277068302427587e+00,1.050818686925894951e+01
2.497827853078700144e+00,9.704034019038571657e+00
2.397970342086370721e-01,1.092842057734117311e+01
5.130067999768199716e-01,1.276582074995906169e+01
2.343671943869756191e+00,1.032066179466572642e+01
3.336289725525129146e+00,5.935596547883704943e+00
3.113604574161622729e+00,5.141126136545572933e+00
4.219162558954669962e-01,1.069413168278844140e+01
2.872708771001805772e+00,6.583920415692111838e+00
3.469851463348112564e-01,5.590844607380652143e+00
4.754138894948738425e+00,1.856204916571605246e+00
4.706338400655257992e+00,4.505333508720353208e+00
6.291515725072178711e-01,7.521369766457976169e+00
3.533642334949935737e+00,1.063636305801782811e+01
5.975401065014334989e+00,5.373700474581825759e+00
4.836718990409371699e+00,8.871565085360224145e+00
2.236373141066033909e+00,1.028876594579070591e+01
6.914875711610919407e-01,8.449132529491986787e+00
6.232860868893523865e+00,7.406219394754870677e+00
7.710248981279349323e+00,4.478839134956760226e+00
2.217640680036439882e+00,8.923630753808838634e+00
2.624874561758352431e+00,8.554790488534214532e+00
2.340276460180007234e+00,6.234114283567861570e+00
6.133364085504656060e+00,6.020238520023314166e+00
5.238738177370423799e+00,6.023044732745808538e+00
3.899837017673260409e+00,4.504629862537223417e+00
-8.045374599806338622e-01,1.106825322605532769e+01
4.109657618768853382e+00,1.042362931649700641e+01
8.950484426905858104e-01,5.898789967505255305e+00
2.435959563881735512e+00,8.573153245000332490e+00
3.517810145389780985e+00,7.616392609009024817e+00
7.837536938848336021e+00,4.542502869553509015e+00
2.512082920753865523e+00,6.293369905142865761e+00
4.833596346914317721e+00,1.063682781458767046e+01
7.128965661591440295e+00,8.205375238691669182e+00
2.622782773104138876e+00,6.116722569902226070e+00
4.791708928010733004e+00,4.978265569106437027e+00
-1.168594977735701868e-01,1.039576097466470372e+01
3.895552825087561288e+00,6.644917440425365918e+00
2.098075688267003081e+00,9.686199137901427392e+00
5.389303070789543071e+00,1.214061491313237262e+01
3.912466006760785930e+00,5.205753501808317196e+00
2.055274525636400007e+00,7.810288805409281387e+00
5.270365429075838382e-01,7.991132153516505632e+00
4.734555610848083518e+00,4.588603542821508618e+00
6.877558499596798214e+00,9.662085389119257073e+00
7.793148002795162732e-01,7.919963367574907487e+00
4.991527323867387622e+00,8.702903172541340382e+00
1.797482437974569969e+00,1.157014240852966580e+01
6.164623818190250404e+00,5.587994258647038137e+00
3.468069866419814407e+00,8.645127826650854885e+00
2.925686784514146765e+00,5.154217647263425128e+00
7.516893531318915578e+00,6.847383022308582312e+00
1.870554096490627760e+00,9.236743106749324639e+00
3.461043571792662199e+00,1.594191494080515525e+00
5.335777808698291658e+00,7.468977241671733935e+00
6.321969840536072027e+00,6.077207589944237931e+00
3.500362873394858187e+00,7.645045789309299344e+00
1.225199370034503410e+00,9.272337791949047059e+00
6.081074528447715011e+00,5.364564587682091990e+00
3.086829485554265062e+00,7.736342734654339637e+00
-6.666761825680893594e-01,6.881536097087881387e+00
1.672177683514305624e+00,9.879712561359283995e+00
3.044136537981620538e+00,5.693201044519589971e+00
1.133839503167780816e+00,8.078911104619290739e+00
3.367082366086361134e+00,8.338248495817625283e+00
8.134941644693480356e+00,6.198480949244674854e+00
6.074660753959981729e-01,7.395007173110400345e+00
3.725013345759726757e+00,6.394881592393114822e+00
1.910570524085266619e+00,5.818552559647885758e+00
1.494532267515154000e+00,3.396315406029527750e+00
2.125555589249248811e+00,7.151461691267759768e+00
3.771549749515695105e+00,9.806599381262360637e+00
4.680955292749979790e+00,4.754847157390231338e+00
3.262622494429494591e+00,6.008493350693004942e+00
5.139593809640832234e+00,5.985218525007797830e+00
4.227805181940675006e+00,6.998080815229245744e+00
6.721177247895496087e+00,4.847723694723971022e+00
7.386750234590958364e+00,3.490856563477100938e+00
3.671834376945425582e+00,7.848677837722593864e+00
4.678801860685555702e+00,4.919702468358694070e+00
9.808213264332212855e-01,1.162892595374543703e+01
1.171545360927032098e+00,1.096117918684459447e+01
4.792995623051763410e+00,4.565307037844790194e+00
1.941465100383736431e+00,8.361510108511142292e+00
5.648730969926594625e+00,6.249213598027030692e+00
2.786076972495915349e+00,7.994966270678731668e+00
5.857872875196661333e+00,4.137475068528114086e+00
-6.721683791382560003e-01,1.014587828961412797e+01
9.465881237652438163e-01,1.085452255981092762e+01
6.479928430980653076e+00,6.743969552452558247e+00
6.802131744752346609e-01,6.426691760782313523e+00
4.212899724477161989e+00,4.146361821791601621e+00
2.465549147632004612e+00,6.283121802884280349e+00
-8.799969148325614832e-01,1.210752240136991631e+01
3.219387841926679705e-02,8.200813309898304482e+00
5.129991931192359189e+00,7.792065482162599643e+00
3.135835326404561751e+00,8.489907039944935008e+00
2.911656726311688370e+00,7.619790004052875432e+00
5.993669463177213608e+00,9.472355740146207737e+00
5.127346882880641665e+00,6.437103869612017526e+00
4.008888757643846112e+00,5.852965901390676073e+00
3.145601659307515341e+00,6.970118482137895199e+00
-1.091106208333376237e+00,5.393486625516611177e+00
5.998742143441387675e+00,5.409556951364800526e+00
-9.015178028789438969e-02,7.270934311789975624e+00
1.853086605837029444e+00,1.198103325617008608e+01
-4.050542080366339448e-01,9.759696969906091368e+00
5.278435889802246983e+00,6.346666139610507962e+00
6.416635509747632860e+00,8.250790889806498996e+00
6.280115233599439684e+00,6.613306887923597444e+00
2.645898702102861044e+00,7.893548425503595922e+00
2.981560962574476115e+00,5.297679737270221345e+00
5.380693359612997995e+00,5.423618637216807592e+00
3.813221141672482606e+00,1.029058938356933695e+01
5.299589355948286062e+00,7.006299998322408129e+00
2.521374897742157284e+00,7.903485405676378583e+00
4.191287897935871420e+00,8.417572796598562945e+00
-1.568305187398046474e+00,9.495893257282720157e+00
7.896929395854725975e-01,1.174568584768547197e+01
6.106696377351370941e+00,8.608499060070061049e+00
3.573086653962429082e+00,1.002232450815683151e+01
1.767361157478261502e+00,8.035988092855326670e+00
2.066252339999792742e+00,9.297193531451535264e+00
4.160966055171404498e+00,9.923575949992477163e+00
2.677084080231545649e+00,8.559928431065239707e+00
4.817540276658876408e+00,4.078773929898523498e+00
5.760891283288742670e+00,1.194572633663110395e+00
6.634383387190061043e+00,1.080471291544400358e+01
1.972269089060827651e+00,9.988702305652060076e+00
6.524897699187167888e+00,5.984262209897011964e+00
1.949731041266143050e+00,1.020852889017415244e+01
5.295860323537382897e+00,6.041794455945062481e+00
4.898246930302212476e+00,1.231446196900304635e+01
4.639395126379423751e+00,6.588017160453755849e+00
4.693683478161371880e+00,6.288258179566645900e+00
-2.996946665252355757e-01,1.008978423356989396e+01
3.122260166119673386e+00,1.073481350932578415e+01
2.684599045298596387e+00,1.097556179262325315e+01
7.746787448880333216e+00,5.932408555696506269e+00
7.330694437388146412e+00,4.429773731930260361e+00
6.313072794448561176e+00,8.057828005430399898e+00
5.525786206625448393e+00,5.357554915681582486e+00
4.336921410554047895e+00,3.539096814947189085e+00
2.817870288153050851e+00,8.182211168398936252e+00
4.938606273120218049e+00,3.683623727606340825e+00
6.105810114707034941e+00,8.317096373983311253e+00
3.842554644833775512e+00,5.293769771716518413e+00
8.620666111584405211e-01,9.746258541256098695e+00
5.029830304075595393e+00,8.370010167928363387e+00
5.067954389704591556e+00,8.750939590521365830e+00
6.244248062309747382e+00,5.247828732330091839e+00
-6.403133509194778306e-01,9.453486609704279786e+00
9.979754441015671329e-01,5.141613570397455035e+00
5.107804575497605803e+00,8.183427892666577108e+00
7.482755447688091976e-01,8.516281940654847560e+00
2.078605618631358176e+00,1.056362966352048360e+01
-1.300835625793962613e+00,7.526281277647473900e+00
6.437085801005554941e+00,5.055758431126498031e+00
8.962019665363971654e+00,7.567367013223274874e+00
2.829829735811970615e+00,9.844185577042713575e+00
1.238422933525669345e+00,1.029121554347002743e+01
7.996063472462354049e+00,6.325731661029649011e+00
4.131155445782463076e+00,5.661753399075195148e+00
3.610622121542355067e+00,1.114165265646816394e+01
5.585190232641687125e+00,5.410779830898221121e+00
3.430814469881258155e+00,6.937604011491896649e+00
4.496987212521729838e+00,5.893032500470418711e+00
5.171499692188258557e+00,5.878044407395891291e+00
8.427568168709337115e+00,5.588436340791581358e+00
3.637638227056711138e+00,7.343985154304035312e+00
5.676584269999734644e+00,9.065546148512268587e+00
6.614687068976641271e-01,8.129869839344580740e+00
4.485823479046715079e+00,1.109542778501009863e+01
1.894882536384507876e+00,2.343232793890498211e+00
4.242537798303480656e+00,6.756106094646058047e+00
1.717698438509971837e+00,7.076308249776202430e+00
4.413075595325817169e+00,7.816429158773068764e+00
5.304279134821564767e+00,8.469465445449673169e+00
2.748179004497647515e+00,5.295541594372381589e+00
2.374739800848546967e+00,1.016827349487855159e+01
1.249152037849502683e+00,9.237057301492329842e+00
8.175381050797941640e+00,6.952184662445716867e+00
-2.085199399966959355e+00,9.683763279854524342e+00
-1.441489871711345572e-01,8.931865312579772009e+00
7.448528174205026886e+00,4.973880339328798250e+00
6.939043897259670857e+00,7.204766125876451710e+00
6.822085012916747182e+00,4.187618164486142547e+00
4.475569292167966395e+00,9.249337556373971481e+00
3.833561418689623856e+00,3.847036584123567859e+00
3.560045259350843150e+00,5.081770000712353408e+00
1.257507093963802669e+00,9.249034273758532265e+00
4.437603188545408806e+00,4.675326242668883303e+00
5.988664777937088068e+00,4.137605639306082494e+00
4.680135575888005661e+00,7.305151139996030274e+00
4.418735142286417172e+00,1.023139636350600057e+01
3.567393196911945452e+00,8.075553901912735810e+00
1.650549021996345678e+00,1.030655882746773955e+01
1.952611361825606906e+00,6.469274758605989106e+00
5.131162686328499589e+00,6.434853096572477504e+00
4.004524729890288626e+00,6.324568788995127200e+00
7.482548231285951701e+00,5.966327557560841655e+00
3.022456036558688552e+00,8.163381421598533194e+00
2.868684665734517747e+00,7.266901772619231537e+00
1.374759805601240448e+00,9.529864402740871654e+00
4.119287639608922191e+00,2.894855356347374897e+00
5.834102147984884468e+00,9.176255716197935897e+00
3.547889082192082100e+00,6.484861935583825954e+00
-8.457626012530283788e-02,1.062255022260541359e+01
4.497871799549209904e+00,5.547480982611930678e+00
6.743984519184721194e+00,7.423369147667269630e+00
-8.231817401806966750e-01,9.437760929350107020e+00
1.430797995219426078e-01,8.159314040637788423e+00
4.518420895722903730e+00,7.925685077343045393e+00
1.359839388907098101e+00,7.421408836144463450e+00
6.950604953235078654e+00,4.950436833264722836e+00
2.167067546520824894e+00,8.114559115777858267e+00
5.183153465136269844e+00,3.644034037286537409e+00
6.989116129970138758e+00,6.087721129160832412e+00
7.352581697840024688e+00,7.761879773977350183e+00
4.617452550329519845e+00,4.778904949370778255e+00
2.604385948602299106e+00,3.511337545241101310e+00
5.914607454949828202e+00,5.503204968844256584e+00
5.909334064294603728e+00,2.982451266359690489e+00
5.881206143853876078e+00,5.361537385609651096e+00
3.032198716273224903e+00,5.234771624407343893e+00
5.705370400037770295e-01,1.138103773449040013e+01
2.782528308379044635e+00,7.034867943309382810e+00
1.133310634845051901e+00,1.141858900324787918e+01
5.706770754372105792e+00,7.382204677922258540e+00
1.283924819220704006e+00,8.651134343864670839e+00
-5.341267024765308236e-01,7.883526314809544466e+00
4.969061855817145101e+00,2.655074664742474333e+00
3.271221258395755171e+00,6.262750421581821492e+00
1.634526320626333629e+00,6.285638700051353389e+00
5.304816221429303980e+00,4.934682785178350350e+00
4.523200490640657545e-01,8.334722713570519304e+00
5.821505928887545700e+00,6.551061798593893037e+00
2.746904612740152629e+00,8.935871540811042735e+00
8.224013095674866936e-01,9.057704887400275240e+00
9.097965031335998987e+00,5.674425774211663942e+00
5.160833222541223897e+00,7.154827274110047597e+00
5.393721733297051735e+00,5.511686690734129535e+00
2.051439287106428200e+00,6.604516442709852164e+00
3.670548897757087037e+00,8.674501450680640602e+00
5.768229285579522525e+00,7.466837218295718337e+00
4.009029541419797837e+00,7.064826848295685302e+00
6.439420323027222004e+00,6.078049435424220270e+00
3.997671935521615261e+00,7.659007980357813494e+00
3.179417514541741152e+00,7.948061761810136794e+00
2.440383816847367271e+00,8.882340022162065196e+00
2.728782937269767839e+00,8.377703492018556020e+00
2.312505456116840108e-01,6.235858586860499209e+00
2.617849702903122022e+00,5.072063697687942074e+00
5.976596817951358886e+00,4.911959361465815022e+00
6.262728724961585947e+00,3.822231401728064970e+00
4.030675450215037259e+00,1.008805198397723579e+01
3.937919492846482683e+00,1.064919168699387519e+01
2.670463541628866899e-01,1.071802800091621499e+01
7.299804591385047559e+00,7.618763682882592647e+00
-1.844864423155721411e+00,7.577054046730985704e+00
8.830647135234176659e+00,7.616671443895877580e+00
8.402861357112774154e-01,7.996973567562607244e+00
6.713139235814435501e+00,7.116716382603090807e+00
3.977666626997274246e+00,8.653483172601077911e+00
5.135594971906612294e+00,4.987323391734986622e+00
5.083978381550685377e+00,7.749255016955244102e+00
3.062784193408926381e+00,7.677648928484281043e+00
8.643514453139033993e-01,9.316320784466523008e+00
6.945161644935356371e+00,7.443681967707089342e+00
4.622357511481935077e+00,1.246891736461374300e+00
5.750614425699329679e+00,7.270663229849549936e+00
3.597855723688423435e+00,6.433112261930843623e+00
2.453953842231109572e+00,5.498845386759724008e+00
3.450359272276279476e+00,7.096634023061017871e+00
2.992696281791418667e+00,9.920063886459065117e+00
2.734476801544587055e+00,5.937185807652282321e+00
2.227397180609718585e+00,8.095462313980174685e+00
2.258961999336728255e+00,8.616412883038165660e+00
4.715447045774974200e+00,4.001737017190756696e+00
2.040338561261540118e+00,5.696605649708199159e+00
3.327202567419556445e+00,9.824995556837269106e+00
3.199579221795078254e+00,9.165976144328855213e+00
3.728235654794422871e+00,6.932525428241832266e+00
-6.390604455952653140e-01,7.266756076096185346e+00
3.881913367232270318e-02,9.719199826447026069e+00
2.544850277106752934e+00,9.494500876647061105e+00
-5.993423939940316636e-01,7.512027263502995211e+00
6.093722928954836249e+00,9.435929164467623309e+00
5.506144676921376657e+00,5.745038689367583551e+00
7.599805281408351654e+00,5.444300320730291354e+00
1.005124186665552255e+00,9.344359395383515121e+00
5.324643696337734156e-01,1.096622548721058266e+01
4.083280919390327668e+00,8.289502977449002330e+00
3.013967465424364445e+00,9.001090569230393967e+00
1.917229158357424801e+00,4.988069540171068184e+00
4.656581337897488737e+00,5.380409551920776856e+00
3.747539233964554573e+00,9.882319319650303413e+00
4.693229598753198673e+00,4.668993965895233522e+00
2.028693824128796397e+00,7.769794627810199472e+00
-2.130859032404019970e-01,9.246638025674723593e+00
5.579261949036891544e+00,9.530142853570618300e+00
3.848116103690578882e+00,9.495688616569694318e+00
2.783181630587874267e+00,1.098954612775230899e+01
7.198182031956797289e+00,1.009950451490868772e+01
3.911195232817668455e+00,9.062802823729100510e+00
5.088267817558598693e+00,9.347593437704990293e+00
3.513723256970712860e+00,8.075489717561822545e+00
5.334013721406607456e-01,6.071874979363824920e+00
5.172683059364680425e+00,9.203939707511789692e+00
2.374896067395395605e+00,9.144253838675165724e+00
-2.506097494060224307e+00,5.911032650555624102e+00
9.803357950380409136e-01,7.806117731193013221e+00
3.569389546275644864e+00,8.664390428475464034e+00
3.319158692148318934e+00,7.857781400206510725e+00
4.666229436977967993e+00,4.306192199175603363e+00
2.311483582115242186e+00,1.098455924288633234e+01
1.531926111520446998e+00,1.159628289741966256e+01
3.619662078272331218e+00,8.238535126315158053e+00
9.981049457687576343e-01,1.210207953238433376e+01
6.181515631339211225e+00,6.966858752133093802e+00
3.918873111611819393e+00,1.001029524708214424e+01
5.364628662309515406e+00,1.157996198513419550e+01
-5.748292395413474587e-01,1.154773514152120839e+01
5.313126658147337089e+00,6.232542047211988567e+00
6.966577272847231939e+00,4.038178047207271248e+00
3.546181500709267631e+00,3.712403237761872976e+00
4.807457105203626568e+00,6.222923794892751381e+00
5.996974436278805776e+00,4.094713810038321355e+00
7.609331820579064320e+00,5.604918206373906031e+00
4.107766280667580538e+00,4.492907158299690451e+00
2.017949110019672254e+00,8.891950305843321800e+00
5.362976802667327014e+00,6.566020103854134149e+00
6.857712038467314031e+00,6.974655372590147451e+00
2.881856367872158042e+00,3.227585781867011505e+00
3.363931292259090711e+00,5.876921375636088740e+00
4.177910920220304192e+00,6.425473568815974090e+00
3.835241020046446181e+00,9.798354577809675447e+00
5.585046784314966928e+00,5.267304848611646051e+00
4.823356040548794077e-01,1.105542383258009842e+01
7.847301247631419674e-01,6.852063716556800799e+00
6.131404714775274378e+00,7.854092681273633580e+00
5.536986690206446404e+00,1.051521050378276811e+01
6.348834371913969932e+00,5.441734936675939771e+00
2.900649504154547920e+00,7.956451375673677440e+00
7.142418581090621998e+00,6.050160031244190328e+00
3.448509840911213153e+00,1.099911053958308571e+00
6.030974955318430197e+00,6.213325090235536585e+00
4.302723491438598558e+00,5.355495503547415659e+00
7.310167088097890620e+00,6.886762187072502428e+00
4.686932696965707912e+00,4.780282362793130346e+00
7.551126408792827593e-01,6.053497455052461618e+00
-6.832495024308320453e-01,9.363189498104897979e+00
1.936207445490888635e+00,9.817545437888751891e+00
-2.525929940999485090e-01,9.888397151199367130e+00
2.170634153629759755e+00,6.853370927214198716e+00
3.630404609483627087e+00,9.617190969553288227e+00
4.647086531842349544e+00,8.931886430923190900e+00
7.273941591184772903e+00,1.017541067457324289e+01
-9.110567462605665412e-01,1.007938589853759659e+01
1.282635365893736612e+00,9.980407849386796926e+00
5.014281746957827579e+00,8.191091789002198809e+00
2.070790767280628941e+00,1.056475503156909035e+01
5.257373885516336998e+00,1.021598261837791632e+01
4.742898079072281448e+00,8.464261308514902993e+00
7.456661346149559222e+00,7.089184242995507645e+00
4.108520250388485451e+00,6.155952683518051138e+00
4.397514415777999730e+00,5.391820292981162943e+00
2.835887329900324438e+00,4.001564309694945365e+00
7.538113086855735112e+00,5.834478751568464183e+00
1.971719494825468377e+00,7.971924984595468722e+00
1.791291798067544239e+00,9.364788708486052826e+00
3.625335872584758867e+00,1.232065121318448320e+01
-1.002303095249576614e+00,6.305122659107728289e+00
3.865301429881370598e+00,6.234085336759227047e+00
2.985752660051932850e+00,5.887310155431566550e+00
1.152944076390585826e+00,8.936544409632780628e+00
7.681599279482707487e+00,8.160484861960387803e+00
5.772786399930008194e+00,7.441471134478046423e+00
8.221184712845572840e-01,6.084878417119425009e+00
7.599547780886468651e-01,6.947584731184325513e+00
-1.334234664911605250e+00,8.865637097922048682e+00
1.449873660260346142e+00,9.764515153323911179e+00
3.781070409976148738e+00,1.000384456446914783e+01
5.229608364901126905e+00,1.314045066975296727e+01
3.892014324845618489e+00,7.121371203378989989e+00
4.964179531528109202e+00,4.165245060332074090e+00
3.368522185747662157e+00,3.081544103268107015e+00
6.253536047157297162e+00,8.811636872415107291e+00
2.763185734620549283e+00,5.779308846081438134e+00
7.755333404860367708e+00,5.142173426002308645e+00
-4.454906930530522224e-01,8.007408503255504684e+00
6.236967466360002099e+00,6.728506839148714391e+00
1.966392341880665029e+00,9.293280512397913640e+00
3.465505100767375168e+00,6.198246290440573070e+00
1.713572821759016929e+00,8.397032337159918924e+00
5.586134554205425928e+00,6.225877073579944465e+00
3.673671903327030641e+00,9.492171839045306925e+00
2.372512095747616456e+00,7.810480827324847830e+00
4.538271369958470913e+00,9.418455343753606712e+00
3.866702783985417557e+00,5.363346729502597832e+00
-2.173950522976353383e-02,1.065746256860422037e+01
3.269815887284282852e+00,8.161047678402081118e+00
-3.277248697595767091e-01,8.799017128917155262e+00
4.390519137601383015e+00,6.986834302760957627e+00
3.581579519509973775e+00,1.070203152858182349e+01
1.601202504411544991e+00,7.368213939628270204e+00
3.663021980353803997e+00,7.135352024669963100e+00
3.445529415081951097e+00,7.501383713956884414e+00
5.942021001919955303e+00,7.731183748133029887e+00
-1.042215011419792337e+00,9.649563716679537606e+00
2.992652115969261395e+00,7.003335375932454809e+00
3.125981541259310603e+00,6.059721850807609833e+00
3.464702161524821022e+00,8.160300966126897038e+00
4.221925940922639509e-01,9.363588409171075710e+00
3.653028023217753439e+00,1.102537565101396133e+01
5.563606226206425642e-01,8.410130776207614289e+00
1.879596006566900623e+00,5.483516641351066312e+00
4.772036092548411546e+00,7.602231364629860266e+00
3.116079946249266541e+00,5.177753099076707777e+00
2.234786390755161722e+00,5.820229397238720459e+00
5.687808639056707527e+00,4.287925498247154188e+00
3.498928308254504849e+00,6.215825538212664370e+00
4.776115737956441620e+00,9.068612132487304578e+00
1.574415141508230143e+00,7.310997713047534319e+00
3.102062691806469097e+00,1.018928730105304226e+01
5.949091259314945646e+00,4.283197777109808868e+00
1.518739148565065200e+00,9.916303001952604390e+00
3.376876552614667126e+00,5.670595979945378673e+00
-2.500551195707994445e+00,6.948946846135435784e+00
4.686519570791131351e+00,6.958079644571751210e+00
6.792288698752328102e+00,8.180245296451523984e+00
5.316273502465997502e+00,5.030274092458252966e+00
-7.866816462992995973e-01,1.034280285711568759e+01
2.528177640062782672e+00,6.286355886689165118e+00
5.128566611534522757e+00,5.660231648061873955e+00
6.472848041136993746e-01,1.051971849232661071e+01
3.000085944184022857e+00,6.545592007358326470e+00
3.121359508419298212e+00,7.048201732494401739e+00
3.826763217805353889e+00,8.306698902404624718e+00
5.844529769914182715e+00,7.592915645204380226e+00
4.289576890355951022e+00,6.734375884752537900e+00
1.088969849828156367e+00,1.055594980549821393e+01
4.594536411545891319e+00,5.459173931632842702e+00
6.776095477402706457e+00,9.412160153704451915e+00
5.807095066755936230e+00,1.126859827197061037e+01
2.071517080028750346e+00,1.158624620454196119e+01
3.178520233999214462e+00,1.069479607361387608e+01
6.007637626353174554e+00,5.288060251824308722e+00
2.532400176270066972e+00,9.245037349798050030e+00
6.888917713353629679e+00,8.662531877630074817e+00
5.135334166038047599e+00,2.372507842569847814e+00
-8.105073089240972806e-01,7.989955209147384885e+00
6.993412991152062830e+00,7.277163799512494258e+00
4.042220747488731725e+00,1.114290145577475144e+01
-2.002184265531300689e+00,6.871202767675841372e+00
3.339707460538434258e+00,7.801298198153346242e+00
8.239289926173142931e+00,5.215287101458805807e+00
5.375317058127217607e+00,9.079189155345218865e+00
1.445290504353386130e+00,8.020854909656927489e+00
5.538718524474715466e+00,6.804763278390988823e+00
5.188461936946708875e-01,7.388702359277535159e+00
2.259398027949952592e+00,7.942618482520758860e+00
4.422949008322005326e+00,6.211582800489589218e+00
2.268383314305771670e+00,9.354684191960377149e+00
2.696527751055958433e+00,6.323727736344393335e+00
2.758039777706420281e+00,7.327959748446227550e+00
2.660860248475573897e+00,8.301103475293928113e+00
4.503559204228297475e+00,7.052829254439965112e+00
4.654029991091136687e+00,3.580746074764753928e+00
3.876610026714126356e+00,9.177001081581545705e+00
1.205187684101013623e+00,5.557524211854344642e+00
2.989049831909020849e+00,4.552824570225118883e+00
3.819023866553846513e+00,8.311549030441486963e+00
5.676441910812933145e+00,9.877882220274283753e+00
2.604074589511423898e+00,7.480774122892213995e+00
2.624048229569964974e+00,4.889126670152837306e+00
1.555711615673009085e+00,6.790514924445699485e+00
9.549639549131379024e-01,1.025310657398862269e+01
2.829139532454696848e+00,6.834920052705322213e+00
2.675915062336494898e+00,7.967499060951822365e+00
5.273286155378761997e+00,4.392209324463799192e+00
2.160973388428373276e+00,8.353028831905882967e+00
6.776096418218169326e+00,6.035715671520099690e+00
-1.239268681562720964e+00,8.691208300423042488e+00
4.841969457793806164e+00,2.714783108303225667e+00
2.849000591060700138e+00,7.429844457374313649e+00
5.838281539836876810e+00,4.471526359196631439e+00
9.765589264864360519e-01,4.895726067793861880e+00
6.433815980636621301e-01,9.381877592265793098e+00
3.256874629450819292e+00,1.057406299338841116e+01
7.250084026914075608e+00,2.667615971512609097e+00
4.521849181760432046e+00,6.462244110937746200e+00
6.927131603450168207e+00,9.289145876597622475e+00
4.208375841297105957e+00,1.081825641110815717e+01
3.280216370776344537e+00,3.798163703963664428e+00
9.098342681461859538e-01,1.027466742379718490e+01
2.436431591486837966e+00,7.639988934400511411e+00
-1.140656530031331162e+00,6.809730002950274752e+00
3.977804605354632095e+00,8.509112968358941487e+00
1.394401916288311671e+00,8.093123010366605641e+00
8.294142954921499111e+00,3.149527740794588304e+00
1.489187902491508009e+00,7.825998602755486644e+00
-5.176893780353646335e-01,8.852402117211562782e+00
1.297710067046052407e+00,1.208550774105019698e+01
3.183002819911061820e+00,1.384174310943368447e+01
2.879390460780069994e+00,5.133999031232478139e+00
3.785201959114952608e+00,4.914203003009531834e+00
3.298930374726579462e+00,1.071534632677592569e+01
1.173879462441221211e+00,9.166537486439873206e+00
3.549378021923487836e+00,5.616073717793760522e+00
3.188532539450696479e+00,7.550448092870119865e+00
8.640058669173964478e-01,1.097505817950074913e+01
1.013490811055808960e+00,1.142965956856361487e+01
6.908720813105269087e+00,8.021427323604685355e+00
4.836013878072014549e+00,7.826660995595697834e+00
4.184830436626890027e+00,6.437197954314824777e+00
5.351088026643910922e+00,6.360783675117328784e+00
1.657543756270657642e+00,5.408483952442469267e+00
4.756721234489809547e+00,3.272462905366009256e+00
5.165298874235283222e+00,7.713183220472433099e+00
1.282698130822978122e+00,9.315320162634941781e+00
2.067479462287755254e+00,6.608030376329483424e+00
2.087834431012313363e+00,1.043918795995569049e+01
4.175165179423249384e+00,9.972267699724465473e+00
3.536421193935233021e+00,3.652109054050455050e+00
2.821010524957087373e+00,7.132457914924220432e+00
3.912004867911891282e+00,8.267311900714549466e+00
7.370035799561751588e+00,7.025462964462302118e+00
-8.205918392170907794e-02,1.061748287089917930e+01
1.359424503215501678e+00,9.028210382306827597e+00
4.885090303435809744e+00,7.999605307955451217e+00
4.982884459304749214e+00,7.473087840898035239e+00
3.393358280401557181e+00,6.626966310742778532e+00
4.949062985957194627e+00,7.039589680796208171e+00
6.783484828807141653e+00,8.265602007074479118e+00
-1.384622367401906473e+00,1.014353185182368833e+01
-1.133813785755656500e+00,9.857359610654913951e+00
-3.378297539767785018e-01,1.150516710873527515e+01
6.001071219355386788e+00,4.522134147658421810e+00
3.007069068996537808e+00,7.773038994519255951e+00
6.840949336154041660e+00,7.996088627675102423e+00
6.473035944156373844e+00,5.970493841870383456e+00
8.017984132274815323e+00,3.263063884384528546e+00
4.303561385071237311e+00,9.726331844122633186e+00
2.970540906381790691e+00,1.251864906779710651e+01
4.658402955407101587e+00,4.567446535195282209e+00
7.421568714805719669e-01,1.003743777410002558e+01
3.358183233085614283e+00,1.026823299451633709e+01
3.111239992280401268e+00,5.714884507890968024e+00
6.479272991404956272e+00,6.351046288354649683e+00
6.408873216467944722e+00,5.682748898222103939e+00
2.646242042892903434e+00,9.804460300048344124e+00
3.511338563809649038e+00,5.429521149549927372e+00
8.466440621171006597e+00,6.651925126176909231e+00
1.206466173134897124e+00,8.189662144983843817e+00
6.588192146125795290e+00,5.579357179027121916e+00
6.812207925662515429e+00,3.446564170201928068e+00
3.425830138923309676e+00,5.751819879586069106e+00
5.292015338938042213e+00,6.307974733275299783e+00
2.437091476657399447e+00,4.576671288156109796e+00
8.390636845825838463e-02,6.700544591172118203e+00
-1.583629054038724338e+00,8.663792437318202033e+00
5.955361634038950136e+00,6.412209909498384874e+00
2.810957853805502005e+00,9.045414639573065685e+00
4.871814347478654383e+00,4.861618937177627942e+00
3.333745500966273756e+00,6.883900470414648254e+00
5.549503825172710236e+00,8.599588437502227123e+00
7.771080579037612068e+00,4.682711532215242833e+00
-1.945281553309450295e-01,6.875213155173499402e+00
1.795084808365666307e+00,9.716793454668090746e+00
4.533312034019011172e+00,6.113952909736576125e+00
2.448457088296814632e+00,5.865229820832163377e+00
4.890593306003324869e+00,7.755547724071136351e+00
1.784387106364627051e+00,7.815734839386910160e+00
1.878585559542123029e+00,6.977789492015872952e+00
2.592603272825793947e+00,9.957000280852527752e+00
5.434239131928835231e-01,7.191551085879992478e+00
7.036797728628576110e+00,3.167249174290527769e+00
6.663179034346006446e+00,6.442077361909762878e+00
5.485472731690261838e+00,7.222964246806219180e+00
1.745274119886568664e+00,1.143088429691878360e+01
6.406548816041183869e+00,6.162863685435695515e+00
8.048197260088800320e+00,6.884354410768660060e+00
8.227721031430748511e+00,6.678916456141164915e+00
