Localidades;Períodos;Óbitos Gerais (por local de residência) ;Taxa de Mortalidade Geral (por local de residência) (Por mil habitantes);Óbitos da População de 15 a 34 Anos ;Taxa de Mortalidade da População de 15 a 34 Anos (Por cem mil habitantes nessa faixa etária);Óbitos da População de 60 Anos e Mais ;Taxa de Mortalidade da População de 60 Anos e Mais (Por cem mil habitantes nessa faixa etária);Cód. IBGE
Adamantina;2019;345;10.18;9;94.97;279;3857.85;3500105
Adolfo;2019;29;8.39;2;202.84;25;3401.36;3500204
Aguaí;2019;270;7.66;12;104.28;193;3812.72;3500303
Águas da Prata;2019;72;9.26;3;132.8;58;3438.06;3500402
Águas de Lindóia;2019;174;9.52;3;57.31;147;4598.06;3500501
Águas de Santa Bárbara;2019;53;8.98;1;57.18;42;3914.26;3500550
Águas de São Pedro;2019;47;15.25;;;43;5650.46;3500600
Agudos;2019;271;7.53;15;131.66;202;3782.77;3500709
Alambari;2019;42;7.38;3;148.59;33;4130.16;3500758
Alfredo Marcondes;2019;34;8.66;1;88.5;25;2802.69;3500808
Altair;2019;29;7.22;2;156.49;24;4469.27;3500907
Altinópolis;2019;103;6.62;1;21.32;81;2789.26;3501004
Alto Alegre;2019;40;9.93;1;89.53;29;3052.63;3501103
Alumínio;2019;106;5.94;10;174.22;66;3072.63;3501152
Álvares Florence;2019;29;7.95;1;108.58;22;2265.71;3501202
Álvares Machado;2019;186;7.83;6;80.99;139;3354.25;3501301
Álvaro de Carvalho;2019;27;5.4;;;19;3339.19;3501400
Alvinlândia;2019;16;5.06;;;12;2439.02;3501509
Americana;2019;1492;6.45;46;66.62;1130;2925.57;3501608
Américo Brasiliense;2019;183;4.61;13;96.94;123;2889.36;3501707
Américo de Campos;2019;66;11.51;2;120.85;56;4549.15;3501806
Amparo;2019;559;8.07;20;96.81;423;3428.99;3501905
Analândia;2019;28;5.84;1;64.14;20;2541.3;3502002
Andradina;2019;522;9.32;13;80.95;411;3914.29;3502101
Angatuba;2019;155;6.39;7;89.38;116;3185.94;3502200
Anhembi;2019;50;7.61;1;45.35;35;3727.37;3502309
Anhumas;2019;30;7.61;1;78.43;27;4084.72;3502408
Aparecida;2019;315;8.84;11;102.49;223;3828.98;3502507
Aparecida d'Oeste;2019;62;14.9;1;87.8;54;5487.8;3502606
Apiaí;2019;186;7.54;6;73.86;137;3821.48;3502705
Aramina;2019;50;9.15;4;237.81;33;3473.68;3503000
Arandu;2019;53;8.61;1;50.03;33;3303.3;3503109
Arapeí;2019;19;7.69;1;130.55;14;3325.42;3503158
Araraquara;2019;1761;7.79;68;99.51;1380;3548.93;3503208
Araras;2019;940;7.24;31;76.22;711;3424.36;3503307
Araçariguama;2019;105;5.1;7;97.05;62;2983.64;3502754
Araçatuba;2019;1609;8.48;62;114.66;1191;3488.27;3502804
Araçoiaba da Serra;2019;257;8.06;7;68.08;192;3900.85;3502903
ArcoÍris;2019;15;8.22;1;196.85;9;2244.39;3503356
Arealva;2019;86;10.54;2;83.13;74;4265.13;3503406
Areias;2019;36;9.41;;;31;5709.02;3503505
Areiópolis;2019;85;7.85;9;246.17;53;4229.85;3503604
Ariranha;2019;75;8.11;3;102.46;57;3974.9;3503703
Artur Nogueira;2019;317;6.11;21;119.29;222;3422.76;3503802
Arujá;2019;508;5.76;29;97.22;344;3366.28;3503901
Aspásia;2019;12;6.78;;;7;1785.71;3503950
Assis;2019;794;7.88;17;55.32;626;3552.38;3504008
Atibaia;2019;1123;8.12;48;112.27;877;4133.28;3504107
Auriflama;2019;120;8.3;3;70.21;99;3596.08;3504206
Avaí;2019;47;8.94;1;56.95;34;4121.21;3504305
Avanhandava;2019;87;7.23;7;155.87;59;3970.39;3504404
Avaré;2019;708;8.13;31;113.95;520;3724.39;3504503
Bady Bassitt;2019;113;6.98;8;158.38;78;3168.16;3504602
Balbinos;2019;20;5.4;1;46.66;13;4362.42;3504701
Bálsamo;2019;83;9.77;3;127.06;70;4181.6;3504800
Bananal;2019;69;6.51;1;31.57;56;3033.59;3504909
Barão de Antonina;2019;27;8.05;1;93.63;20;3246.75;3505005
Barbosa;2019;59;8.18;1;41.93;42;3853.21;3505104
Bariri;2019;287;8.5;7;66.18;219;3711.24;3505203
Barra Bonita;2019;293;8.39;9;92.47;215;3358.85;3505302
Barra do Chapéu;2019;31;5.64;1;54.79;18;2310.65;3505351
Barra do Turvo;2019;52;6.77;6;241.06;38;3030.3;3505401
Barretos;2019;1019;8.67;35;97.85;782;3975.6;3505500
Barrinha;2019;178;5.57;14;127.62;110;3463.48;3505609
Barueri;2019;2000;7.63;115;139.66;1287;4610.59;3505708
Bastos;2019;157;7.74;5;83.35;118;3441.24;3505807
Batatais;2019;458;7.65;12;64.71;360;3451.91;3505906
Bauru;2019;2788;7.69;118;107.65;2085;3454.96;3506003
Bebedouro;2019;604;8.13;32;145.38;449;3348.25;3506102
Bento de Abreu;2019;20;6.85;;;13;2961.28;3506201
Bernardino de Campos;2019;90;8.35;5;157.18;76;3578.15;3506300
Bertioga;2019;325;5.27;29;137.09;214;3555.41;3506359
Bilac;2019;66;8.52;5;210.26;53;3585.93;3506409
Birigui;2019;850;7.08;30;81.94;635;3303.33;3506508
Biritiba Mirim;2019;187;5.85;5;46.07;145;3402.16;3506607
Boa Esperança do Sul;2019;117;8.08;5;105.55;74;3767.82;3506706
Bocaina;2019;93;7.74;5;128.8;70;3966.01;3506805
Bofete;2019;66;6.04;1;27.81;49;2585.75;3506904
Boituva;2019;344;6.09;16;85.18;238;3339.41;3507001
Bom Jesus dos Perdões;2019;142;5.96;3;36.79;101;3454.17;3507100
Bom Sucesso de Itararé;2019;25;6.53;;;17;4358.97;3507159
Borá;2019;9;11.1;;;8;6504.07;3507209
Boracéia;2019;32;6.79;;;22;3068.34;3507308
Borborema;2019;145;9.51;8;173.35;117;4304.64;3507407
Borebi;2019;14;5.49;1;114.16;12;3488.37;3507456
Botucatu;2019;1059;7.57;34;78.18;818;3594.66;3507506
Bragança Paulista;2019;1254;7.72;46;89.59;936;3734.74;3507605
Braúna;2019;37;6.73;;;30;3006.01;3507704
Brejo Alegre;2019;26;9.46;2;227.79;17;3820.22;3507753
Brodowski;2019;179;7.56;3;37.74;137;3821.48;3507803
Brotas;2019;160;6.77;5;66.16;121;3342.54;3507902
Buri;2019;136;6.96;2;31.37;95;3830.65;3508009
Buritama;2019;155;9.4;6;121.24;122;4267.23;3508108
Buritizal;2019;27;6.31;2;160.38;22;2756.89;3508207
Cabrália Paulista;2019;25;5.8;;;17;2522.26;3508306
Cabreúva;2019;269;5.53;13;76.5;183;3588.94;3508405
Cachoeira Paulista;2019;247;7.71;15;152.44;173;3324.37;3508603
Caconde;2019;145;7.7;3;50.38;113;3347.16;3508702
Cafelândia;2019;158;9.2;7;136.29;117;3855.02;3508801
Caiabu;2019;37;9.02;2;161.94;29;3841.06;3508900
Caieiras;2019;540;5.44;26;77.98;368;3224.96;3509007
Caiuá;2019;39;7.04;2;107.99;27;2854.12;3509106
Cajamar;2019;382;5.01;39;147.92;228;3139.2;3509205
Cajati;2019;192;6.64;12;126.88;130;3434.61;3509254
Cajobi;2019;79;7.84;5;158.38;53;2979.2;3509304
Cajuru;2019;177;6.96;12;144.88;132;3491.14;3509403
Campina do Monte Alegre;2019;44;7.6;2;107.53;35;3910.61;3509452
Campinas;2019;7472;6.4;323;90.63;5598;3011.41;3509502
Campo Limpo Paulista;2019;491;5.99;26;97.74;329;3045.45;3509601
Campos do Jordão;2019;384;7.7;22;138.67;255;4141.63;3509700
Campos Novos Paulista;2019;39;8.14;;;28;3461.06;3509809
Cananéia;2019;104;8.44;2;51.67;78;3927.49;3509908
Canas;2019;28;5.6;4;235.16;21;3559.32;3509957
Cândido Mota;2019;246;8.2;7;77.75;188;3501.58;3510005
Cândido Rodrigues;2019;29;10.85;1;133.33;22;3678.93;3510104
Canitar;2019;29;5.89;2;114.16;17;3148.15;3510153
Capão Bonito;2019;346;7.46;15;100.89;237;3523.12;3510203
Capela do Alto;2019;129;6.38;7;98.41;95;3746.06;3510302
Capivari;2019;325;6.06;15;85.78;240;3367.48;3510401
Caraguatatuba;2019;929;8.1;52;138.9;663;4126.73;3510500
Carapicuíba;2019;1966;5.01;117;96.64;1244;2560.62;3510609
Cardoso;2019;136;11.59;3;89.18;112;4562.12;3510708
Casa Branca;2019;272;9.27;12;126.8;205;4159.9;3510807
Cássia dos Coqueiros;2019;23;9.18;1;131.75;20;4089.98;3510906
Castilho;2019;104;5.08;3;45.31;72;2277.76;3511003
Catanduva;2019;1041;8.91;26;77;827;3865.39;3511102
Catiguá;2019;52;6.94;1;44.54;35;2961.08;3511201
Caçapava;2019;641;7.07;30;109.04;474;3449.78;3508504
Cedral;2019;82;9.37;5;191.06;56;3329.37;3511300
Cerqueira César;2019;179;9.4;15;239.77;119;4017.56;3511409
Cerquilho;2019;283;6.18;14;94.83;214;3163.81;3511508
Cesário Lange;2019;140;8.19;5;90.33;106;4416.67;3511607
Charqueada;2019;126;7.52;9;160.2;89;3839.52;3511706
Chavantes;2019;112;9.17;2;55.4;80;3910.07;3557204
Clementina;2019;60;7.31;2;71.53;46;4479.07;3511904
Colina;2019;160;9.1;4;73.48;124;4229.2;3512001
Colômbia;2019;55;9.1;1;52.71;42;4756.51;3512100
Conchal;2019;208;7.68;17;187.14;142;4020.39;3512209
Conchas;2019;126;7.39;4;78.45;91;3070.18;3512308
Cordeirópolis;2019;132;5.49;3;38.41;97;2863.05;3512407
Coroados;2019;54;9.21;2;107.24;42;4416.4;3512506
Coronel Macedo;2019;29;5.97;2;133.33;21;2419.35;3512605
Corumbataí;2019;40;10.12;5;394.32;24;3680.98;3512704
Cosmópolis;2019;345;4.93;15;63.79;233;2776.78;3512803
Cosmorama;2019;66;9.41;5;264.69;53;3231.71;3512902
Cotia;2019;1469;6.05;91;113.41;987;3675.02;3513009
Cravinhos;2019;217;6.35;7;63.22;161;3207.81;3513108
Cristais Paulista;2019;47;5.63;;;32;2507.84;3513207
Cruzália;2019;16;7.51;;;13;3140.1;3513306
Cruzeiro;2019;693;8.7;45;189.35;479;3670.78;3513405
Cubatão;2019;778;6.07;53;128.63;496;3321.73;3513504
Cunha;2019;183;8.44;2;29.65;140;3703.7;3513603
Descalvado;2019;261;8.08;5;51.07;204;3597.88;3513702
Diadema;2019;2203;5.47;119;90.9;1398;3062.03;3513801
Dirce Reis;2019;15;8.75;;;12;3208.56;3513850
Divinolândia;2019;101;9.26;5;161.92;78;3540.63;3513900
Dobrada;2019;46;5.22;;;38;3792.42;3514007
Dois Córregos;2019;222;8.3;11;134.72;162;3995.07;3514106
Dolcinópolis;2019;22;10.75;;;20;4366.81;3514205
Dourado;2019;82;9.65;2;81.27;68;4038;3514304
Dracena;2019;418;9.32;11;83.98;333;3734.44;3514403
Duartina;2019;135;11.25;2;58.34;111;4558.52;3514502
Dumont;2019;53;5.61;3;90.53;33;2600.47;3514601
Echaporã;2019;66;10.6;;;52;4463.52;3514700
Eldorado;2019;107;7.06;7;136.37;74;3433.87;3514809
Elias Fausto;2019;97;5.64;3;51.87;64;2824.36;3514908
Elisiário;2019;29;8.37;1;91.24;22;3826.09;3514924
Embaúba;2019;27;11.21;;;20;4454.34;3514957
Embu das Artes;2019;1419;5.3;113;129.85;856;3050.06;3515004
EmbuGuaçu;2019;514;7.61;24;107.24;345;3963.24;3515103
Emilianópolis;2019;25;8.16;;;23;3764.32;3515129
Engenheiro Coelho;2019;80;3.98;8;107.63;49;2732.85;3515152
Espírito Santo do Pinhal;2019;349;8.21;8;63.29;270;3552.16;3515186
Espírito Santo do Turvo;2019;35;7.38;2;123;20;3322.26;3515194
Estiva Gerbi;2019;85;7.74;1;27.82;58;3778.5;3557303
Estrela d'Oeste;2019;76;9.37;1;44.9;60;3669.72;3515202
Estrela do Norte;2019;14;5.26;;;9;2250;3515301
Euclides da Cunha Paulista;2019;58;6.09;1;32.37;43;3086.86;3515350
Fartura;2019;133;8.52;7;149;97;3415.49;3515400
Fernando Prestes;2019;65;11.67;2;129.12;55;4579.52;3515608
Fernandópolis;2019;603;9.14;14;74.95;492;3692.31;3515509
Fernão;2019;11;6.71;1;198.02;9;2912.62;3515657
Ferraz de Vasconcelos;2019;998;5.24;79;119.43;619;3110.24;3515707
Flora Rica;2019;18;11.24;;;18;4904.63;3515806
Floreal;2019;20;6.97;;;20;2645.5;3515905
Flórida Paulista;2019;79;6.48;1;23.99;62;3084.58;3516002
Florínea;2019;20;7.37;1;129.37;15;2742.23;3516101
Franca;2019;2442;7.18;77;72.34;1837;3563.25;3516200
Francisco Morato;2019;927;5.38;74;122.98;544;3089.33;3516309
Franco da Rocha;2019;886;5.9;52;96.71;570;3503.81;3516408
Gabriel Monteiro;2019;28;10.42;1;143.06;23;3872.05;3516507
Gália;2019;62;9.4;3;159.4;45;3221.19;3516606
Garça;2019;398;9.36;10;79.67;291;3702.29;3516705
Gastão Vidigal;2019;28;5.94;1;65.15;25;3486.75;3516804
Gavião Peixoto;2019;35;7.62;1;66.05;30;4975.12;3516853
General Salgado;2019;84;7.88;2;65.53;72;3438.4;3516903
Getulina;2019;84;7.75;2;51.71;68;3865.83;3517000
Glicério;2019;46;9.72;3;214.59;32;3755.87;3517109
Guaimbê;2019;33;5.98;3;173.91;24;2643.17;3517307
Guaíra;2019;321;8.25;14;120.31;245;3891.36;3517406
Guaiçara;2019;97;8.21;3;77.34;65;3901.56;3517208
Guapiara;2019;147;8.28;5;88.07;108;3992.61;3517604
Guapiaçu;2019;141;6.85;13;199.75;101;3121.14;3517505
Guará;2019;140;6.76;5;75.87;104;3543.44;3517703
Guaraci;2019;67;6.16;3;85.4;55;3397.16;3517901
Guarani d'Oeste;2019;22;11.42;;;18;4488.78;3518008
Guarantã;2019;36;5.57;3;142.79;27;2667.98;3518107
Guararapes;2019;278;8.7;12;129.86;209;3699.12;3518206
Guararema;2019;213;7.33;6;62.68;165;4091.25;3518305
Guaratinguetá;2019;992;8.42;41;117.38;755;3840.48;3518404
Guaraçaí;2019;78;9.27;1;43.54;67;3839.54;3517802
Guareí;2019;105;6.72;8;125.75;76;4006.33;3518503
Guariba;2019;240;6.2;14;109.22;162;3477.89;3518602
Guarujá;2019;2038;6.5;125;124.72;1320;3334.43;3518701
Guarulhos;2019;8033;6;491;110.84;5311;3423.23;3518800
Guatapará;2019;58;7.85;4;167.5;40;3439.38;3518859
Guzolândia;2019;37;7.29;;;32;3716.61;3518909
Herculândia;2019;66;7.17;1;34.92;47;3248.1;3519006
Holambra;2019;68;4.79;4;87.43;48;2707.28;3519055
Hortolândia;2019;1127;4.98;65;80.42;736;2984.35;3519071
Iacanga;2019;86;7.69;9;253.09;67;3776.78;3519105
Iacri;2019;58;9.22;3;169.01;47;3833.61;3519204
Iaras;2019;49;7.16;2;80.81;34;4038;3519253
Ibaté;2019;201;5.85;15;127.98;130;3298.66;3519303
Ibirá;2019;89;7.45;2;54.42;68;3151.07;3519402
Ibirarema;2019;61;8.21;1;40.7;46;4092.53;3519501
Ibitinga;2019;470;8.1;17;93.47;341;3812.19;3519600
Ibiúna;2019;555;7.31;32;128.98;388;3656.93;3519709
Icém;2019;57;7.15;1;39.73;41;3612.33;3519808
Iepê;2019;76;9.63;2;85.4;57;3994.39;3519907
Igarapava;2019;225;7.67;8;89.59;160;3352.19;3520103
Igaratá;2019;83;8.96;5;173.73;58;3905.72;3520202
Igaraçu do Tietê;2019;174;7.23;5;66.63;139;4249.46;3520004
Iguape;2019;251;8.54;13;144.78;194;3659;3520301
Ilha Comprida;2019;117;11.51;2;66.67;93;4307.55;3520426
Ilha Solteira;2019;210;8.17;6;81.51;160;3158.31;3520442
Ilhabela;2019;183;5.55;8;73.27;132;3701.63;3520400
Indaiatuba;2019;1326;5.54;49;62.77;969;2993.14;3520509
Indiana;2019;43;9;3;211.71;36;4142.69;3520608
Indiaporã;2019;38;9.85;;;33;3638.37;3520707
Inúbia Paulista;2019;28;7.24;2;167.22;20;2985.07;3520806
Ipaussu;2019;129;8.95;5;108.91;87;3956.34;3520905
Iperó;2019;183;5.42;14;109.6;119;3128.29;3521002
Ipeúna;2019;48;6.48;4;151.29;33;3642.38;3521101
Ipiguá;2019;37;7.17;3;184.39;26;2829.16;3521150
Iporanga;2019;26;5.92;2;135.5;16;2515.72;3521200
Ipuã;2019;113;7.2;4;76.18;67;3428.86;3521309
Iracemápolis;2019;160;6.86;2;26.34;120;3822.87;3521408
Irapuã;2019;61;7.93;1;41;42;3248.26;3521507
Irapuru;2019;77;10.44;2;71.99;64;4475.52;3521606
Itaberá;2019;124;7.03;1;18.17;89;3094.58;3521705
Itaí;2019;186;7.08;10;116.32;124;3613.05;3521804
Itajobi;2019;142;9.72;11;268.49;112;3593.2;3521903
Itaju;2019;31;8.58;1;79.68;29;4785.48;3522000
Itanhaém;2019;971;9.95;56;182.75;664;3982.96;3522109
Itaoca;2019;29;9.1;;;21;3608.25;3522158
Itapecerica da Serra;2019;1025;6.1;73;129.01;642;3707.34;3522208
Itapetininga;2019;1065;6.72;44;82.14;744;3345.32;3522307
Itapeva;2019;675;7.4;27;89.9;481;4025.78;3522406
Itapevi;2019;1222;5.23;99;120.56;705;3236.17;3522505
Itapira;2019;625;8.77;19;87.97;480;3737.74;3522604
Itapirapuã Paulista;2019;33;7.96;1;68.49;23;4259.26;3522653
Itápolis;2019;402;9.71;16;128.51;308;4179.1;3522703
Itaporanga;2019;126;8.59;2;46.01;97;3707.95;3522802
Itapuí;2019;13;0.95;;;7;350.88;3522901
Itapura;2019;39;8.02;1;61.84;33;4280.16;3523008
Itaquaquecetuba;2019;1859;5.09;136;105.58;1092;3098.4;3523107
Itararé;2019;385;7.87;6;37.64;284;3910.77;3523206
Itariri;2019;90;5.27;4;66.27;60;2567.39;3523305
Itatiba;2019;725;6.23;38;100.95;522;3141.74;3523404
Itatinga;2019;126;6.21;3;43.78;98;4189.82;3523503
Itirapina;2019;127;7.47;7;100.29;93;4597.13;3523602
Itirapuã;2019;42;6.73;1;48.17;30;3115.26;3523701
Itobi;2019;58;7.63;1;41.15;50;3961.97;3523800
Itu;2019;1144;6.8;58;109.98;828;3552.58;3523909
Itupeva;2019;266;4.61;17;87.16;168;2751.84;3524006
Ituverava;2019;339;8.45;10;83.44;268;3743.54;3524105
Jaborandi;2019;58;8.7;2;97.28;46;4197.08;3524204
Jaboticabal;2019;637;8.61;18;80.72;461;3557.1;3524303
Jacareí;2019;1545;6.83;72;106.65;1118;3281.09;3524402
Jaci;2019;53;7.75;7;307.69;29;3218.65;3524501
Jacupiranga;2019;103;5.99;5;90.65;71;2747.68;3524600
Jaguariúna;2019;288;5.34;10;57.05;217;3086.77;3524709
Jales;2019;413;8.74;8;61.62;318;3309.74;3524808
Jambeiro;2019;40;6.52;;;28;3083.7;3524907
Jandira;2019;473;3.88;30;72.45;294;2336.67;3525003
Jardinópolis;2019;274;6.46;12;84.66;193;3151.53;3525102
Jarinu;2019;234;8.01;10;101.48;167;4359.18;3525201
Jaú;2019;1044;7.15;32;70.35;817;3541.7;3525300
Jeriquara;2019;23;7.32;2;193.42;15;3448.28;3525409
Joanópolis;2019;113;8.98;3;77.28;85;3789.57;3525508
João Ramalho;2019;22;5.04;1;69.35;15;2650.18;3525607
José Bonifácio;2019;293;8.22;14;122.37;229;4053.81;3525706
Júlio Mesquita;2019;48;10.4;3;196.98;40;5333.33;3525805
Jumirim;2019;18;5.52;;;13;2876.11;3525854
Jundiaí;2019;3012;7.46;101;85.86;2311;3430.56;3525904
Junqueirópolis;2019;161;8.08;2;30.99;120;3304.87;3526001
Juquiá;2019;166;8.81;13;214.81;117;3811.07;3526100
Juquitiba;2019;240;7.94;17;171.44;158;3958.91;3526209
Lagoinha;2019;47;9.75;;;41;4226.8;3526308
Laranjal Paulista;2019;218;7.9;7;81.07;167;3586.77;3526407
Lavínia;2019;55;6.45;1;23.73;43;4244.82;3526506
Lavrinhas;2019;41;5.77;3;128.42;24;2784.22;3526605
Leme;2019;710;7.1;20;60.97;533;3862.6;3526704
Lençóis Paulista;2019;447;6.79;23;109.81;322;3402.37;3526803
Limeira;2019;2152;7.31;88;97.36;1580;3394.42;3526902
Lindóia;2019;53;6.94;1;41.31;39;3147.7;3527009
Lins;2019;666;8.91;28;124.48;499;3807.71;3527108
Lorena;2019;680;7.89;38;144.71;510;3666.43;3527207
Lourdes;2019;28;12.85;;;21;4827.59;3527256
Louveira;2019;202;4.28;11;67.41;141;3084.66;3527306
Lucélia;2019;168;8.03;7;110.51;119;3237.21;3527405
Lucianópolis;2019;11;4.87;;;8;1789.71;3527504
Luís Antônio;2019;67;4.82;3;58.96;47;3250.35;3527603
Luiziânia;2019;46;8.1;6;314.96;31;3734.94;3527702
Lupércio;2019;37;8.38;1;73.21;27;3708.79;3527801
Lutécia;2019;25;9.51;;;21;4329.9;3527900
Macatuba;2019;130;7.71;4;76.41;97;3920.78;3528007
Macaubal;2019;69;8.91;1;47.24;64;3782.51;3528106
Macedônia;2019;37;10.33;1;101.73;28;3422.98;3528205
Magda;2019;37;11.94;1;124.69;28;3971.63;3528304
Mairinque;2019;289;6.28;9;62.53;208;3268.38;3528403
Mairiporã;2019;551;5.69;27;81.88;385;3061.87;3528502
Manduri;2019;88;9.29;6;206.97;58;3609.21;3528601
Marabá Paulista;2019;28;5.69;1;48.12;20;2998.5;3528700
Maracaí;2019;116;8.59;7;172.63;79;3481.71;3528809
Marapoama;2019;22;7.64;1;112.99;16;2979.52;3528858
Mariápolis;2019;37;9.32;1;83.13;29;4033.38;3528908
Marília;2019;1716;7.46;69;98.8;1310;3316.37;3529005
Marinópolis;2019;26;12.39;2;325.73;19;4896.91;3529104
Martinópolis;2019;184;7.21;11;130.41;132;3126.48;3529203
Matão;2019;621;7.79;28;116.21;449;3477.65;3529302
Mauá;2019;2330;5.11;161;104.97;1543;2806.73;3529401
Mendonça;2019;49;9.79;2;123.76;37;4079.38;3529500
Meridiano;2019;41;10.93;1;95.6;36;4761.9;3529609
Mesópolis;2019;23;12.16;1;185.87;18;5000;3529658
Miguelópolis;2019;177;8.3;10;151.1;127;4064;3529708
Mineiros do Tietê;2019;103;8.21;1;25.57;75;3782.15;3529807
Mira Estrela;2019;26;8.88;;;22;3363.91;3530003
Miracatu;2019;127;6.37;8;126.94;87;3019.78;3529906
Mirandópolis;2019;258;9.04;9;99.58;199;3974.44;3530102
Mirante do Paranapanema;2019;125;7.06;6;110.64;97;2963.64;3530201
Mirassol;2019;437;7.61;13;76.2;346;3537.47;3530300
Mirassolândia;2019;26;5.58;;;22;2653.8;3530409
Mococa;2019;557;8.35;12;60.45;437;3595.52;3530508
Mogi das Cruzes;2019;2858;6.67;141;101.92;1981;3404.6;3530607
Mogi Guaçu;2019;1151;7.82;58;127.66;838;3636.21;3530706
Mogi Mirim;2019;767;8.51;37;139.91;544;3479.15;3530805
Mombuca;2019;20;6.01;;;14;3036.88;3530904
Mongaguá;2019;520;9.67;14;79.15;369;4100.91;3531100
Monte Alegre do Sul;2019;66;8.58;2;86.62;54;3744.8;3531209
Monte Alto;2019;400;8.29;8;57.16;319;3544.44;3531308
Monte Aprazível;2019;185;7.93;3;43.84;154;3573.92;3531407
Monte Azul Paulista;2019;163;8.93;2;36.92;120;3665.24;3531506
Monte Castelo;2019;44;11.01;;;36;3951.7;3531605
Monte Mor;2019;386;6.6;24;119.26;243;3585.66;3531803
Monteiro Lobato;2019;22;4.97;3;213.07;18;2258.47;3531704
Monções;2019;23;10.59;2;357.78;21;4421.05;3531001
Morro Agudo;2019;181;5.65;14;133.5;120;3143.83;3531902
Morungaba;2019;84;6.41;1;23.72;66;3540.77;3532009
Motuca;2019;22;4.78;;;13;1843.97;3532058
Murutinga do Sul;2019;40;9.36;1;81.57;31;3222.45;3532108
Nantes;2019;21;6.92;3;289.58;16;4221.64;3532157
Narandiba;2019;33;6.9;3;189.16;19;3044.87;3532207
Natividade da Serra;2019;46;6.87;;;34;2416.49;3532306
Nazaré Paulista;2019;135;7.4;7;117.57;97;3370.4;3532405
Neves Paulista;2019;86;9.95;1;43.86;72;3705.61;3532504
Nhandeara;2019;90;8.35;2;68.7;72;2920.89;3532603
Nipoã;2019;25;5.1;1;62.03;16;2427.92;3532702
Nova Aliança;2019;54;8.44;2;101.88;42;3620.69;3532801
Nova Campina;2019;55;5.76;5;142.94;31;3273.5;3532827
Nova Canaã Paulista;2019;24;12.29;1;213.22;16;2957.49;3532843
Nova Castilho;2019;7;5.97;;;6;2870.81;3532868
Nova Europa;2019;65;6.13;1;28.3;56;4037.49;3532900
Nova Granada;2019;164;7.9;6;91.83;125;3720.24;3533007
Nova Guataporanga;2019;26;11.87;;;20;4048.58;3533106
Nova Independência;2019;30;8.18;2;160.64;21;4458.6;3533205
Nova Luzitânia;2019;21;5.26;2;157.23;17;2819.24;3533304
Nova Odessa;2019;361;6.29;12;66.06;266;3181.82;3533403
Novais;2019;22;4.06;2;102.41;17;2876.48;3533254
Novo Horizonte;2019;319;8.24;15;127.57;245;3630.71;3533502
Nuporanga;2019;19;2.63;;;16;1306.12;3533601
Ocauçu;2019;35;8.44;;;27;3547.96;3533700
Óleo;2019;22;8.67;1;139.28;18;3082.19;3533809
Olímpia;2019;434;8.3;14;90.12;345;3693;3533908
Onda Verde;2019;18;4.29;1;72.2;16;2631.58;3534005
Oriente;2019;59;9.44;2;106.55;45;3823.28;3534104
Orindiúva;2019;31;4.59;1;43.01;23;3142.08;3534203
Orlândia;2019;281;6.69;8;62.01;208;3178.97;3534302
Osasco;2019;4681;6.89;243;113.97;3201;3566.14;3534401
Oscar Bressane;2019;20;7.95;1;149.48;14;2345.06;3534500
Osvaldo Cruz;2019;300;9.6;11;116.53;239;3666.21;3534609
Ourinhos;2019;850;7.74;34;102.9;660;3631.16;3534708
Ouro Verde;2019;89;10.83;4;155.1;64;4889.23;3534807
Ouroeste;2019;90;9.33;7;223.93;61;4102.22;3534757
Pacaembu;2019;104;7.96;8;171.49;71;2985.7;3534906
Palestina;2019;94;7.79;6;162.87;67;3004.48;3535002
Palmares Paulista;2019;58;4.53;3;64.1;36;3025.21;3535101
Palmeira d'Oeste;2019;87;9.49;1;40.63;65;3034.55;3535200
Palmital;2019;208;9.65;7;116.32;163;3764.43;3535309
Panorama;2019;118;7.79;5;103.33;88;3874.94;3535408
Paraguaçu Paulista;2019;311;7.07;14;100.04;240;3478.77;3535507
Paraibuna;2019;132;7.27;2;35.4;108;3693.57;3535606
Paraíso;2019;43;6.9;1;54.05;34;3151.07;3535705
Paranapanema;2019;123;6.23;4;60.19;98;3811.75;3535804
Paranapuã;2019;26;6.69;1;85.98;19;2496.71;3535903
Parapuã;2019;93;8.83;4;131.32;68;3096.54;3536000
Pardinho;2019;52;8.24;1;48.26;39;4382.02;3536109
PariqueraAçu;2019;157;8.19;10;164.31;119;4159.38;3536208
Parisi;2019;22;10.72;;;18;4054.05;3536257
Patrocínio Paulista;2019;100;6.98;6;132.42;73;3406.44;3536307
Paulicéia;2019;53;7.5;2;84.14;39;4045.64;3536406
Paulínia;2019;502;4.88;26;78.09;341;2843.8;3536505
Paulistânia;2019;13;7.34;1;177.3;5;1572.33;3536570
Paulo de Faria;2019;72;8.45;2;76.39;53;3788.42;3536604
Pederneiras;2019;325;7.19;12;80.39;238;3706.01;3536703
Pedra Bela;2019;46;7.73;;;41;3663.99;3536802
Pedranópolis;2019;26;10.69;1;156.49;22;3799.65;3536901
Pedregulho;2019;108;6.66;7;136.13;78;3152.79;3537008
Pedreira;2019;291;6.31;9;62.22;219;3222.01;3537107
Pedrinhas Paulista;2019;20;6.66;2;220.51;12;2158.27;3537156
Pedro de Toledo;2019;48;4.41;2;56.98;34;1925.25;3537206
Penápolis;2019;523;8.63;13;73.55;413;3692.12;3537305
Pereira Barreto;2019;225;8.88;7;94.52;171;3879.31;3537404
Pereiras;2019;65;7.8;6;218.58;44;3223.44;3537503
Peruíbe;2019;616;9.4;27;136.39;455;4145.41;3537602
Piacatu;2019;55;9.43;3;160;36;3654.82;3537701
Piedade;2019;461;8.64;20;120.07;346;4072.98;3537800
Pilar do Sul;2019;207;7.38;12;133.32;152;3683.96;3537909
Pindamonhangaba;2019;1075;6.63;57;108.72;768;3354.74;3538006
Pindorama;2019;150;9.29;7;140.65;116;4064.47;3538105
Pinhalzinho;2019;100;6.85;3;64.16;81;2916.82;3538204
Piquerobi;2019;29;8.21;1;96.25;21;3139.01;3538303
Piquete;2019;128;9.35;10;250.56;90;3453.57;3538501
Piracaia;2019;210;8.03;12;149.35;154;3594.77;3538600
Piracicaba;2019;2899;7.48;111;94.47;2176;3475.54;3538709
Piraju;2019;257;8.99;7;81.5;205;3874.5;3538808
Pirajuí;2019;261;11.24;9;108.07;207;5484.9;3538907
Pirangi;2019;95;8.79;2;64.5;73;3461.36;3539004
Pirapora do Bom Jesus;2019;91;4.91;6;87.01;60;3387.92;3539103
Pirapozinho;2019;186;6.9;8;93.49;130;3114.52;3539202
Pirassununga;2019;564;7.69;22;100.56;438;3354.78;3539301
Piratininga;2019;109;8.32;3;73.49;88;3827.75;3539400
Pitangueiras;2019;231;6.04;6;47.06;155;3364.45;3539509
Planalto;2019;31;6.08;;;26;3823.53;3539608
Platina;2019;30;8.65;1;94.34;23;4166.67;3539707
Poá;2019;750;6.54;34;93.4;507;3486.69;3539806
Poloni;2019;61;10.81;3;181.49;48;4297.22;3539905
Pompéia;2019;162;7.66;5;78.08;122;3368.3;3540002
Pongaí;2019;44;13.1;1;107.53;36;4675.32;3540101
Pontal;2019;197;4.06;12;69.3;113;2592.93;3540200
Pontalinda;2019;26;5.85;2;138.41;19;2883.16;3540259
Pontes Gestal;2019;22;8.71;3;411.52;16;3174.6;3540309
Populina;2019;42;10.46;2;178.25;34;3765.23;3540408
Porangaba;2019;75;8.14;2;68.99;54;3016.76;3540507
Porto Feliz;2019;361;7.02;17;105.78;256;3295.57;3540606
Porto Ferreira;2019;92;1.71;4;24.76;75;865.25;3540705
Potim;2019;117;5.69;10;121.18;73;3547.13;3540754
Potirendaba;2019;153;9.27;5;101.4;126;4191.62;3540804
Pracinha;2019;26;8.94;;;21;7368.42;3540853
Pradópolis;2019;120;5.83;7;101.08;82;3168.47;3540903
Praia Grande;2019;2553;8.2;92;91;1820;3987.47;3541000
Pratânia;2019;24;4.71;3;166.57;17;2805.28;3541059
Presidente Alves;2019;27;6.7;;;24;3187.25;3541109
Presidente Bernardes;2019;120;8.75;2;50.29;103;3561.55;3541208
Presidente Epitácio;2019;357;8.44;10;77.58;267;3969.08;3541307
Presidente Prudente;2019;1689;7.68;44;67.24;1338;3536.03;3541406
Presidente Venceslau;2019;338;8.89;12;107.12;272;3821.84;3541505
Promissão;2019;275;7;11;88.48;207;3473.74;3541604
Quadra;2019;28;7.65;1;88.26;24;3870.97;3541653
Quatá;2019;114;8.25;6;138.47;75;3765.06;3541703
Queiroz;2019;23;7.12;1;87.64;18;4545.45;3541802
Queluz;2019;76;6.07;6;145.38;46;2825.55;3541901
Quintana;2019;55;8.53;3;149.78;38;3386.81;3542008
Rafard;2019;73;8.17;2;74.29;60;4501.13;3542107
Rancharia;2019;244;8.46;8;92.39;183;3695.48;3542206
Redenção da Serra;2019;36;9.38;1;87.57;26;3504.04;3542305
Regente Feijó;2019;150;7.73;8;137.93;105;3157.89;3542404
Reginópolis;2019;47;6.51;4;115.84;38;3743.84;3542503
Registro;2019;374;6.9;13;77.72;289;3516.24;3542602
Restinga;2019;43;5.81;2;80.19;26;2895.32;3542701
Ribeira;2019;26;8;;;21;3376.21;3542800
Ribeirão Bonito;2019;80;6.21;6;148.4;60;3260.87;3542909
Ribeirão Branco;2019;124;7.01;4;64.45;81;3737.89;3543006
Ribeirão Corrente;2019;21;4.54;;;16;2535.66;3543105
Ribeirão do Sul;2019;47;10.77;1;79.62;35;4027.62;3543204
Ribeirão dos Índios;2019;24;11.19;2;337.84;17;3483.61;3543238
Ribeirão Grande;2019;52;6.93;4;171.45;33;2897.28;3543253
Ribeirão Pires;2019;746;6.3;32;90.28;543;2915.44;3543303
Ribeirão Preto;2019;4408;6.52;146;68.52;3361;3161.06;3543402
Rifaina;2019;31;8.95;;;26;4000;3543600
Rincão;2019;84;8.01;4;121.65;65;4080.35;3543709
Rinópolis;2019;104;10.68;3;106.35;84;4040.4;3543808
Rio Claro;2019;1520;7.61;54;88.6;1159;3533.75;3543907
Rio das Pedras;2019;174;5.13;10;87.39;123;3036.29;3544004
Rio Grande da Serra;2019;230;4.67;14;83.76;142;2560.4;3544103
Riolândia;2019;61;5.38;4;95.37;39;2742.62;3544202
Riversul;2019;50;8.71;3;177.73;39;3551.91;3543501
Rosana;2019;164;8.87;8;135.89;123;4067.46;3544251
Roseira;2019;71;6.74;5;151.33;45;3216.58;3544301
Rubiácea;2019;20;6.51;;;12;2877.7;3544400
Rubinéia;2019;35;11.75;1;116.28;28;3982.93;3544509
Sabino;2019;53;9.73;1;63.01;43;3996.28;3544608
Sagres;2019;25;10.58;;;22;4498.98;3544707
Sales;2019;63;10.51;3;165.93;49;4340.12;3544806
Sales Oliveira;2019;87;7.61;3;83.96;68;3450.03;3544905
Salesópolis;2019;133;7.96;1;19.1;107;4390.64;3545001
Salmourão;2019;50;9.83;3;185.87;40;4449.39;3545100
Saltinho;2019;48;6.16;1;41.63;36;2526.32;3545159
Salto;2019;790;6.91;30;81.94;587;3629.28;3545209
Salto de Pirapora;2019;269;6.14;20;140.51;191;3010.24;3545308
Salto Grande;2019;79;8.72;2;74.43;60;3764.12;3545407
Sandovalina;2019;20;4.81;;;16;3036.05;3545506
Santa Adélia;2019;136;9.16;6;134.29;99;3933.25;3545605
Santa Albertina;2019;58;10.21;;;45;3534.96;3545704
Santa Bárbara d'Oeste;2019;1206;6.42;38;67.33;868;2904.66;3545803
Santa Branca;2019;104;7.36;6;139.11;70;2930.1;3546009
Santa Clara d'Oeste;2019;17;8.44;2;339.56;11;2505.69;3546108
Santa Cruz da Conceição;2019;29;6.72;2;150.38;19;2278.18;3546207
Santa Cruz da Esperança;2019;19;9.2;;;15;4076.09;3546256
Santa Cruz das Palmeiras;2019;248;7.43;8;72.7;178;3913.81;3546306
Santa Cruz do Rio Pardo;2019;382;8.32;22;161.36;294;3626.05;3546405
Santa Ernestina;2019;42;7.6;1;54.85;28;3971.63;3546504
Santa Fé do Sul;2019;336;10.96;9;99.44;267;4405.21;3546603
Santa Gertrudes;2019;142;5.52;8;90.81;98;3746.18;3546702
Santa Isabel;2019;396;7.25;18;104.11;286;3662.44;3546801
Santa Lúcia;2019;55;6.45;3;110.25;39;3539.02;3546900
Santa Maria da Serra;2019;35;5.77;1;48.54;25;3250.98;3547007
Santa Mercedes;2019;25;8.88;1;112.23;22;4453.44;3547106
Santa Rita d'Oeste;2019;26;10.75;1;160;22;3338.39;3547403
Santa Rita do Passa Quatro;2019;264;10;8;112.03;216;3726.07;3547502
Santa Rosa de Viterbo;2019;169;6.64;4;50.28;129;3012.61;3547601
Santa Salete;2019;15;10.41;;;12;3418.8;3547650
Santana da Ponte Pensa;2019;10;6.58;;;8;1818.18;3547205
Santana de Parnaíba;2019;615;4.55;33;71;408;2624.3;3547304
Santo Anastácio;2019;192;9.53;3;51.93;154;3963.96;3547700
Santo André;2019;5655;8.17;240;118.79;4353;3639.33;3547809
Santo Antônio da Alegria;2019;53;8.02;6;286.26;35;2852.49;3547908
Santo Antônio de Posse;2019;155;6.85;9;119.82;114;3742.61;3548005
Santo Antônio do Aracanguá;2019;51;6.22;;;31;2491.96;3548054
Santo Antônio do Jardim;2019;32;5.49;;;24;2114.54;3548104
Santo Antônio do Pinhal;2019;66;9.98;1;47.48;47;4607.84;3548203
Santo Expedito;2019;30;10.15;1;112.23;23;4013.96;3548302
Santópolis do Aguapeí;2019;19;4.1;;;16;2380.95;3548401
Santos;2019;4215;9.86;118;102.62;3502;3737.38;3548500
São Bento do Sapucaí;2019;78;7.41;5;161.34;56;2834.01;3548609
São Bernardo do Campo;2019;4776;5.91;207;83.88;3445;2941.73;3548708
São Caetano do Sul;2019;1529;10.12;17;44.24;1318;3856.73;3548807
São Carlos;2019;1660;6.9;66;90.31;1259;3194.3;3548906
São Francisco;2019;28;10.41;;;21;3471.07;3549003
São João da Boa Vista;2019;17;0.2;1;3.94;10;61.98;3549102
São João das Duas Pontes;2019;25;10.06;;;18;3797.47;3549201
São João de Iracema;2019;14;7.59;;;11;3151.86;3549250
São João do Pau d'Alho;2019;27;13.53;;;20;3831.42;3549300
São Joaquim da Barra;2019;368;7.37;12;78.56;279;3552.78;3549409
São José da Bela Vista;2019;58;6.67;3;103.56;41;3480.48;3549508
São José do Barreiro;2019;27;6.64;2;156.49;16;2339.18;3549607
São José do Rio Pardo;2019;465;8.76;14;88.65;372;3710.72;3549706
São José do Rio Preto;2019;3383;7.61;109;83.36;2633;3435.72;3549805
São José dos Campos;2019;4210;5.99;202;92.56;3047;3082.14;3549904
São Lourenço da Serra;2019;113;7.33;7;134.13;80;3896.74;3549953
São Luiz do Paraitinga;2019;97;9.2;3;95.97;75;3871.97;3550001
São Manuel;2019;323;8.19;13;107.54;239;3852.97;3550100
São Miguel Arcanjo;2019;222;6.95;16;157.45;161;3478.82;3550209
São Paulo;2019;77660;6.57;3792;106.26;57088;3184.19;3550308
São Pedro;2019;283;8.33;3;28.48;221;3591.74;3550407
São Pedro do Turvo;2019;54;7.35;1;43.82;43;3470.54;3550506
São Roque;2019;614;7.09;22;81.37;450;3249.33;3550605
São Sebastião;2019;437;5.09;33;116.71;282;2948.87;3550704
São Sebastião da Grama;2019;97;8.12;;;79;3809.06;3550803
São Simão;2019;102;6.89;3;64.88;73;2819.62;3550902
São Vicente;2019;2598;7.31;115;104.85;1822;3501.56;3551009
Sarapuí;2019;69;6.9;6;175.95;49;3407.51;3551108
Sarutaiá;2019;40;10.98;2;171.97;28;4458.6;3551207
Sebastianópolis do Sul;2019;27;8.25;2;209.86;21;3230.77;3551306
Serra Azul;2019;82;6.74;2;42.48;54;3910.21;3551405
Serra Negra;2019;276;10.09;5;64.4;226;4083.11;3551603
Serrana;2019;232;5.29;11;73.34;156;3278;3551504
Sertãozinho;2019;802;6.62;38;98.61;596;3602.08;3551702
Sete Barras;2019;94;7.44;8;205.29;68;3363.01;3551801
Severínia;2019;127;7.49;7;121.34;88;4152.9;3551900
Silveiras;2019;53;8.6;4;200.6;34;3406.81;3552007
Socorro;2019;338;8.76;9;80.99;269;3457.14;3552106
Sorocaba;2019;4464;6.85;211;101.04;3204;3461.69;3552205
Sud Mennucci;2019;52;6.76;2;87.26;39;3201.97;3552304
Sumaré;2019;1402;5.02;76;82.21;938;2839.76;3552403
Suzanápolis;2019;27;6.93;1;79.74;22;3554.12;3552551
Suzano;2019;1815;6.3;125;132.17;1168;3295.71;3552502
Tabapuã;2019;97;8.19;4;115.04;79;3618.87;3552601
Tabatinga;2019;119;7.54;7;136.08;83;3638.75;3552700
Taboão da Serra;2019;1602;5.72;139;155.21;1019;3279.16;3552809
Taciba;2019;51;8.47;;;40;4255.32;3552908
Taguaí;2019;84;6.42;4;87.22;59;3617.41;3553005
Taiaçu;2019;47;7.8;2;102.3;36;3550.3;3553104
Taiúva;2019;47;7.47;;;41;3647.69;3553203
Tambaú;2019;180;7.91;7;101.82;135;3435.99;3553302
Tanabi;2019;184;7.36;4;55.9;146;2988.74;3553401
Tapiraí;2019;73;9.46;5;196.85;46;4020.98;3553500
Tapiratiba;2019;98;7.77;3;75.68;78;3579.62;3553609
Taquaral;2019;25;9.1;1;117.79;19;3893.44;3553658
Taquaritinga;2019;522;9.59;14;85.95;390;4211.21;3553708
Taquarituba;2019;178;7.7;6;84.18;127;3468.05;3553807
Taquarivaí;2019;38;6.69;3;145.42;25;4058.44;3553856
Tarabai;2019;57;7.91;2;82.68;44;4631.58;3553906
Tarumã;2019;81;5.54;4;83.66;50;2807.41;3553955
Tatuí;2019;859;7.23;30;77.93;614;3633.78;3554003
Taubaté;2019;2055;6.75;92;96.88;1530;3380.99;3554102
Tejupá;2019;40;8.51;1;65.53;32;4407.71;3554201
Teodoro Sampaio;2019;162;7.26;3;41.94;121;3969.82;3554300
Terra Roxa;2019;73;8.06;2;69.83;55;3840.78;3554409
Tietê;2019;288;7.08;7;54.47;212;3382.26;3554508
Timburi;2019;22;8.58;;;17;3177.57;3554607
Torre de Pedra;2019;8;3.46;;;7;1552.11;3554656
Torrinha;2019;74;7.65;3;101.59;59;3184.03;3554706
Trabiju;2019;12;7.12;;;11;4074.07;3554755
Tremembé;2019;257;5.65;17;104.43;178;2930.04;3554805
Três Fronteiras;2019;55;9.93;1;62.77;47;3916.67;3554904
Tuiuti;2019;59;9.08;3;152.75;46;3533.03;3554953
Tupã;2019;608;9.67;17;98.2;501;3858.6;3555000
Tupi Paulista;2019;153;10.3;2;41.9;119;3695.65;3555109
Turiúba;2019;21;10.97;;;20;4219.41;3555208
Turmalina;2019;19;10.43;;;15;3112.03;3555307
Ubarana;2019;39;6.51;;;32;4283.8;3555356
Ubatuba;2019;556;6.33;35;120.14;364;3202.82;3555406
Ubirajara;2019;46;9.91;3;207.76;35;4257.91;3555505
Uchoa;2019;73;7.55;1;34.92;56;2925.81;3555604
União Paulista;2019;16;9.28;1;192.31;12;4347.83;3555703
Urânia;2019;83;9.61;3;126.21;65;3394.26;3555802
Uru;2019;25;20.64;1;289.86;20;8000;3555901
Urupês;2019;126;9.6;2;53.05;101;3788.45;3556008
Valentim Gentil;2019;83;6.59;6;147.24;59;3041.24;3556107
Valinhos;2019;737;5.98;24;64.4;555;2880.27;3556206
Valparaíso;2019;138;5.79;4;47.97;107;3449.39;3556305
Vargem;2019;72;7.29;3;91.38;59;3497.33;3556354
Vargem Grande do Sul;2019;303;7.34;6;48.42;237;3541.01;3556404
Vargem Grande Paulista;2019;295;5.7;16;94.71;203;3360.93;3556453
Várzea Paulista;2019;587;4.92;30;77.7;370;2571.05;3556503
Vera Cruz;2019;78;7.4;2;63.41;58;2859.96;3556602
Vinhedo;2019;456;5.99;10;42.2;353;3173.6;3556701
Viradouro;2019;92;5.04;2;34.52;71;2449.12;3556800
Vista Alegre do Alto;2019;41;5.19;;;26;2445.91;3556909
Vitória Brasil;2019;8;4.55;;;7;2058.82;3556958
Votorantim;2019;742;6.25;29;75.27;509;3252.19;3557006
Votuporanga;2019;691;7.59;24;88.64;534;3209.13;3557105
Zacarias;2019;22;8.66;1;132.63;20;4282.66;3557154
