"Localidades";"Períodos";"PIB (Em mil reais correntes)";"PIB per Capita (Em reais correntes)";"Participação no PIB do Estado (Em %)";"Cód. IBGE"
"Adamantina";"2018";"1084405,13";"31999,68";"0,049056";3500105
"Adolfo";"2018";"92373,72";"26628,34";"0,004179";3500204
"Aguaí";"2018";"1008187,31";"28872,17";"0,045608";3500303
"Águas da Prata";"2018";"168304,73";"21694,34";"0,007614";3500402
"Águas de Lindóia";"2018";"491522,07";"27061,72";"0,022235";3500501
"Águas de Santa Bárbara";"2018";"166830,49";"28445,1";"0,007547";3500550
"Águas de São Pedro";"2018";"135946,64";"44675,2";"0,00615";3500600
"Agudos";"2018";"2203350,25";"61498";"0,099674";3500709
"Alambari";"2018";"100497,29";"17945,95";"0,004546";3500758
"Alfredo Marcondes";"2018";"83372,76";"21252,3";"0,003772";3500808
"Altair";"2018";"106832,8";"26748,32";"0,004833";3500907
"Altinópolis";"2018";"497723,2";"31993,52";"0,022516";3501004
"Alto Alegre";"2018";"107711,98";"26681,19";"0,004873";3501103
"Alumínio";"2018";"2105104,51";"118617,49";"0,095229";3501152
"Álvares Florence";"2018";"119696,03";"32588,08";"0,005415";3501202
"Álvares Machado";"2018";"530717,81";"22379,94";"0,024008";3501301
"Álvaro de Carvalho";"2018";"49886,48";"10053,7";"0,002257";3501400
"Alvinlândia";"2018";"51906,34";"16520,16";"0,002348";3501509
"Americana";"2018";"11332408,17";"49425,42";"0,512648";3501608
"Américo Brasiliense";"2018";"959435,49";"24524,82";"0,043402";3501707
"Américo de Campos";"2018";"117732,46";"20532,34";"0,005326";3501806
"Amparo";"2018";"4646509,88";"67394,44";"0,210196";3501905
"Analândia";"2018";"183993,63";"38768,15";"0,008323";3502002
"Andradina";"2018";"1922486,33";"34365,09";"0,086968";3502101
"Angatuba";"2018";"1008411,94";"41950,74";"0,045618";3502200
"Anhembi";"2018";"179886,18";"27816,02";"0,008138";3502309
"Anhumas";"2018";"74825,19";"19092,93";"0,003385";3502408
"Aparecida";"2018";"1082773,38";"30440,63";"0,048982";3502507
"Aparecida d'Oeste";"2018";"128569,45";"30670,19";"0,005816";3502606
"Apiaí";"2018";"594687,48";"24094,95";"0,026902";3502705
"Aramina";"2018";"126608,22";"23303,56";"0,005727";3503000
"Arandu";"2018";"117579,44";"19106,18";"0,005319";3503109
"Arapeí";"2018";"30703,81";"12425,66";"0,001389";3503158
"Araraquara";"2018";"9409114,42";"41932,16";"0,425644";3503208
"Araras";"2018";"5565138,22";"43249,23";"0,251752";3503307
"Araçariguama";"2018";"3270859";"161739,55";"0,147965";3502754
"Araçatuba";"2018";"7349421,34";"38909,71";"0,332468";3502804
"Araçoiaba da Serra";"2018";"861981,61";"27475,27";"0,038994";3502903
"Arco-Íris";"2018";"53015,13";"28938,39";"0,002398";3503356
"Arealva";"2018";"230787,87";"28397,67";"0,01044";3503406
"Areias";"2018";"43127,62";"11328,5";"0,001951";3503505
"Areiópolis";"2018";"143002,1";"13255,66";"0,006469";3503604
"Ariranha";"2018";"728583,05";"79444,23";"0,032959";3503703
"Artur Nogueira";"2018";"1184269,48";"23179,16";"0,053573";3503802
"Arujá";"2018";"6155414,34";"70959,06";"0,278455";3503901
"Aspásia";"2018";"35205,3";"19845,15";"0,001593";3503950
"Assis";"2018";"3363335,67";"33571,58";"0,152148";3504008
"Atibaia";"2018";"7140404,27";"52079,06";"0,323013";3504107
"Auriflama";"2018";"304810,51";"21124,85";"0,013789";3504206
"Avaí";"2018";"271908,05";"52059,75";"0,0123";3504305
"Avanhandava";"2018";"319465,29";"26735,73";"0,014452";3504404
"Avaré";"2018";"2737160,76";"31581,77";"0,123822";3504503
"Bady Bassitt";"2018";"353420,96";"22037,85";"0,015988";3504602
"Balbinos";"2018";"57562,79";"15561,72";"0,002604";3504701
"Bálsamo";"2018";"203039,72";"23999,97";"0,009185";3504800
"Bananal";"2018";"184553,75";"17476,68";"0,008349";3504909
"Barão de Antonina";"2018";"53275,61";"16008,3";"0,00241";3505005
"Barbosa";"2018";"94911,1";"13289,15";"0,004294";3505104
"Bariri";"2018";"1160199,26";"34591,51";"0,052484";3505203
"Barra Bonita";"2018";"1282531,67";"36674,15";"0,058018";3505302
"Barra do Chapéu";"2018";"81216,32";"14847,59";"0,003674";3505351
"Barra do Turvo";"2018";"91019,79";"11857,71";"0,004117";3505401
"Barretos";"2018";"4859369,08";"41542,66";"0,219825";3505500
"Barrinha";"2018";"517656,13";"16395,01";"0,023417";3505609
"Barueri";"2018";"50566643,99";"194642,06";"2,287502";3505708
"Bastos";"2018";"959525,15";"47304,53";"0,043406";3505807
"Batatais";"2018";"1590068,48";"26716,21";"0,071931";3505906
"Bauru";"2018";"14642060,76";"40618,46";"0,662368";3506003
"Bebedouro";"2018";"3344551,37";"44969,97";"0,151299";3506102
"Bento de Abreu";"2018";"167547,35";"57934,77";"0,007579";3506201
"Bernardino de Campos";"2018";"220258,53";"20432,15";"0,009964";3506300
"Bertioga";"2018";"1690596,24";"28120,36";"0,076478";3506359
"Bilac";"2018";"193041,29";"25148,68";"0,008733";3506409
"Birigui";"2018";"3336569,6";"28047,83";"0,150938";3506508
"Biritiba Mirim";"2018";"687602,59";"21779,56";"0,031105";3506607
"Boa Esperança do Sul";"2018";"309484,03";"21497,92";"0,014";3506706
"Bocaina";"2018";"217465,7";"18292,88";"0,009838";3506805
"Bofete";"2018";"187116,06";"17341,62";"0,008465";3506904
"Boituva";"2018";"2381517,15";"42809,94";"0,107734";3507001
"Bom Jesus dos Perdões";"2018";"908427,96";"38823,37";"0,041095";3507100
"Bom Sucesso de Itararé";"2018";"62659,77";"16502,44";"0,002835";3507159
"Borá";"2018";"70889,58";"87518";"0,003207";3507209
"Boracéia";"2018";"383171,53";"82190,38";"0,017334";3507308
"Borborema";"2018";"372245,41";"24517,25";"0,016839";3507407
"Borebi";"2018";"65278,15";"25862,98";"0,002953";3507456
"Botucatu";"2018";"4623409,47";"33360,34";"0,209151";3507506
"Bragança Paulista";"2018";"6305506,74";"39203,6";"0,285245";3507605
"Braúna";"2018";"98162,79";"18004,91";"0,004441";3507704
"Brejo Alegre";"2018";"83159,08";"30438,9";"0,003762";3507753
"Brodowski";"2018";"668979,72";"28552,27";"0,030263";3507803
"Brotas";"2018";"657853,88";"28085,81";"0,02976";3507902
"Buri";"2018";"413706,03";"21294,32";"0,018715";3508009
"Buritama";"2018";"635662,41";"38814,34";"0,028756";3508108
"Buritizal";"2018";"177965,5";"41785,75";"0,008051";3508207
"Cabrália Paulista";"2018";"82550,45";"19139,91";"0,003734";3508306
"Cabreúva";"2018";"4677142,2";"97762,26";"0,211582";3508405
"Cachoeira Paulista";"2018";"608491,61";"19119,92";"0,027527";3508603
"Caconde";"2018";"357342,13";"19021,73";"0,016165";3508702
"Cafelândia";"2018";"505032,85";"29497,86";"0,022846";3508801
"Caiabu";"2018";"58214,36";"14202,09";"0,002633";3508900
"Caieiras";"2018";"3556312,29";"36376,87";"0,160878";3509007
"Caiuá";"2018";"75610,51";"13774,92";"0,00342";3509106
"Cajamar";"2018";"16970110,95";"226539,99";"0,767683";3509205
"Cajati";"2018";"1452475,49";"50441,93";"0,065706";3509254
"Cajobi";"2018";"155965,85";"15525,17";"0,007055";3509304
"Cajuru";"2018";"572165,5";"22699,58";"0,025883";3509403
"Campina do Monte Alegre";"2018";"108651,05";"18853,21";"0,004915";3509452
"Campinas";"2018";"61397262,53";"52976,9";"2,77745";3509502
"Campo Limpo Paulista";"2018";"2111048,32";"26021,85";"0,095498";3509601
"Campos do Jordão";"2018";"1247875,47";"25125,35";"0,056451";3509700
"Campos Novos Paulista";"2018";"141778,02";"29785,3";"0,006414";3509809
"Cananéia";"2018";"300656,91";"24465,53";"0,013601";3509908
"Canas";"2018";"104579,56";"21217,2";"0,004731";3509957
"Cândido Mota";"2018";"1166473,63";"38886,34";"0,052768";3510005
"Cândido Rodrigues";"2018";"100100,77";"37434,84";"0,004528";3510104
"Canitar";"2018";"188668,21";"38804,65";"0,008535";3510153
"Capão Bonito";"2018";"906462,81";"19576,76";"0,041006";3510203
"Capela do Alto";"2018";"272471,35";"13683,09";"0,012326";3510302
"Capivari";"2018";"2059704,04";"38789,15";"0,093176";3510401
"Caraguatatuba";"2018";"3325920,05";"29378,84";"0,150456";3510500
"Carapicuíba";"2018";"5745311,02";"14731,19";"0,259903";3510609
"Cardoso";"2018";"255539,28";"21766,55";"0,01156";3510708
"Casa Branca";"2018";"831167,96";"28429,61";"0,0376";3510807
"Cássia dos Coqueiros";"2018";"148915,3";"59140,31";"0,006737";3510906
"Castilho";"2018";"864943,67";"42838,08";"0,039128";3511003
"Catanduva";"2018";"4195220,66";"36030,58";"0,189781";3511102
"Catiguá";"2018";"116893,23";"15679,84";"0,005288";3511201
"Caçapava";"2018";"4318444,52";"47952,35";"0,195355";3508504
"Cedral";"2018";"312425,16";"36022,73";"0,014133";3511300
"Cerqueira César";"2018";"605187,35";"32056,11";"0,027377";3511409
"Cerquilho";"2018";"1833225,49";"40590,41";"0,08293";3511508
"Cesário Lange";"2018";"432253,65";"25500,19";"0,019554";3511607
"Charqueada";"2018";"353905,36";"21356,91";"0,01601";3511706
"Chavantes";"2018";"207456,09";"17003,2";"0,009385";3557204
"Clementina";"2018";"219808,97";"27180,53";"0,009944";3511904
"Colina";"2018";"1107893,43";"63063,15";"0,050118";3512001
"Colômbia";"2018";"330045,71";"54670,48";"0,01493";3512100
"Conchal";"2018";"692286,47";"25753,75";"0,031317";3512209
"Conchas";"2018";"352392,03";"20770,48";"0,015941";3512308
"Cordeirópolis";"2018";"2822221,98";"118920,53";"0,12767";3512407
"Coroados";"2018";"165503,87";"28525,31";"0,007487";3512506
"Coronel Macedo";"2018";"76871,21";"15804,11";"0,003477";3512605
"Corumbataí";"2018";"248561,38";"63006,69";"0,011244";3512704
"Cosmópolis";"2018";"1591090,84";"23113,55";"0,071977";3512803
"Cosmorama";"2018";"335896,05";"47726,07";"0,015195";3512902
"Cotia";"2018";"12534568,98";"52624,47";"0,567031";3513009
"Cravinhos";"2018";"1195728,54";"35276,39";"0,054092";3513108
"Cristais Paulista";"2018";"193172,63";"23372,37";"0,008739";3513207
"Cruzália";"2018";"104534,08";"48756,57";"0,004729";3513306
"Cruzeiro";"2018";"2435818,47";"30683,22";"0,11019";3513405
"Cubatão";"2018";"13183238,55";"103740,5";"0,596375";3513504
"Cunha";"2018";"259049,86";"11944,94";"0,011719";3513603
"Descalvado";"2018";"1586427,82";"49304,69";"0,071766";3513702
"Diadema";"2018";"14671971,22";"36573,96";"0,663721";3513801
"Dirce Reis";"2018";"57390,65";"33503,01";"0,002596";3513850
"Divinolândia";"2018";"279536,94";"25551,82";"0,012646";3513900
"Dobrada";"2018";"115400,96";"13249,25";"0,00522";3514007
"Dois Córregos";"2018";"647887,01";"24424,6";"0,029309";3514106
"Dolcinópolis";"2018";"46290,91";"22569,92";"0,002094";3514205
"Dourado";"2018";"627179,99";"73733,83";"0,028372";3514304
"Dracena";"2018";"1199690,64";"26842,32";"0,054271";3514403
"Duartina";"2018";"237278,83";"19722,29";"0,010734";3514502
"Dumont";"2018";"228990,75";"24567,19";"0,010359";3514601
"Echaporã";"2018";"125442,02";"20119,01";"0,005675";3514700
"Eldorado";"2018";"321142,1";"21307,2";"0,014528";3514809
"Elias Fausto";"2018";"706704,45";"41453,8";"0,031969";3514908
"Elisiário";"2018";"63736,74";"18592,98";"0,002883";3514924
"Embaúba";"2018";"52162,57";"21653,2";"0,00236";3514957
"Embu das Artes";"2018";"13248193,38";"50033,4";"0,599313";3515004
"Embu-Guaçu";"2018";"1121893,47";"16746,43";"0,050752";3515103
"Emilianópolis";"2018";"61747,36";"20159,11";"0,002793";3515129
"Engenheiro Coelho";"2018";"663314,37";"33794,29";"0,030007";3515152
"Espírito Santo do Pinhal";"2018";"1433232,86";"33754,1";"0,064836";3515186
"Espírito Santo do Turvo";"2018";"78691,6";"16796,5";"0,00356";3515194
"Estiva Gerbi";"2018";"334635,09";"30765,38";"0,015138";3557303
"Estrela d'Oeste";"2018";"626112,64";"77116,97";"0,028324";3515202
"Estrela do Norte";"2018";"50590,35";"19011,78";"0,002289";3515301
"Euclides da Cunha Paulista";"2018";"159117,92";"16708,8";"0,007198";3515350
"Fartura";"2018";"370628,23";"23804";"0,016766";3515400
"Fernando Prestes";"2018";"191407,75";"34382,57";"0,008659";3515608
"Fernandópolis";"2018";"2006103,79";"30447,64";"0,090751";3515509
"Fernão";"2018";"50029,41";"30674,07";"0,002263";3515657
"Ferraz de Vasconcelos";"2018";"3137940,2";"16688,06";"0,141952";3515707
"Flora Rica";"2018";"37968,42";"23509,86";"0,001718";3515806
"Floreal";"2018";"63979";"22184,12";"0,002894";3515905
"Flórida Paulista";"2018";"206633,67";"16869,43";"0,009348";3516002
"Florínea";"2018";"136091,38";"49996,83";"0,006156";3516101
"Franca";"2018";"9992981,25";"29587,97";"0,452056";3516200
"Francisco Morato";"2018";"1517245,4";"8915,06";"0,068636";3516309
"Franco da Rocha";"2018";"2995316,15";"20221,41";"0,1355";3516408
"Gabriel Monteiro";"2018";"74118,4";"27532,84";"0,003353";3516507
"Gália";"2018";"143174,89";"21598,26";"0,006477";3516606
"Garça";"2018";"1192415,75";"27992,95";"0,053942";3516705
"Gastão Vidigal";"2018";"76518,95";"16406,29";"0,003462";3516804
"Gavião Peixoto";"2018";"887102,11";"194029,33";"0,04013";3516853
"General Salgado";"2018";"248503,18";"23305,18";"0,011242";3516903
"Getulina";"2018";"185155,15";"17101,24";"0,008376";3517000
"Glicério";"2018";"101505,73";"21532,82";"0,004592";3517109
"Guaimbê";"2018";"75599,8";"13727,95";"0,00342";3517307
"Guaíra";"2018";"3249524,06";"83824,07";"0,147";3517406
"Guaiçara";"2018";"196222,4";"16774,01";"0,008877";3517208
"Guapiara";"2018";"326393,67";"18397,7";"0,014765";3517604
"Guapiaçu";"2018";"549431,47";"27074,93";"0,024855";3517505
"Guará";"2018";"439580,67";"21316,1";"0,019885";3517703
"Guaraci";"2018";"329127";"30528,43";"0,014889";3517901
"Guarani d'Oeste";"2018";"35546,47";"18398,79";"0,001608";3518008
"Guarantã";"2018";"174176,16";"26958,08";"0,007879";3518107
"Guararapes";"2018";"909954,31";"28595,13";"0,041164";3518206
"Guararema";"2018";"1413582,28";"49267,47";"0,063947";3518305
"Guaratinguetá";"2018";"5672184,13";"48406,98";"0,256595";3518404
"Guaraçaí";"2018";"273862,21";"32509,76";"0,012389";3517802
"Guareí";"2018";"222781,8";"14361,9";"0,010078";3518503
"Guariba";"2018";"899806,5";"23466,68";"0,040705";3518602
"Guarujá";"2018";"8599008,83";"27638,17";"0,388997";3518701
"Guarulhos";"2018";"61325724,49";"46257,38";"2,774214";3518800
"Guatapará";"2018";"212860,23";"28980,29";"0,009629";3518859
"Guzolândia";"2018";"65820,62";"13064,83";"0,002978";3518909
"Herculândia";"2018";"313972";"34325,13";"0,014203";3519006
"Holambra";"2018";"970052,54";"69782,93";"0,043883";3519055
"Hortolândia";"2018";"13116393,02";"58910,63";"0,593351";3519071
"Iacanga";"2018";"427955,46";"38693,98";"0,01936";3519105
"Iacri";"2018";"191441,42";"30363,43";"0,00866";3519204
"Iaras";"2018";"152535,58";"22481,29";"0,0069";3519253
"Ibaté";"2018";"849194,41";"25008,67";"0,038415";3519303
"Ibirá";"2018";"251106,34";"21206,51";"0,011359";3519402
"Ibirarema";"2018";"183537,3";"24967,66";"0,008303";3519501
"Ibitinga";"2018";"1523757,35";"26495,06";"0,068931";3519600
"Ibiúna";"2018";"1701924,43";"22574,94";"0,076991";3519709
"Icém";"2018";"173790,66";"21937,73";"0,007862";3519808
"Iepê";"2018";"247259,17";"31461,91";"0,011185";3519907
"Igarapava";"2018";"1179673,38";"40433,01";"0,053365";3520103
"Igaratá";"2018";"180642,39";"19598,83";"0,008172";3520202
"Igaraçu do Tietê";"2018";"303425,16";"12655,37";"0,013726";3520004
"Iguape";"2018";"1169819,79";"39910,61";"0,05292";3520301
"Ilha Comprida";"2018";"1339968,2";"133582,71";"0,060617";3520426
"Ilha Solteira";"2018";"625342,87";"24386,49";"0,028289";3520442
"Ilhabela";"2018";"14401224,6";"443469,38";"0,651473";3520400
"Indaiatuba";"2018";"15596305,25";"66096,12";"0,705536";3520509
"Indiana";"2018";"64130,06";"13402,31";"0,002901";3520608
"Indiaporã";"2018";"95550";"24753,89";"0,004322";3520707
"Inúbia Paulista";"2018";"138261,53";"35986,86";"0,006255";3520806
"Ipaussu";"2018";"373010,79";"26024,61";"0,016874";3520905
"Iperó";"2018";"648432,51";"19534,04";"0,029333";3521002
"Ipeúna";"2018";"696293,27";"96120";"0,031498";3521101
"Ipiguá";"2018";"107465,85";"21142,21";"0,004861";3521150
"Iporanga";"2018";"51274,45";"11706,5";"0,00232";3521200
"Ipuã";"2018";"358852,96";"23113,03";"0,016234";3521309
"Iracemápolis";"2018";"1990597,16";"86615,49";"0,090049";3521408
"Irapuã";"2018";"156745,82";"20497,69";"0,007091";3521507
"Irapuru";"2018";"88061,03";"11869,66";"0,003984";3521606
"Itaberá";"2018";"521461,62";"29562,99";"0,02359";3521705
"Itaí";"2018";"601067,75";"23116,21";"0,027191";3521804
"Itajobi";"2018";"1599308,91";"109421,79";"0,072349";3521903
"Itaju";"2018";"87323,59";"24412,52";"0,00395";3522000
"Itanhaém";"2018";"1885630,93";"19561,7";"0,085301";3522109
"Itaoca";"2018";"41298,59";"12962,52";"0,001868";3522158
"Itapecerica da Serra";"2018";"3660938,18";"22023,46";"0,165611";3522208
"Itapetininga";"2018";"4754148,45";"30286,41";"0,215065";3522307
"Itapeva";"2018";"2521974,41";"27763,12";"0,114087";3522406
"Itapevi";"2018";"12172060,62";"52926,14";"0,550632";3522505
"Itapira";"2018";"3905552,19";"54981,45";"0,176677";3522604
"Itapirapuã Paulista";"2018";"42107,83";"10247,71";"0,001905";3522653
"Itápolis";"2018";"1308752,49";"31718,11";"0,059205";3522703
"Itaporanga";"2018";"321102,42";"21913,77";"0,014526";3522802
"Itapuí";"2018";"665412,03";"49410,56";"0,030101";3522901
"Itapura";"2018";"91507,93";"19048,28";"0,00414";3523008
"Itaquaquecetuba";"2018";"7212559,67";"20009,21";"0,326277";3523107
"Itararé";"2018";"878884,05";"18024,69";"0,039758";3523206
"Itariri";"2018";"276174,16";"16339,73";"0,012493";3523305
"Itatiba";"2018";"6051183,94";"52694,6";"0,27374";3523404
"Itatinga";"2018";"410393,01";"20485,85";"0,018565";3523503
"Itirapina";"2018";"411186,77";"24417,27";"0,018601";3523602
"Itirapuã";"2018";"98573,83";"15888,75";"0,004459";3523701
"Itobi";"2018";"124806,67";"16430,58";"0,005646";3523800
"Itu";"2018";"7831498,16";"46966,35";"0,354276";3523909
"Itupeva";"2018";"6690186,47";"118862,69";"0,302646";3524006
"Ituverava";"2018";"1524621,96";"38147,97";"0,06897";3524105
"Jaborandi";"2018";"137848,78";"20685,59";"0,006236";3524204
"Jaboticabal";"2018";"2906847,19";"39406,33";"0,131498";3524303
"Jacareí";"2018";"12705392,68";"56524,94";"0,574758";3524402
"Jaci";"2018";"393180,49";"58578,74";"0,017786";3524501
"Jacupiranga";"2018";"530424,35";"30847,59";"0,023995";3524600
"Jaguariúna";"2018";"11529843,92";"217470,37";"0,52158";3524709
"Jales";"2018";"1546576,08";"32752,56";"0,069963";3524808
"Jambeiro";"2018";"238349,68";"39305,69";"0,010782";3524907
"Jandira";"2018";"4014711,34";"33310,75";"0,181615";3525003
"Jardinópolis";"2018";"1096985,44";"26171,04";"0,049625";3525102
"Jarinu";"2018";"2510282,58";"87643,41";"0,113559";3525201
"Jaú";"2018";"4733100,12";"32779,52";"0,214113";3525300
"Jeriquara";"2018";"82385,84";"26204,15";"0,003727";3525409
"Joanópolis";"2018";"213005,22";"17040,42";"0,009636";3525508
"João Ramalho";"2018";"120874,49";"27876,96";"0,005468";3525607
"José Bonifácio";"2018";"1320742,12";"37363,98";"0,059747";3525706
"Júlio Mesquita";"2018";"51126,86";"11131,47";"0,002313";3525805
"Jumirim";"2018";"131511,33";"40956,5";"0,005949";3525854
"Jundiaí";"2018";"43632890,54";"108932,72";"1,973837";3525904
"Junqueirópolis";"2018";"576140,9";"29100,96";"0,026063";3526001
"Juquiá";"2018";"328898,9";"17437,12";"0,014879";3526100
"Juquitiba";"2018";"513903,68";"17107,31";"0,023248";3526209
"Lagoinha";"2018";"56590,74";"11745,69";"0,00256";3526308
"Laranjal Paulista";"2018";"1112580,07";"40713,58";"0,05033";3526407
"Lavínia";"2018";"157514,93";"18429,27";"0,007126";3526506
"Lavrinhas";"2018";"109956,53";"15594,46";"0,004974";3526605
"Leme";"2018";"3207602,09";"32343,83";"0,145103";3526704
"Lençóis Paulista";"2018";"2639062,01";"40353,25";"0,119384";3526803
"Limeira";"2018";"13192024,8";"45101,4";"0,596772";3526902
"Lindóia";"2018";"182324,63";"24168,16";"0,008248";3527009
"Lins";"2018";"3785365,53";"50850,55";"0,17124";3527108
"Lorena";"2018";"2826717,96";"32930,46";"0,127873";3527207
"Lourdes";"2018";"40048,02";"18421,35";"0,001812";3527256
"Louveira";"2018";"10963451,72";"237175,81";"0,495958";3527306
"Lucélia";"2018";"441170,22";"21203,99";"0,019957";3527405
"Lucianópolis";"2018";"57005,51";"25268,4";"0,002579";3527504
"Luís Antônio";"2018";"1509302,47";"110539,22";"0,068277";3527603
"Luiziânia";"2018";"71746,75";"12795,92";"0,003246";3527702
"Lupércio";"2018";"77357,9";"17553,41";"0,003499";3527801
"Lutécia";"2018";"85264,83";"32334,03";"0,003857";3527900
"Macatuba";"2018";"628367,72";"37400,61";"0,028426";3528007
"Macaubal";"2018";"154750,16";"19988,4";"0,007";3528106
"Macedônia";"2018";"78572,32";"21880,35";"0,003554";3528205
"Magda";"2018";"93560,32";"30083,7";"0,004232";3528304
"Mairinque";"2018";"1896800,51";"41476,44";"0,085806";3528403
"Mairiporã";"2018";"1748553,22";"18382,22";"0,0791";3528502
"Manduri";"2018";"228638,57";"24256,16";"0,010343";3528601
"Marabá Paulista";"2018";"101579,47";"20709,37";"0,004595";3528700
"Maracaí";"2018";"412434,25";"30575,6";"0,018657";3528809
"Marapoama";"2018";"179408,97";"62818,27";"0,008116";3528858
"Mariápolis";"2018";"56776,41";"14323,01";"0,002568";3528908
"Marília";"2018";"8082305,73";"35330,48";"0,365622";3529005
"Marinópolis";"2018";"34731,11";"16554,39";"0,001571";3529104
"Martinópolis";"2018";"496100,11";"19543,81";"0,022442";3529203
"Matão";"2018";"4153988,56";"52282,34";"0,187916";3529302
"Mauá";"2018";"15287482,92";"33825,83";"0,691565";3529401
"Mendonça";"2018";"233512,55";"46974,96";"0,010563";3529500
"Meridiano";"2018";"241156,63";"64103,3";"0,010909";3529609
"Mesópolis";"2018";"58798,32";"31110,22";"0,00266";3529658
"Miguelópolis";"2018";"1015273,3";"47795,56";"0,045928";3529708
"Mineiros do Tietê";"2018";"172288,03";"13797,39";"0,007794";3529807
"Mira Estrela";"2018";"66424,75";"22779,41";"0,003005";3530003
"Miracatu";"2018";"392533,72";"19655,19";"0,017757";3529906
"Mirandópolis";"2018";"653982,06";"22996,77";"0,029584";3530102
"Mirante do Paranapanema";"2018";"345876,15";"19614,16";"0,015647";3530201
"Mirassol";"2018";"1810222,97";"31723,79";"0,08189";3530300
"Mirassolândia";"2018";"128573,72";"27823,79";"0,005816";3530409
"Mococa";"2018";"2120615,23";"31814,8";"0,095931";3530508
"Mogi das Cruzes";"2018";"15386499,31";"36296,45";"0,696045";3530607
"Mogi Guaçu";"2018";"5873500,07";"40174,42";"0,265702";3530706
"Mogi Mirim";"2018";"4601570,64";"51277,84";"0,208163";3530805
"Mombuca";"2018";"100110,22";"30153,68";"0,004529";3530904
"Mongaguá";"2018";"1035580,56";"19550,32";"0,046847";3531100
"Monte Alegre do Sul";"2018";"178327,61";"23335,2";"0,008067";3531209
"Monte Alto";"2018";"1802819,84";"37475,21";"0,081555";3531308
"Monte Aprazível";"2018";"659133,81";"28434,23";"0,029817";3531407
"Monte Azul Paulista";"2018";"534034,04";"29126,48";"0,024158";3531506
"Monte Castelo";"2018";"102928,28";"25725,64";"0,004656";3531605
"Monte Mor";"2018";"3485429,86";"60697,45";"0,157672";3531803
"Monteiro Lobato";"2018";"65312,34";"14850,46";"0,002955";3531704
"Monções";"2018";"59748,05";"27546,36";"0,002703";3531001
"Morro Agudo";"2018";"1176286,9";"37111,53";"0,053212";3531902
"Morungaba";"2018";"455896,19";"35182,6";"0,020624";3532009
"Motuca";"2018";"81591,49";"17857,63";"0,003691";3532058
"Murutinga do Sul";"2018";"65309,09";"15316,39";"0,002954";3532108
"Nantes";"2018";"119444,63";"39814,88";"0,005403";3532157
"Narandiba";"2018";"185941,54";"39336,06";"0,008412";3532207
"Natividade da Serra";"2018";"72475,7";"10833,44";"0,003279";3532306
"Nazaré Paulista";"2018";"342174,81";"18966,51";"0,015479";3532405
"Neves Paulista";"2018";"212414,12";"24531,02";"0,009609";3532504
"Nhandeara";"2018";"324396,87";"30072,95";"0,014675";3532603
"Nipoã";"2018";"93953,48";"19399,85";"0,00425";3532702
"Nova Aliança";"2018";"173291,57";"27324,44";"0,007839";3532801
"Nova Campina";"2018";"110154,38";"11687,47";"0,004983";3532827
"Nova Canaã Paulista";"2018";"39531,34";"20066,67";"0,001788";3532843
"Nova Castilho";"2018";"40619,51";"34806,78";"0,001838";3532868
"Nova Europa";"2018";"280666,46";"26824,66";"0,012697";3532900
"Nova Granada";"2018";"434208,29";"21100,61";"0,019642";3533007
"Nova Guataporanga";"2018";"31233,79";"14268,52";"0,001413";3533106
"Nova Independência";"2018";"141263,92";"39163,83";"0,00639";3533205
"Nova Luzitânia";"2018";"49833,72";"12661,01";"0,002254";3533304
"Nova Odessa";"2018";"3540518,94";"62369,32";"0,160164";3533403
"Novais";"2018";"58245";"10909,35";"0,002635";3533254
"Novo Horizonte";"2018";"1094926,57";"28436,7";"0,049532";3533502
"Nuporanga";"2018";"520862,02";"72513,16";"0,023562";3533601
"Ocauçu";"2018";"115923,5";"27946,84";"0,005244";3533700
"Óleo";"2018";"83150,53";"32608,05";"0,003762";3533809
"Olímpia";"2018";"2034078,14";"39075,56";"0,092016";3533908
"Onda Verde";"2018";"165638,12";"39826,43";"0,007493";3534005
"Oriente";"2018";"99538,28";"15974,69";"0,004503";3534104
"Orindiúva";"2018";"404173,43";"60869,49";"0,018284";3534203
"Orlândia";"2018";"1834997,25";"43898,41";"0,08301";3534302
"Osasco";"2018";"76609046,35";"113034,37";"3,465591";3534401
"Oscar Bressane";"2018";"90810,61";"36064,58";"0,004108";3534500
"Osvaldo Cruz";"2018";"849328,95";"27213,36";"0,038421";3534609
"Ourinhos";"2018";"3069407,07";"28148,59";"0,138852";3534708
"Ouro Verde";"2018";"112329,21";"13742,26";"0,005081";3534807
"Ouroeste";"2018";"421588,73";"44307,8";"0,019072";3534757
"Pacaembu";"2018";"304395,07";"23254,02";"0,01377";3534906
"Palestina";"2018";"305218,28";"25515,66";"0,013807";3535002
"Palmares Paulista";"2018";"122434,26";"9721,63";"0,005539";3535101
"Palmeira d'Oeste";"2018";"187609,36";"20385,67";"0,008487";3535200
"Palmital";"2018";"685806,51";"31863,89";"0,031024";3535309
"Panorama";"2018";"264017,66";"17510,12";"0,011943";3535408
"Paraguaçu Paulista";"2018";"1536032,6";"35059,63";"0,069486";3535507
"Paraibuna";"2018";"278815,3";"15438,28";"0,012613";3535606
"Paraíso";"2018";"221722,35";"35750,14";"0,01003";3535705
"Paranapanema";"2018";"623747,45";"31959,19";"0,028217";3535804
"Paranapuã";"2018";"111618,98";"28775,19";"0,005049";3535903
"Parapuã";"2018";"352665,67";"33367,93";"0,015954";3536000
"Pardinho";"2018";"301811,35";"48475,96";"0,013653";3536109
"Pariquera-Açu";"2018";"507383,67";"26572,94";"0,022953";3536208
"Parisi";"2018";"66841,6";"32573,88";"0,003024";3536257
"Patrocínio Paulista";"2018";"883248,57";"62314,7";"0,039956";3536307
"Paulicéia";"2018";"150610,29";"21552,7";"0,006813";3536406
"Paulínia";"2018";"32690878,46";"323944,69";"1,478849";3536505
"Paulistânia";"2018";"41093,47";"23190,44";"0,001859";3536570
"Paulo de Faria";"2018";"268887,32";"31529,94";"0,012164";3536604
"Pederneiras";"2018";"2193730,23";"48994,53";"0,099239";3536703
"Pedra Bela";"2018";"83726,43";"14119,13";"0,003788";3536802
"Pedranópolis";"2018";"64385,48";"26333,53";"0,002913";3536901
"Pedregulho";"2018";"874136,89";"54069,21";"0,039544";3537008
"Pedreira";"2018";"1253721,16";"27483,04";"0,056715";3537107
"Pedrinhas Paulista";"2018";"136865,67";"45667,56";"0,006191";3537156
"Pedro de Toledo";"2018";"143730,4";"13291,14";"0,006502";3537206
"Penápolis";"2018";"1664176,58";"27569,94";"0,075283";3537305
"Pereira Barreto";"2018";"758340,54";"29957,36";"0,034305";3537404
"Pereiras";"2018";"205054,68";"24885,28";"0,009276";3537503
"Peruíbe";"2018";"1522403,73";"23460,58";"0,06887";3537602
"Piacatu";"2018";"91781,35";"15901,13";"0,004152";3537701
"Piedade";"2018";"1208662,61";"22706,42";"0,054677";3537800
"Pilar do Sul";"2018";"676867,03";"24289,2";"0,03062";3537909
"Pindamonhangaba";"2018";"8616941,94";"53686,1";"0,389808";3538006
"Pindorama";"2018";"372673,12";"23220,96";"0,016859";3538105
"Pinhalzinho";"2018";"262499,36";"18187,44";"0,011875";3538204
"Piquerobi";"2018";"55604,56";"15734,17";"0,002515";3538303
"Piquete";"2018";"164538,95";"11994,38";"0,007443";3538501
"Piracaia";"2018";"476055,05";"18276,07";"0,021535";3538600
"Piracicaba";"2018";"26421071,96";"68598,54";"1,19522";3538709
"Piraju";"2018";"741638,84";"25957,75";"0,03355";3538808
"Pirajuí";"2018";"472402,7";"20363,06";"0,02137";3538907
"Pirangi";"2018";"332787,39";"30836,49";"0,015054";3539004
"Pirapora do Bom Jesus";"2018";"457428,74";"25150,03";"0,020693";3539103
"Pirapozinho";"2018";"950942,9";"35603,84";"0,043018";3539202
"Pirassununga";"2018";"2791616,99";"38227,19";"0,126285";3539301
"Piratininga";"2018";"235384,52";"18124,63";"0,010648";3539400
"Pitangueiras";"2018";"1064537,37";"28062,88";"0,048157";3539509
"Planalto";"2018";"155859,26";"30979,78";"0,007051";3539608
"Platina";"2018";"94367,66";"27440,44";"0,004269";3539707
"Poá";"2018";"4660371,28";"40981,47";"0,210823";3539806
"Poloni";"2018";"132003,48";"23509,08";"0,005971";3539905
"Pompéia";"2018";"1244454,99";"59183,67";"0,056296";3540002
"Pongaí";"2018";"81246,32";"24123,02";"0,003675";3540101
"Pontal";"2018";"1165982,76";"24464,09";"0,052746";3540200
"Pontalinda";"2018";"77905,48";"17669,65";"0,003524";3540259
"Pontes Gestal";"2018";"156073,34";"61835,71";"0,00706";3540309
"Populina";"2018";"96206,18";"23831,11";"0,004352";3540408
"Porangaba";"2018";"176281,62";"19324,89";"0,007975";3540507
"Porto Feliz";"2018";"2599839,47";"50828,74";"0,11761";3540606
"Porto Ferreira";"2018";"2051153,36";"38262,79";"0,092789";3540705
"Potim";"2018";"217418,06";"10640,01";"0,009835";3540754
"Potirendaba";"2018";"515159,49";"31416";"0,023304";3540804
"Pracinha";"2018";"32788,47";"11310,27";"0,001483";3540853
"Pradópolis";"2018";"865026,41";"42721,57";"0,039132";3540903
"Praia Grande";"2018";"7041818,49";"22996,92";"0,318553";3541000
"Pratânia";"2018";"131212,91";"26034,31";"0,005936";3541059
"Presidente Alves";"2018";"73374,05";"18179,89";"0,003319";3541109
"Presidente Bernardes";"2018";"270320,3";"19731,41";"0,012229";3541208
"Presidente Epitácio";"2018";"852134,75";"20205,22";"0,038548";3541307
"Presidente Prudente";"2018";"7994539,21";"36580,91";"0,361652";3541406
"Presidente Venceslau";"2018";"716510,51";"18855,54";"0,032413";3541505
"Promissão";"2018";"1626226,28";"41834,34";"0,073566";3541604
"Quadra";"2018";"99055,59";"27393,69";"0,004481";3541653
"Quatá";"2018";"460246,49";"33570,13";"0,02082";3541703
"Queiroz";"2018";"325972,98";"102410,61";"0,014746";3541802
"Queluz";"2018";"336306,63";"27112,76";"0,015214";3541901
"Quintana";"2018";"172981,36";"27015,67";"0,007825";3542008
"Rafard";"2018";"322054";"36214,33";"0,014569";3542107
"Rancharia";"2018";"1105058,95";"38332,83";"0,04999";3542206
"Redenção da Serra";"2018";"53183,15";"13846,17";"0,002406";3542305
"Regente Feijó";"2018";"710647,43";"36824,93";"0,032148";3542404
"Reginópolis";"2018";"145013,12";"20051,59";"0,00656";3542503
"Registro";"2018";"1966592,56";"36328,9";"0,088963";3542602
"Restinga";"2018";"166037,14";"22716,81";"0,007511";3542701
"Ribeira";"2018";"48124,65";"14775,76";"0,002177";3542800
"Ribeirão Bonito";"2018";"256182,28";"20028,32";"0,011589";3542909
"Ribeirão Branco";"2018";"299912,13";"16934,62";"0,013567";3543006
"Ribeirão Corrente";"2018";"110251,97";"24035,75";"0,004988";3543105
"Ribeirão do Sul";"2018";"151669,65";"34699,07";"0,006861";3543204
"Ribeirão dos Índios";"2018";"35699,04";"16619,67";"0,001615";3543238
"Ribeirão Grande";"2018";"266723,95";"35596,42";"0,012066";3543253
"Ribeirão Pires";"2018";"3042929,85";"25805,69";"0,137654";3543303
"Ribeirão Preto";"2018";"34327543,84";"51297,92";"1,552888";3543402
"Rifaina";"2018";"120313,57";"34772,71";"0,005443";3543600
"Rincão";"2018";"196051,53";"18714,35";"0,008869";3543709
"Rinópolis";"2018";"254726,24";"26107,02";"0,011523";3543808
"Rio Claro";"2018";"9799855,55";"49411,87";"0,44332";3543907
"Rio das Pedras";"2018";"1391174,78";"41536,28";"0,062933";3544004
"Rio Grande da Serra";"2018";"566839,05";"11651,85";"0,025642";3544103
"Riolândia";"2018";"252068,61";"22394,16";"0,011403";3544202
"Riversul";"2018";"69244,69";"11982,12";"0,003132";3543501
"Rosana";"2018";"1195602,74";"64321,21";"0,054086";3544251
"Roseira";"2018";"293642,49";"28129,37";"0,013284";3544301
"Rubiácea";"2018";"62783,29";"20693,24";"0,00284";3544400
"Rubinéia";"2018";"78016,62";"26294,78";"0,003529";3544509
"Sabino";"2018";"118224,77";"21804,64";"0,005348";3544608
"Sagres";"2018";"37624,09";"15922,17";"0,001702";3544707
"Sales";"2018";"142933,54";"24054,79";"0,006466";3544806
"Sales Oliveira";"2018";"346048,08";"30510,32";"0,015654";3544905
"Salesópolis";"2018";"202551,97";"12209,28";"0,009163";3545001
"Salmourão";"2018";"71637,75";"14177,27";"0,003241";3545100
"Saltinho";"2018";"245300,04";"31770,5";"0,011097";3545159
"Salto";"2018";"7310873,85";"64460,69";"0,330725";3545209
"Salto de Pirapora";"2018";"1687820,11";"38860,32";"0,076353";3545308
"Salto Grande";"2018";"222060,3";"24594,12";"0,010045";3545407
"Sandovalina";"2018";"382983,14";"93228,61";"0,017325";3545506
"Santa Adélia";"2018";"307032,78";"20763,7";"0,013889";3545605
"Santa Albertina";"2018";"183039,65";"32196,95";"0,00828";3545704
"Santa Bárbara d'Oeste";"2018";"5929775,84";"31691,56";"0,268247";3545803
"Santa Branca";"2018";"244456,95";"17338,6";"0,011059";3546009
"Santa Clara d'Oeste";"2018";"68152,63";"33672,25";"0,003083";3546108
"Santa Cruz da Conceição";"2018";"123662,31";"28893,06";"0,005594";3546207
"Santa Cruz da Esperança";"2018";"51633,56";"25138,05";"0,002336";3546256
"Santa Cruz das Palmeiras";"2018";"500272,78";"15165,76";"0,022631";3546306
"Santa Cruz do Rio Pardo";"2018";"2033565,53";"44526,41";"0,091993";3546405
"Santa Ernestina";"2018";"92793,33";"16773,92";"0,004198";3546504
"Santa Fé do Sul";"2018";"1084779,85";"35563,05";"0,049073";3546603
"Santa Gertrudes";"2018";"1769004,01";"70015,2";"0,080025";3546702
"Santa Isabel";"2018";"1576127,3";"29084,67";"0,0713";3546801
"Santa Lúcia";"2018";"114834,71";"13505,2";"0,005195";3546900
"Santa Maria da Serra";"2018";"133599,02";"22296,23";"0,006044";3547007
"Santa Mercedes";"2018";"66453,47";"23615,31";"0,003006";3547106
"Santa Rita d'Oeste";"2018";"63517,35";"26117,33";"0,002873";3547403
"Santa Rita do Passa Quatro";"2018";"663992,23";"25143,6";"0,030037";3547502
"Santa Rosa de Viterbo";"2018";"695918,63";"27545,86";"0,031482";3547601
"Santa Salete";"2018";"35974,14";"24930,1";"0,001627";3547650
"Santana da Ponte Pensa";"2018";"35446,49";"23137,4";"0,001604";3547205
"Santana de Parnaíba";"2018";"9235462,66";"69798,01";"0,417788";3547304
"Santo Anastácio";"2018";"412908,13";"20462,27";"0,018679";3547700
"Santo André";"2018";"28994685,62";"41987,75";"1,311643";3547809
"Santo Antônio da Alegria";"2018";"130398,47";"19841,52";"0,005899";3547908
"Santo Antônio de Posse";"2018";"1128394,99";"50320,86";"0,051046";3548005
"Santo Antônio do Aracanguá";"2018";"207426,59";"25498,04";"0,009383";3548054
"Santo Antônio do Jardim";"2018";"151034,46";"25853,21";"0,006832";3548104
"Santo Antônio do Pinhal";"2018";"110461,8";"16746,79";"0,004997";3548203
"Santo Expedito";"2018";"38183,04";"12991,85";"0,001727";3548302
"Santópolis do Aguapeí";"2018";"70361,96";"15319,39";"0,003183";3548401
"Santos";"2018";"22476976,43";"52682,97";"1,016799";3548500
"São Bento do Sapucaí";"2018";"203399,84";"19352,98";"0,009201";3548609
"São Bernardo do Campo";"2018";"50568693,34";"62914,3";"2,287594";3548708
"São Caetano do Sul";"2018";"13440728,41";"89018,52";"0,608023";3548807
"São Carlos";"2018";"11173000,34";"46781,45";"0,505437";3548906
"São Francisco";"2018";"47830,17";"17714,88";"0,002164";3549003
"São João da Boa Vista";"2018";"3129019,37";"36098,93";"0,141549";3549102
"São João das Duas Pontes";"2018";"44379,8";"17808,91";"0,002008";3549201
"São João de Iracema";"2018";"33837,87";"18410,16";"0,001531";3549250
"São João do Pau d'Alho";"2018";"46223,36";"23054,04";"0,002091";3549300
"São Joaquim da Barra";"2018";"1698323,28";"34261,8";"0,076828";3549409
"São José da Bela Vista";"2018";"162060,23";"18717,97";"0,007331";3549508
"São José do Barreiro";"2018";"52973,52";"13018,81";"0,002396";3549607
"São José do Rio Pardo";"2018";"1819622,72";"34358,44";"0,082315";3549706
"São José do Rio Preto";"2018";"17542485,09";"39797,29";"0,793576";3549805
"São José dos Campos";"2018";"39697500,5";"57105,31";"1,79581";3549904
"São Lourenço da Serra";"2018";"208682,83";"13687,71";"0,00944";3549953
"São Luiz do Paraitinga";"2018";"164479,85";"15618,64";"0,007441";3550001
"São Manuel";"2018";"1205346,2";"30650,11";"0,054527";3550100
"São Miguel Arcanjo";"2018";"681072,17";"21368,98";"0,03081";3550209
"São Paulo";"2018";"714683362,46";"60805,18";"32,330393";3550308
"São Pedro";"2018";"752865,72";"22323,67";"0,034058";3550407
"São Pedro do Turvo";"2018";"182002,32";"24833,17";"0,008233";3550506
"São Roque";"2018";"2971649,83";"34616,86";"0,13443";3550605
"São Sebastião";"2018";"3781838,9";"44718,97";"0,17108";3550704
"São Sebastião da Grama";"2018";"285430,92";"23881,44";"0,012912";3550803
"São Simão";"2018";"443202,65";"30063,94";"0,020049";3550902
"São Vicente";"2018";"5450049,3";"15448,25";"0,246546";3551009
"Sarapuí";"2018";"145420,98";"14703,84";"0,006578";3551108
"Sarutaiá";"2018";"61527,77";"16907,88";"0,002783";3551207
"Sebastianópolis do Sul";"2018";"247150,24";"76046,23";"0,01118";3551306
"Serra Azul";"2018";"154219,15";"12777,06";"0,006976";3551405
"Serra Negra";"2018";"722441,5";"26506,75";"0,032681";3551603
"Serrana";"2018";"920681,26";"21237,34";"0,041649";3551504
"Sertãozinho";"2018";"5496320,81";"45758,44";"0,248639";3551702
"Sete Barras";"2018";"370553,61";"29283,52";"0,016763";3551801
"Severínia";"2018";"231724,41";"13788,2";"0,010483";3551900
"Silveiras";"2018";"73199,35";"11958,72";"0,003311";3552007
"Socorro";"2018";"860930,28";"22415,97";"0,038946";3552106
"Sorocaba";"2018";"35015188,39";"54337,91";"1,583995";3552205
"Sud Mennucci";"2018";"167218,44";"21818,69";"0,007565";3552304
"Sumaré";"2018";"14438898,03";"52477,03";"0,653178";3552403
"Suzanápolis";"2018";"250973,29";"65323,61";"0,011353";3552551
"Suzano";"2018";"11147866,01";"39080,08";"0,5043";3552502
"Tabapuã";"2018";"235132,92";"19921,45";"0,010637";3552601
"Tabatinga";"2018";"253152,26";"16167,6";"0,011452";3552700
"Taboão da Serra";"2018";"8378881,42";"30359,59";"0,379039";3552809
"Taciba";"2018";"156073,84";"26068,79";"0,00706";3552908
"Taguaí";"2018";"271353,62";"21143,34";"0,012275";3553005
"Taiaçu";"2018";"96987,98";"16140,45";"0,004387";3553104
"Taiúva";"2018";"114070,64";"18100,71";"0,00516";3553203
"Tambaú";"2018";"561233,5";"24710,88";"0,025389";3553302
"Tanabi";"2018";"927274,76";"37201,11";"0,041947";3553401
"Tapiraí";"2018";"141524,21";"18303,7";"0,006402";3553500
"Tapiratiba";"2018";"325467,07";"25775,49";"0,014723";3553609
"Taquaral";"2018";"38527,37";"14045,7";"0,001743";3553658
"Taquaritinga";"2018";"1570576,59";"28880,98";"0,071049";3553708
"Taquarituba";"2018";"688842,95";"29911,98";"0,031161";3553807
"Taquarivaí";"2018";"218653,51";"38892,48";"0,009891";3553856
"Tarabai";"2018";"114693,85";"16074,82";"0,005188";3553906
"Tarumã";"2018";"774541,46";"53683,22";"0,035038";3553955
"Tatuí";"2018";"4002026,46";"34043";"0,181041";3554003
"Taubaté";"2018";"17267226,1";"57203,52";"0,781124";3554102
"Tejupá";"2018";"80084,38";"17013,89";"0,003623";3554201
"Teodoro Sampaio";"2018";"437472,15";"19689,1";"0,01979";3554300
"Terra Roxa";"2018";"140795,19";"15645,65";"0,006369";3554409
"Tietê";"2018";"1825509,98";"45361,05";"0,082581";3554508
"Timburi";"2018";"43974,08";"17097,23";"0,001989";3554607
"Torre de Pedra";"2018";"30024,8";"13014,65";"0,001358";3554656
"Torrinha";"2018";"203320,99";"21102,33";"0,009198";3554706
"Trabiju";"2018";"40615,67";"24320,76";"0,001837";3554755
"Tremembé";"2018";"755359,92";"16761,19";"0,03417";3554805
"Três Fronteiras";"2018";"106908,42";"19349,94";"0,004836";3554904
"Tuiuti";"2018";"136180,58";"21149,34";"0,00616";3554953
"Tupã";"2018";"1794916,76";"28513,37";"0,081197";3555000
"Tupi Paulista";"2018";"273975,77";"18475,67";"0,012394";3555109
"Turiúba";"2018";"42030,48";"21925,13";"0,001901";3555208
"Turmalina";"2018";"56023,8";"30514,05";"0,002534";3555307
"Ubarana";"2018";"316289,39";"53481,47";"0,014308";3555356
"Ubatuba";"2018";"2138384,18";"24615,91";"0,096735";3555406
"Ubirajara";"2018";"93473,13";"20249,81";"0,004228";3555505
"Uchoa";"2018";"223384,23";"23160,63";"0,010105";3555604
"União Paulista";"2018";"45471,31";"26560,34";"0,002057";3555703
"Urânia";"2018";"215269,6";"24857,92";"0,009738";3555802
"Uru";"2018";"41364,41";"34100,91";"0,001871";3555901
"Urupês";"2018";"392479,03";"30003,75";"0,017755";3556008
"Valentim Gentil";"2018";"324861,67";"26128,99";"0,014696";3556107
"Valinhos";"2018";"6199567,45";"50895,81";"0,280452";3556206
"Valparaíso";"2018";"873447,58";"36837,23";"0,039512";3556305
"Vargem";"2018";"131863,09";"13507,79";"0,005965";3556354
"Vargem Grande do Sul";"2018";"974158,38";"23716,58";"0,044068";3556404
"Vargem Grande Paulista";"2018";"2082695,31";"41000,36";"0,094216";3556453
"Várzea Paulista";"2018";"2843700,81";"24094,67";"0,128642";3556503
"Vera Cruz";"2018";"142846,91";"13522,05";"0,006462";3556602
"Vinhedo";"2018";"9276684,04";"123923,75";"0,419653";3556701
"Viradouro";"2018";"345821,63";"19055,63";"0,015644";3556800
"Vista Alegre do Alto";"2018";"345517,5";"44285,76";"0,01563";3556909
"Vitória Brasil";"2018";"35929,23";"20460,84";"0,001625";3556958
"Votorantim";"2018";"3093368,49";"26295,21";"0,139936";3557006
"Votuporanga";"2018";"2928687,61";"32385,52";"0,132486";3557105
"Zacarias";"2018";"88517,21";"35153,78";"0,004004";3557154
