"Localidades";"Períodos";"Valor Adicionado Total (Em mil reais correntes)";"Valor Adicionado da Administração Pública (Em mil reais correntes)";"Valor Adicionado na Indústria (Em mil reais correntes)";"Valor Adicionado dos Serviços (Em mil reais correntes)";"Valor Adicionado da Agropecuária (Em mil reais correntes)";"Impostos sobre Produtos Líquidos de Subsídios (Em mil reais correntes)";"Participação da Administração Pública no Total do Valor Adicionado (Em %)";"Participação da Indústria no Total do Valor Adicionado (Em %)";"Participação dos Serviços no Total do Valor Adicionado (Em %)";"Participação da Agropecuária no Total do Valor Adicionado (Em %)";"Cód. IBGE"
"Adamantina";"2018";"1000750,54";"177739,36";"131611,08";"833629,58";"35509,88";"83654,59";"17,76";"13,15";"83,3";"3,55";3500105
"Adolfo";"2018";"89226,71";"22193,63";"11020,43";"55559,23";"22647,06";"3147,01";"24,87";"12,35";"62,27";"25,38";3500204
"Aguaí";"2018";"885529,27";"128003,31";"314194,79";"489398,31";"81936,18";"122658,04";"14,46";"35,48";"55,27";"9,25";3500303
"Águas da Prata";"2018";"153948,53";"32800,51";"19332,61";"124631,49";"9984,44";"14356,2";"21,31";"12,56";"80,96";"6,49";3500402
"Águas de Lindóia";"2018";"457343,09";"89095,68";"37780,14";"414693,01";"4869,93";"34178,98";"19,48";"8,26";"90,67";"1,06";3500501
"Águas de Santa Bárbara";"2018";"158593,69";"34090,68";"9779,95";"98376,42";"50437,32";"8236,8";"21,5";"6,17";"62,03";"31,8";3500550
"Águas de São Pedro";"2018";"128883,4";"21328,63";"10762,99";"118120,41";"-";"7063,24";"16,55";"8,35";"91,65";"-";3500600
"Agudos";"2018";"1879413,33";"177012,04";"927745,5";"875071,58";"76596,25";"323936,92";"9,42";"49,36";"46,56";"4,08";3500709
"Alambari";"2018";"95862,32";"25509,29";"7398,26";"57491,26";"30972,8";"4634,97";"26,61";"7,72";"59,97";"32,31";3500758
"Alfredo Marcondes";"2018";"68166,42";"20357,65";"13694,81";"49440,88";"5030,72";"15206,34";"29,86";"20,09";"72,53";"7,38";3500808
"Altair";"2018";"103107,02";"21698,4";"5355,67";"47813,94";"49937,41";"3725,78";"21,04";"5,19";"46,37";"48,43";3500907
"Altinópolis";"2018";"469637,97";"67167,67";"18674,24";"302883,6";"148080,13";"28085,23";"14,3";"3,98";"64,49";"31,53";3501004
"Alto Alegre";"2018";"101304,95";"22687,53";"10185,54";"58205,38";"32914,02";"6407,03";"22,4";"10,05";"57,46";"32,49";3501103
"Alumínio";"2018";"1551372,69";"88405,83";"1019461,96";"531009,57";"901,16";"553731,82";"5,7";"65,71";"34,23";"0,06";3501152
"Álvares Florence";"2018";"116943,94";"20769,9";"4835,66";"49349,86";"62758,41";"2752,09";"17,76";"4,14";"42,2";"53,67";3501202
"Álvares Machado";"2018";"471272,72";"98416,03";"100750,87";"354428,83";"16093,02";"59445,1";"20,88";"21,38";"75,21";"3,41";3501301
"Álvaro de Carvalho";"2018";"48129,78";"20870,82";"2613,6";"39187,69";"6328,49";"1756,7";"43,36";"5,43";"81,42";"13,15";3501400
"Alvinlândia";"2018";"51032,19";"16447,14";"3757,48";"32751,66";"14523,05";"874,15";"32,23";"7,36";"64,18";"28,46";3501509
"Americana";"2018";"9727524,67";"985881,23";"2835212,56";"6883478,89";"8833,22";"1604883,5";"10,13";"29,15";"70,76";"0,09";3501608
"Américo Brasiliense";"2018";"870454,8";"150139,88";"303903,25";"549785,98";"16765,57";"88980,69";"17,25";"34,91";"63,16";"1,93";3501707
"Américo de Campos";"2018";"114487,03";"27249,92";"4507,13";"68054,43";"41925,47";"3245,43";"23,8";"3,94";"59,44";"36,62";3501806
"Amparo";"2018";"3923030,47";"301016,63";"1931615,25";"1915077,64";"76337,59";"723479,41";"7,67";"49,24";"48,82";"1,95";3501905
"Analândia";"2018";"178206,45";"31431,65";"59867,43";"85600,95";"32738,07";"5787,18";"17,64";"33,59";"48,03";"18,37";3502002
"Andradina";"2018";"1773957,01";"238114,69";"406638,41";"1267325,78";"99992,82";"148529,32";"13,42";"22,92";"71,44";"5,64";3502101
"Angatuba";"2018";"932093,87";"105383,52";"304750,04";"487587,16";"139756,67";"76318,07";"11,31";"32,7";"52,31";"14,99";3502200
"Anhembi";"2018";"172820,74";"32282,18";"25047,04";"74058,88";"73714,81";"7065,44";"18,68";"14,49";"42,85";"42,65";3502309
"Anhumas";"2018";"72388,77";"20043,17";"5774,18";"41443,65";"25170,95";"2436,42";"27,69";"7,98";"57,25";"34,77";3502408
"Aparecida";"2018";"1030619,04";"146185,86";"43173,63";"985933,28";"1512,14";"52154,34";"14,18";"4,19";"95,66";"0,15";3502507
"Aparecida d'Oeste";"2018";"120945,48";"20609,98";"34433,3";"60435,54";"26076,64";"7623,98";"17,04";"28,47";"49,97";"21,56";3502606
"Apiaí";"2018";"552490,51";"94382,74";"138625,02";"305533,6";"108331,88";"42196,97";"17,08";"25,09";"55,3";"19,61";3502705
"Aramina";"2018";"118032,93";"23065,01";"5008,04";"85335,99";"27688,9";"8575,29";"19,54";"4,24";"72,3";"23,46";3503000
"Arandu";"2018";"113595,78";"29488,66";"6090,4";"68102,01";"39403,37";"3983,66";"25,96";"5,36";"59,95";"34,69";3503109
"Arapeí";"2018";"29688,87";"14357,05";"1626,04";"26312,2";"1750,63";"1014,94";"48,36";"5,48";"88,63";"5,9";3503158
"Araraquara";"2018";"8379360,41";"1003150,61";"1691653,08";"6594744,31";"92963,01";"1029754,02";"11,97";"20,19";"78,7";"1,11";3503208
"Araras";"2018";"4933860,1";"553299,85";"1365752,95";"3465698,76";"102408,39";"631278,12";"11,21";"27,68";"70,24";"2,08";3503307
"Araçariguama";"2018";"2691372,55";"116825,75";"901461,39";"1788732,9";"1178,26";"579486,45";"4,34";"33,49";"66,46";"0,04";3502754
"Araçatuba";"2018";"6723668,31";"681472,54";"1148211,33";"5466418,14";"109038,85";"625753,03";"10,14";"17,08";"81,3";"1,62";3502804
"Araçoiaba da Serra";"2018";"779055,41";"133253,37";"229311,07";"528548,87";"21195,48";"82926,19";"17,1";"29,43";"67,84";"2,72";3502903
"Arco-Íris";"2018";"51595,32";"12949,09";"5855,37";"23855,95";"21884,01";"1419,8";"25,1";"11,35";"46,24";"42,41";3503356
"Arealva";"2018";"216993,08";"34652,72";"14516,61";"134448,58";"68027,89";"13794,79";"15,97";"6,69";"61,96";"31,35";3503406
"Areias";"2018";"41529,35";"20162,99";"1274,79";"35395,5";"4859,07";"1598,26";"48,55";"3,07";"85,23";"11,7";3503505
"Areiópolis";"2018";"137494,26";"42396,38";"11397,16";"100350,33";"25746,77";"5507,85";"30,84";"8,29";"72,99";"18,73";3503604
"Ariranha";"2018";"570384,84";"41533,82";"193090,41";"356049,02";"21245,4";"158198,22";"7,28";"33,85";"62,42";"3,72";3503703
"Artur Nogueira";"2018";"1056040,66";"194737,94";"197632,8";"744482,83";"113925,03";"128228,82";"18,44";"18,71";"70,5";"10,79";3503802
"Arujá";"2018";"5142300,91";"366044,55";"943418,11";"4174561,38";"24321,42";"1013113,43";"7,12";"18,35";"81,18";"0,47";3503901
"Aspásia";"2018";"34235,58";"11718,99";"1793,37";"21587,39";"10854,83";"969,72";"34,23";"5,24";"63,06";"31,71";3503950
"Assis";"2018";"3030591,83";"395938,96";"544811,16";"2439439,25";"46341,42";"332743,84";"13,06";"17,98";"80,49";"1,53";3504008
"Atibaia";"2018";"5992019,4";"592132,03";"1827296,27";"4001894,54";"162828,59";"1148384,87";"9,88";"30,5";"66,79";"2,72";3504107
"Auriflama";"2018";"288049,13";"61838,74";"38186,75";"226490,86";"23371,53";"16761,38";"21,47";"13,26";"78,63";"8,11";3504206
"Avaí";"2018";"263535,84";"26843,3";"10067,55";"89224,45";"164243,83";"8372,21";"10,19";"3,82";"33,86";"62,32";3504305
"Avanhandava";"2018";"295387,74";"52819,77";"101047,57";"159344,92";"34995,25";"24077,55";"17,88";"34,21";"53,94";"11,85";3504404
"Avaré";"2018";"2505122,31";"369710,57";"482741,33";"1902814,13";"119566,85";"232038,45";"14,76";"19,27";"75,96";"4,77";3504503
"Bady Bassitt";"2018";"323873,7";"71524,39";"36176,37";"275978,45";"11718,88";"29547,26";"22,08";"11,17";"85,21";"3,62";3504602
"Balbinos";"2018";"55748,62";"23367,05";"5325,86";"35715,81";"14706,95";"1814,17";"41,92";"9,55";"64,07";"26,38";3504701
"Bálsamo";"2018";"186708,56";"36223,14";"25468,63";"134515,41";"26724,52";"16331,16";"19,4";"13,64";"72,05";"14,31";3504800
"Bananal";"2018";"173662,07";"46591,91";"32807,26";"134103,31";"6751,51";"10891,67";"26,83";"18,89";"77,22";"3,89";3504909
"Barão de Antonina";"2018";"51774,27";"17663,31";"2500,48";"35205,92";"14067,87";"1501,35";"34,12";"4,83";"68";"27,17";3505005
"Barbosa";"2018";"91093,97";"28665,65";"7219,56";"68168,07";"15706,34";"3817,13";"31,47";"7,93";"74,83";"17,24";3505104
"Bariri";"2018";"1033411,07";"142946,92";"282602,41";"697020,84";"53787,83";"126788,19";"13,83";"27,35";"67,45";"5,2";3505203
"Barra Bonita";"2018";"1170457,65";"149025,94";"368603,58";"785482,97";"16371,1";"112074,02";"12,73";"31,49";"67,11";"1,4";3505302
"Barra do Chapéu";"2018";"78712,6";"24158,11";"3397,07";"42780,66";"32534,87";"2503,73";"30,69";"4,32";"54,35";"41,33";3505351
"Barra do Turvo";"2018";"83887,11";"35624,34";"4870,83";"75689,17";"3327,11";"7132,68";"42,47";"5,81";"90,23";"3,97";3505401
"Barretos";"2018";"4453435,79";"521551,9";"1193448,4";"3069896,54";"190090,85";"405933,29";"11,71";"26,8";"68,93";"4,27";3505500
"Barrinha";"2018";"482667,85";"123151,52";"83370,07";"376829,12";"22468,66";"34988,28";"25,51";"17,27";"78,07";"4,66";3505609
"Barueri";"2018";"36438842,45";"1844659,96";"4525241,17";"31913282,22";"319,06";"14127801,54";"5,06";"12,42";"87,58";"0";3505708
"Bastos";"2018";"907803,1";"85204,77";"108312,02";"367527,75";"431963,33";"51722,05";"9,39";"11,93";"40,49";"47,58";3505807
"Batatais";"2018";"1456146,48";"240524,75";"221975,77";"1106081,57";"128089,14";"133922,01";"16,52";"15,24";"75,96";"8,8";3505906
"Bauru";"2018";"13282541,67";"1430660,77";"2641158,31";"10594487,37";"46895,99";"1359519,09";"10,77";"19,88";"79,76";"0,35";3506003
"Bebedouro";"2018";"2908378,78";"334259,95";"450708,86";"2362740,67";"94929,24";"436172,59";"11,49";"15,5";"81,24";"3,26";3506102
"Bento de Abreu";"2018";"154701,34";"18523,62";"61078,63";"59348,22";"34274,49";"12846,01";"11,97";"39,48";"38,36";"22,16";3506201
"Bernardino de Campos";"2018";"204823,94";"44580,88";"40163,46";"139402,24";"25258,25";"15434,59";"21,77";"19,61";"68,06";"12,33";3506300
"Bertioga";"2018";"1594989,07";"371543,35";"177571,88";"1411742,57";"5674,62";"95607,18";"23,29";"11,13";"88,51";"0,36";3506359
"Bilac";"2018";"184097,63";"32427,76";"8397,4";"118707,31";"56992,92";"8943,66";"17,61";"4,56";"64,48";"30,96";3506409
"Birigui";"2018";"3020937,9";"473613,68";"630094,23";"2338488,71";"52354,97";"315631,7";"15,68";"20,86";"77,41";"1,73";3506508
"Biritiba Mirim";"2018";"663899,47";"115045,67";"39588,89";"343439,45";"280871,13";"23703,12";"17,33";"5,96";"51,73";"42,31";3506607
"Boa Esperança do Sul";"2018";"292647,24";"63418,57";"21126,74";"185227,87";"86292,64";"16836,79";"21,67";"7,22";"63,29";"29,49";3506706
"Bocaina";"2018";"202125,78";"50629,42";"26455,96";"141888,77";"33781,04";"15339,92";"25,05";"13,09";"70,2";"16,71";3506805
"Bofete";"2018";"177419,79";"47330,56";"27472,52";"116166,71";"33780,56";"9696,27";"26,68";"15,48";"65,48";"19,04";3506904
"Boituva";"2018";"2020178,49";"264472,07";"712120,03";"1287672,15";"20386,31";"361338,66";"13,09";"35,25";"63,74";"1,01";3507001
"Bom Jesus dos Perdões";"2018";"774984,28";"99420,62";"310372,16";"456599,66";"8012,46";"133443,68";"12,83";"40,05";"58,92";"1,03";3507100
"Bom Sucesso de Itararé";"2018";"60078,98";"18932,45";"14262,58";"40022,51";"5793,89";"2580,79";"31,51";"23,74";"66,62";"9,64";3507159
"Borá";"2018";"65235,74";"8331,57";"26673,09";"26028,64";"12534,01";"5653,84";"12,77";"40,89";"39,9";"19,21";3507209
"Boracéia";"2018";"346388,9";"23141,47";"191056,68";"136823,99";"18508,23";"36782,64";"6,68";"55,16";"39,5";"5,34";3507308
"Borborema";"2018";"347048,5";"66874,4";"26898,39";"238577,75";"81572,36";"25196,91";"19,27";"7,75";"68,74";"23,5";3507407
"Borebi";"2018";"61214,97";"16907,75";"2798,71";"38050,29";"20365,97";"4063,19";"27,62";"4,57";"62,16";"33,27";3507456
"Botucatu";"2018";"4212251,1";"471018,13";"1090166,24";"2921017,14";"201067,73";"411158,37";"11,18";"25,88";"69,35";"4,77";3507506
"Bragança Paulista";"2018";"5544497,76";"622758,03";"1606000,1";"3893275,54";"45222,12";"761008,98";"11,23";"28,97";"70,22";"0,82";3507605
"Braúna";"2018";"94347,9";"25766,98";"8301,17";"63507,37";"22539,36";"3814,89";"27,31";"8,8";"67,31";"23,89";3507704
"Brejo Alegre";"2018";"77752,81";"19177,72";"21260,55";"46826,16";"9666,1";"5406,27";"24,66";"27,34";"60,22";"12,43";3507753
"Brodowski";"2018";"605278,07";"104287,41";"158396,86";"404170,35";"42710,86";"63701,65";"17,23";"26,17";"66,77";"7,06";3507803
"Brotas";"2018";"599981,59";"107398,66";"67274,73";"442756,64";"89950,23";"57872,3";"17,9";"11,21";"73,8";"14,99";3507902
"Buri";"2018";"393393,25";"83534,48";"42021,42";"226508,2";"124863,64";"20312,78";"21,23";"10,68";"57,58";"31,74";3508009
"Buritama";"2018";"600372,57";"72769,01";"248558,25";"306431,75";"45382,56";"35289,84";"12,12";"41,4";"51,04";"7,56";3508108
"Buritizal";"2018";"168961,58";"26474,78";"62237,86";"73693,41";"33030,32";"9003,91";"15,67";"36,84";"43,62";"19,55";3508207
"Cabrália Paulista";"2018";"78593,23";"21784,36";"14284,96";"46522,72";"17785,56";"3957,22";"27,72";"18,18";"59,19";"22,63";3508306
"Cabreúva";"2018";"3640688,85";"223327,25";"1129791,5";"2482107,4";"28789,95";"1036453,35";"6,13";"31,03";"68,18";"0,79";3508405
"Cachoeira Paulista";"2018";"576811,94";"128815,76";"62165,84";"502016,7";"12629,41";"31679,67";"22,33";"10,78";"87,03";"2,19";3508603
"Caconde";"2018";"348579,05";"70845,57";"34290,06";"220358,86";"93930,13";"8763,08";"20,32";"9,84";"63,22";"26,95";3508702
"Cafelândia";"2018";"463244,42";"76562,21";"96274,71";"275201,44";"91768,27";"41788,43";"16,53";"20,78";"59,41";"19,81";3508801
"Caiabu";"2018";"56618,42";"19597,13";"3730,3";"38743,29";"14144,83";"1595,94";"34,61";"6,59";"68,43";"24,98";3508900
"Caieiras";"2018";"3050503,57";"376674,52";"1207823,65";"1840879,23";"1800,69";"505808,72";"12,35";"39,59";"60,35";"0,06";3509007
"Caiuá";"2018";"72186,95";"28168,71";"2989,63";"48183,83";"21013,5";"3423,56";"39,02";"4,14";"66,75";"29,11";3509106
"Cajamar";"2018";"12989252,9";"396704,75";"2092852,01";"10896022,85";"378,05";"3980858,05";"3,05";"16,11";"83,88";"0";3509205
"Cajati";"2018";"1264621,63";"120891,78";"565118,25";"513731,02";"185772,37";"187853,86";"9,56";"44,69";"40,62";"14,69";3509254
"Cajobi";"2018";"147894,04";"42093,73";"7723,82";"114650,81";"25519,41";"8071,81";"28,46";"5,22";"77,52";"17,26";3509304
"Cajuru";"2018";"511305,21";"100809,23";"112577,69";"334074,88";"64652,64";"60860,28";"19,72";"22,02";"65,34";"12,64";3509403
"Campina do Monte Alegre";"2018";"103649,79";"28708,09";"12688,54";"71952,52";"19008,73";"5001,26";"27,7";"12,24";"69,42";"18,34";3509452
"Campinas";"2018";"50655492";"4599177,79";"9362866,23";"41197147,4";"95478,38";"10741770,53";"9,08";"18,48";"81,33";"0,19";3509502
"Campo Limpo Paulista";"2018";"1841113,14";"311230,8";"613184,95";"1221625,49";"6302,69";"269935,18";"16,9";"33,31";"66,35";"0,34";3509601
"Campos do Jordão";"2018";"1172939,77";"218072,97";"122893,1";"1046305,75";"3740,92";"74935,7";"18,59";"10,48";"89,2";"0,32";3509700
"Campos Novos Paulista";"2018";"135893,5";"24304,51";"8837,94";"72764,09";"54291,47";"5884,52";"17,88";"6,5";"53,54";"39,95";3509809
"Cananéia";"2018";"290538,77";"60438,86";"77892,85";"183002,24";"29643,68";"10118,14";"20,8";"26,81";"62,99";"10,2";3509908
"Canas";"2018";"93909,43";"24489,47";"15298";"76111,4";"2500,03";"10670,13";"26,08";"16,29";"81,05";"2,66";3509957
"Cândido Mota";"2018";"1014322,77";"118194,24";"186523,99";"737686,71";"90112,07";"152150,86";"11,65";"18,39";"72,73";"8,88";3510005
"Cândido Rodrigues";"2018";"94553,68";"15550,84";"10997,18";"51227,01";"32329,49";"5547,1";"16,45";"11,63";"54,18";"34,19";3510104
"Canitar";"2018";"171255,05";"24274,91";"89774,09";"74738,22";"6742,74";"17413,16";"14,17";"52,42";"43,64";"3,94";3510153
"Capão Bonito";"2018";"855702,53";"187989,7";"89200,04";"619592,54";"146909,95";"50760,29";"21,97";"10,42";"72,41";"17,17";3510203
"Capela do Alto";"2018";"255613,42";"82429,56";"25599,85";"201919,52";"28094,05";"16857,93";"32,25";"10,02";"78,99";"10,99";3510302
"Capivari";"2018";"1786183,55";"240324,26";"676712,76";"1056863,42";"52607,36";"273520,49";"13,45";"37,89";"59,17";"2,95";3510401
"Caraguatatuba";"2018";"3098162,76";"597273,94";"453271,94";"2631700,47";"13190,35";"227757,3";"19,28";"14,63";"84,94";"0,43";3510500
"Carapicuíba";"2018";"5245954,99";"1103518,94";"800616,23";"4445110,87";"227,9";"499356,03";"21,04";"15,26";"84,73";"0";3510609
"Cardoso";"2018";"245635,79";"52461,24";"14163,14";"171203,51";"60269,14";"9903,49";"21,36";"5,77";"69,7";"24,54";3510708
"Casa Branca";"2018";"767787,77";"127987,26";"63987,67";"526474,66";"177325,44";"63380,19";"16,67";"8,33";"68,57";"23,1";3510807
"Cássia dos Coqueiros";"2018";"147482,51";"16794,97";"5883,63";"43079,53";"98519,35";"1432,8";"11,39";"3,99";"29,21";"66,8";3510906
"Castilho";"2018";"788996,56";"105135,33";"299976,68";"425181,63";"63838,25";"75947,12";"13,33";"38,02";"53,89";"8,09";3511003
"Catanduva";"2018";"3824921,59";"503664,78";"796144,54";"2983681,26";"45095,79";"370299,07";"13,17";"20,81";"78,01";"1,18";3511102
"Catiguá";"2018";"110169,9";"31893,04";"6534,03";"85036,27";"18599,6";"6723,33";"28,95";"5,93";"77,19";"16,88";3511201
"Caçapava";"2018";"3623755,24";"354904,51";"1614161,69";"1993483,7";"16109,85";"694689,27";"9,79";"44,54";"55,01";"0,44";3508504
"Cedral";"2018";"271214,06";"42947,59";"81152,2";"162532,7";"27529,16";"41211,09";"15,84";"29,92";"59,93";"10,15";3511300
"Cerqueira César";"2018";"561750,35";"88197,14";"168655,26";"326827,82";"66267,27";"43437";"15,7";"30,02";"58,18";"11,8";3511409
"Cerquilho";"2018";"1582260,95";"187770,09";"592815,58";"937435,8";"52009,57";"250964,55";"11,87";"37,47";"59,25";"3,29";3511508
"Cesário Lange";"2018";"393874,76";"73050,4";"74963,76";"286780,95";"32130,05";"38378,89";"18,55";"19,03";"72,81";"8,16";3511607
"Charqueada";"2018";"322041,78";"62526,76";"96992,04";"204563,08";"20486,66";"31863,58";"19,42";"30,12";"63,52";"6,36";3511706
"Chavantes";"2018";"191478,97";"51831,91";"13094,88";"156403,86";"21980,24";"15977,12";"27,07";"6,84";"81,68";"11,48";3557204
"Clementina";"2018";"201170,32";"33666,14";"63114,79";"121597,34";"16458,2";"18638,65";"16,74";"31,37";"60,44";"8,18";3511904
"Colina";"2018";"983922,4";"88473,93";"399239,89";"516641,34";"68041,17";"123971,04";"8,99";"40,58";"52,51";"6,92";3512001
"Colômbia";"2018";"309671,59";"39808,83";"68458,93";"116928,73";"124283,92";"20374,12";"12,86";"22,11";"37,76";"40,13";3512100
"Conchal";"2018";"629002,49";"117899,14";"177019,47";"406990,62";"44992,4";"63283,98";"18,74";"28,14";"64,7";"7,15";3512209
"Conchas";"2018";"331557,93";"73712,83";"29104,12";"241809,45";"60644,36";"20834,1";"22,23";"8,78";"72,93";"18,29";3512308
"Cordeirópolis";"2018";"2381034,36";"144638,79";"787162,25";"1545885,06";"47987,05";"441187,62";"6,07";"33,06";"64,92";"2,02";3512407
"Coroados";"2018";"153660,62";"24975,67";"29321,92";"83974,97";"40363,74";"11843,25";"16,25";"19,08";"54,65";"26,27";3512506
"Coronel Macedo";"2018";"74210,98";"22466,7";"7097,54";"43672,89";"23440,55";"2660,23";"30,27";"9,56";"58,85";"31,59";3512605
"Corumbataí";"2018";"207952,86";"23728,75";"11199,89";"170464,75";"26288,21";"40608,53";"11,41";"5,39";"81,97";"12,64";3512704
"Cosmópolis";"2018";"1423654,32";"263534,18";"479472,23";"921489,78";"22692,31";"167436,52";"18,51";"33,68";"64,73";"1,59";3512803
"Cosmorama";"2018";"297913";"34752,77";"96290,88";"129814,93";"71807,19";"37983,05";"11,67";"32,32";"43,57";"24,1";3512902
"Cotia";"2018";"9877577,78";"994032,56";"2763445,19";"7096237,27";"17895,32";"2656991,19";"10,06";"27,98";"71,84";"0,18";3513009
"Cravinhos";"2018";"1029813,07";"141503,35";"296183,61";"683688,76";"49940,7";"165915,47";"13,74";"28,76";"66,39";"4,85";3513108
"Cristais Paulista";"2018";"186441,41";"35487,4";"13579,51";"110660,43";"62201,47";"6731,21";"19,03";"7,28";"59,35";"33,36";3513207
"Cruzália";"2018";"93119,4";"13916,2";"3006,56";"71411,15";"18701,69";"11414,68";"14,94";"3,23";"76,69";"20,08";3513306
"Cruzeiro";"2018";"2126257,83";"304006,86";"740690,97";"1378680,87";"6886";"309560,64";"14,3";"34,84";"64,84";"0,32";3513405
"Cubatão";"2018";"11345291,58";"799377,3";"6294750,08";"5049629,91";"911,59";"1837946,97";"7,05";"55,48";"44,51";"0,01";3513504
"Cunha";"2018";"249212,63";"83737";"16685,07";"210601,57";"21926";"9837,23";"33,6";"6,7";"84,51";"8,8";3513603
"Descalvado";"2018";"1355004,28";"138344,99";"461033,57";"792051,86";"101918,86";"231423,54";"10,21";"34,02";"58,45";"7,52";3513702
"Diadema";"2018";"12055549,52";"1613713,03";"4023650,26";"8031124,41";"774,85";"2616421,7";"13,39";"33,38";"66,62";"0,01";3513801
"Dirce Reis";"2018";"52341,3";"12446,75";"18391,78";"27668,56";"6280,96";"5049,35";"23,78";"35,14";"52,86";"12";3513850
"Divinolândia";"2018";"267739,57";"43611,51";"13153,75";"206870,34";"47715,48";"11797,38";"16,29";"4,91";"77,27";"17,82";3513900
"Dobrada";"2018";"106520,72";"33437,85";"13710,6";"71061,93";"21748,18";"8880,24";"31,39";"12,87";"66,71";"20,42";3514007
"Dois Córregos";"2018";"588664,21";"103304,63";"110360,59";"391140,56";"87163,07";"59222,8";"17,55";"18,75";"66,45";"14,81";3514106
"Dolcinópolis";"2018";"45009,3";"11790,72";"2482,23";"27584,77";"14942,3";"1281,61";"26,2";"5,51";"61,29";"33,2";3514205
"Dourado";"2018";"482665,74";"37897,65";"127731,34";"335829,76";"19104,64";"144514,26";"7,85";"26,46";"69,58";"3,96";3514304
"Dracena";"2018";"1105907,69";"170313,19";"110519,79";"953993,99";"41393,91";"93782,95";"15,4";"9,99";"86,26";"3,74";3514403
"Duartina";"2018";"224645,82";"50710,92";"30393,1";"180598,7";"13654,02";"12633,01";"22,57";"13,53";"80,39";"6,08";3514502
"Dumont";"2018";"204611,71";"37772,71";"58083,19";"127515,56";"19012,96";"24379,04";"18,46";"28,39";"62,32";"9,29";3514601
"Echaporã";"2018";"121050,34";"26898,67";"7930,41";"74704,54";"38415,39";"4391,68";"22,22";"6,55";"61,71";"31,74";3514700
"Eldorado";"2018";"312581,46";"62475,59";"15867,05";"147365,99";"149348,43";"8560,64";"19,99";"5,08";"47,14";"47,78";3514809
"Elias Fausto";"2018";"609677,61";"74300,74";"249568,56";"291507,99";"68601,06";"97026,84";"12,19";"40,93";"47,81";"11,25";3514908
"Elisiário";"2018";"60691,05";"18343,05";"5327,02";"42733,94";"12630,09";"3045,69";"30,22";"8,78";"70,41";"20,81";3514924
"Embaúba";"2018";"50634,54";"14898,81";"5845,83";"31143,37";"13645,34";"1528,03";"29,42";"11,55";"61,51";"26,95";3514957
"Embu das Artes";"2018";"10531961,99";"951080,48";"1277283,09";"9254405,42";"273,48";"2716231,39";"9,03";"12,13";"87,87";"0";3515004
"Embu-Guaçu";"2018";"971282,03";"250463,69";"221284,79";"748123,56";"1873,68";"150611,45";"25,79";"22,78";"77,02";"0,19";3515103
"Emilianópolis";"2018";"59961,58";"18192,15";"5183,81";"37139,56";"17638,21";"1785,78";"30,34";"8,65";"61,94";"29,42";3515129
"Engenheiro Coelho";"2018";"592891,27";"83616,18";"177618,19";"390915,9";"24357,18";"70423,1";"14,1";"29,96";"65,93";"4,11";3515152
"Espírito Santo do Pinhal";"2018";"1298901,65";"162421,93";"353237,87";"875890,3";"69773,48";"134331,2";"12,5";"27,2";"67,43";"5,37";3515186
"Espírito Santo do Turvo";"2018";"73888,68";"22839,34";"4407,91";"48352,84";"21127,94";"4802,92";"30,91";"5,97";"65,44";"28,59";3515194
"Estiva Gerbi";"2018";"309129,76";"49063,75";"125048,47";"152185,4";"31895,89";"25505,33";"15,87";"40,45";"49,23";"10,32";3557303
"Estrela d'Oeste";"2018";"561045,53";"36248,81";"266199,83";"253950,11";"40895,59";"65067,12";"6,46";"47,45";"45,26";"7,29";3515202
"Estrela do Norte";"2018";"49010,88";"17205";"2984,98";"31239,09";"14786,81";"1579,46";"35,1";"6,09";"63,74";"30,17";3515301
"Euclides da Cunha Paulista";"2018";"154999,67";"38368,81";"8111,81";"81181,82";"65706,04";"4118,25";"24,75";"5,23";"52,38";"42,39";3515350
"Fartura";"2018";"350731,15";"63864";"40466,23";"252876,76";"57388,17";"19897,08";"18,21";"11,54";"72,1";"16,36";3515400
"Fernando Prestes";"2018";"181274,8";"25994,56";"16029,2";"93206,81";"72038,79";"10132,94";"14,34";"8,84";"51,42";"39,74";3515608
"Fernandópolis";"2018";"1849931,25";"263475,32";"258577,97";"1505111,9";"86241,39";"156172,54";"14,24";"13,98";"81,36";"4,66";3515509
"Fernão";"2018";"48616,82";"11986,07";"2509,47";"24422,24";"21685,12";"1412,58";"24,65";"5,16";"50,23";"44,6";3515657
"Ferraz de Vasconcelos";"2018";"2828942,96";"614843,93";"804440,12";"2022746,88";"1755,96";"308997,24";"21,73";"28,44";"71,5";"0,06";3515707
"Flora Rica";"2018";"37266,76";"11834,96";"1780,62";"21589,15";"13896,99";"701,66";"31,76";"4,78";"57,93";"37,29";3515806
"Floreal";"2018";"61811,09";"16929,78";"4659,72";"37073,92";"20077,45";"2167,91";"27,39";"7,54";"59,98";"32,48";3515905
"Flórida Paulista";"2018";"198699,23";"54131,48";"29375,21";"133433,56";"35890,47";"7934,44";"27,24";"14,78";"67,15";"18,06";3516002
"Florínea";"2018";"121564,72";"17442,99";"4697,08";"86736,74";"30130,91";"14526,67";"14,35";"3,86";"71,35";"24,79";3516101
"Franca";"2018";"8974575,5";"1213355,61";"1747214,06";"7143613,27";"83748,18";"1018405,75";"13,52";"19,47";"79,6";"0,93";3516200
"Francisco Morato";"2018";"1442340,39";"557730,58";"110724,38";"1331202,99";"413,02";"74905,01";"38,67";"7,68";"92,29";"0,03";3516309
"Franco da Rocha";"2018";"2710601,48";"503439,55";"839825,77";"1867960,94";"2814,77";"284714,68";"18,57";"30,98";"68,91";"0,1";3516408
"Gabriel Monteiro";"2018";"71207,21";"15275,56";"17022,16";"38552,5";"15632,55";"2911,19";"21,45";"23,91";"54,14";"21,95";3516507
"Gália";"2018";"136135,39";"27965,9";"10003,43";"94276,77";"31855,19";"7039,5";"20,54";"7,35";"69,25";"23,4";3516606
"Garça";"2018";"1090247,57";"167664,73";"178158,58";"818937,2";"93151,79";"102168,17";"15,38";"16,34";"75,11";"8,54";3516705
"Gastão Vidigal";"2018";"73246,87";"20710,29";"4972,49";"48381,24";"19893,15";"3272,07";"28,27";"6,79";"66,05";"27,16";3516804
"Gavião Peixoto";"2018";"787955,75";"29191,35";"585111,48";"175745,5";"27098,77";"99146,37";"3,7";"74,26";"22,3";"3,44";3516853
"General Salgado";"2018";"233366,94";"50691,16";"14235,6";"183663,27";"35468,07";"15136,24";"21,72";"6,1";"78,7";"15,2";3516903
"Getulina";"2018";"179061,45";"44415,09";"7903,95";"110402,62";"60754,89";"6093,7";"24,8";"4,41";"61,66";"33,93";3517000
"Glicério";"2018";"96888,28";"24331,46";"17529,14";"58790,06";"20569,09";"4617,45";"25,11";"18,09";"60,68";"21,23";3517109
"Guaimbê";"2018";"72569,1";"23115,99";"2556,85";"52694,55";"17317,69";"3030,7";"31,85";"3,52";"72,61";"23,86";3517307
"Guaíra";"2018";"2900905,22";"191960,25";"1483461,38";"1211709,38";"205734,45";"348618,84";"6,62";"51,14";"41,77";"7,09";3517406
"Guaiçara";"2018";"181833,04";"46246,68";"29450,29";"120785,89";"31596,86";"14389,36";"25,43";"16,2";"66,43";"17,38";3517208
"Guapiara";"2018";"314845,6";"68042,48";"35328,42";"160678,27";"118838,91";"11548,07";"21,61";"11,22";"51,03";"37,75";3517604
"Guapiaçu";"2018";"499506,85";"79637,86";"150449,38";"294813,03";"54244,43";"49924,63";"15,94";"30,12";"59,02";"10,86";3517505
"Guará";"2018";"416095,76";"88749,72";"72580,17";"291265,26";"52250,33";"23484,92";"21,33";"17,44";"70";"12,56";3517703
"Guaraci";"2018";"300949,68";"54076,36";"54375,52";"150957,51";"95616,65";"28177,32";"17,97";"18,07";"50,16";"31,77";3517901
"Guarani d'Oeste";"2018";"34263,73";"12533,65";"3061,48";"25134,01";"6068,24";"1282,74";"36,58";"8,94";"73,35";"17,71";3518008
"Guarantã";"2018";"165717,72";"29104,4";"20962,22";"83774,27";"60981,23";"8458,45";"17,56";"12,65";"50,55";"36,8";3518107
"Guararapes";"2018";"847122,8";"127907,4";"142847,75";"540948,79";"163326,26";"62831,5";"15,1";"16,86";"63,86";"19,28";3518206
"Guararema";"2018";"1176510,93";"127197,95";"251839,3";"896730,66";"27940,96";"237071,35";"10,81";"21,41";"76,22";"2,37";3518305
"Guaratinguetá";"2018";"4691388,57";"455131,78";"1762714,94";"2902627,01";"26046,63";"980795,56";"9,7";"37,57";"61,87";"0,56";3518404
"Guaraçaí";"2018";"261314,67";"39157,71";"12389,44";"136679,67";"112245,56";"12547,54";"14,98";"4,74";"52,3";"42,95";3517802
"Guareí";"2018";"210884,54";"64220,66";"40222,41";"126722,49";"43939,64";"11897,26";"30,45";"19,07";"60,09";"20,84";3518503
"Guariba";"2018";"823320,06";"154304,56";"202515,11";"574791,17";"46013,78";"76486,44";"18,74";"24,6";"69,81";"5,59";3518602
"Guarujá";"2018";"7493272,42";"1449685,81";"1244105,67";"6214557,07";"34609,68";"1105736,41";"19,35";"16,6";"82,94";"0,46";3518701
"Guarulhos";"2018";"50688740,57";"5445474,1";"11438405,95";"39217764,96";"32569,66";"10636983,92";"10,74";"22,57";"77,37";"0,06";3518800
"Guatapará";"2018";"197292,27";"39568,38";"15254,67";"103754,94";"78282,66";"15567,97";"20,06";"7,73";"52,59";"39,68";3518859
"Guzolândia";"2018";"63677,18";"23491,78";"3958,15";"46066,49";"13652,54";"2143,44";"36,89";"6,22";"72,34";"21,44";3518909
"Herculândia";"2018";"290736,6";"37264,71";"90153,36";"139818,52";"60764,72";"23235,4";"12,82";"31,01";"48,09";"20,9";3519006
"Holambra";"2018";"881317,86";"73102,96";"153553,24";"453512,75";"274251,86";"88734,68";"8,29";"17,42";"51,46";"31,12";3519055
"Hortolândia";"2018";"10631578,5";"920177,97";"3905025,89";"6725536,46";"1016,16";"2484814,52";"8,66";"36,73";"63,26";"0,01";3519071
"Iacanga";"2018";"379831,37";"51698,53";"40115,24";"274330,68";"65385,46";"48124,09";"13,61";"10,56";"72,22";"17,21";3519105
"Iacri";"2018";"179027,91";"25641,4";"18114,82";"90071,95";"70841,15";"12413,51";"14,32";"10,12";"50,31";"39,57";3519204
"Iaras";"2018";"142613,25";"35749,02";"8878,11";"92239,42";"41495,71";"9922,33";"25,07";"6,23";"64,68";"29,1";3519253
"Ibaté";"2018";"772485,92";"129715,44";"244374,32";"491702,86";"36408,73";"76708,5";"16,79";"31,63";"63,65";"4,71";3519303
"Ibirá";"2018";"238045,49";"51787,63";"42377,75";"158715,34";"36952,4";"13060,85";"21,76";"17,8";"66,67";"15,52";3519402
"Ibirarema";"2018";"165749,38";"29218,02";"19851,56";"112601,63";"33296,18";"17787,92";"17,63";"11,98";"67,93";"20,09";3519501
"Ibitinga";"2018";"1400391,73";"211971,28";"371003,22";"941482,98";"87905,53";"123365,61";"15,14";"26,49";"67,23";"6,28";3519600
"Ibiúna";"2018";"1569105,91";"297035,28";"277808,19";"1025370,02";"265927,7";"132818,52";"18,93";"17,7";"65,35";"16,95";3519709
"Icém";"2018";"168521,43";"39435,09";"36780,07";"113816,93";"17924,44";"5269,23";"23,4";"21,83";"67,54";"10,64";3519808
"Iepê";"2018";"217325,95";"38809,81";"13403,93";"164164,71";"39757,3";"29933,22";"17,86";"6,17";"75,54";"18,29";3519907
"Igarapava";"2018";"1032313,3";"115472,98";"166275,64";"798993,09";"67044,56";"147360,08";"11,19";"16,11";"77,4";"6,49";3520103
"Igaratá";"2018";"162754,87";"44623,75";"19239,88";"141893,39";"1621,6";"17887,52";"27,42";"11,82";"87,18";"1";3520202
"Igaraçu do Tietê";"2018";"286788,27";"89065,42";"18226,89";"256616,7";"11944,68";"16636,89";"31,06";"6,36";"89,48";"4,16";3520004
"Iguape";"2018";"1147359";"127464,99";"546010,56";"523934,02";"77414,41";"22460,8";"11,11";"47,59";"45,66";"6,75";3520301
"Ilha Comprida";"2018";"1327652,3";"87401,05";"854689,74";"469133,9";"3828,66";"12315,9";"6,58";"64,38";"35,34";"0,29";3520426
"Ilha Solteira";"2018";"593388,28";"130284,85";"33216,72";"509307,59";"50863,97";"31954,59";"21,96";"5,6";"85,83";"8,57";3520442
"Ilhabela";"2018";"14281129,41";"250099,07";"10150556,08";"4127581,94";"2991,39";"120095,19";"1,75";"71,08";"28,9";"0,02";3520400
"Indaiatuba";"2018";"12337190,94";"1030186,95";"4701155,85";"7607660,59";"28374,5";"3259114,31";"8,35";"38,11";"61,66";"0,23";3520509
"Indiana";"2018";"61590,72";"21485,06";"3141,71";"47893,74";"10555,27";"2539,34";"34,88";"5,1";"77,76";"17,14";3520608
"Indiaporã";"2018";"91519,11";"20216,01";"5610,92";"62211,31";"23696,88";"4030,89";"22,09";"6,13";"67,98";"25,89";3520707
"Inúbia Paulista";"2018";"123880,4";"19805,57";"6889,24";"109335";"7656,16";"14381,13";"15,99";"5,56";"88,26";"6,18";3520806
"Ipaussu";"2018";"341967,52";"62253,98";"87367,75";"224925,61";"29674,16";"31043,27";"18,2";"25,55";"65,77";"8,68";3520905
"Iperó";"2018";"568386,91";"133580,55";"171280,81";"384585,15";"12520,94";"80045,6";"23,5";"30,13";"67,66";"2,2";3521002
"Ipeúna";"2018";"622743,4";"32232,9";"389940,56";"215923,77";"16879,06";"73549,88";"5,18";"62,62";"34,67";"2,71";3521101
"Ipiguá";"2018";"98074,08";"23482,5";"18339,71";"55943,07";"23791,31";"9391,77";"23,94";"18,7";"57,04";"24,26";3521150
"Iporanga";"2018";"49622,41";"23229,93";"2394,86";"41775,76";"5451,79";"1652,04";"46,81";"4,83";"84,19";"10,99";3521200
"Ipuã";"2018";"336651,63";"72477,09";"38204,21";"230266,89";"68180,53";"22201,32";"21,53";"11,35";"68,4";"20,25";3521309
"Iracemápolis";"2018";"1352021,75";"98610,98";"675746,89";"659340,39";"16934,47";"638575,41";"7,29";"49,98";"48,77";"1,25";3521408
"Irapuã";"2018";"152474,08";"31375,38";"9411,47";"81560,29";"61502,32";"4271,74";"20,58";"6,17";"53,49";"40,34";3521507
"Irapuru";"2018";"84654,13";"29982,39";"2503,08";"68220,7";"13930,36";"3406,9";"35,42";"2,96";"80,59";"16,46";3521606
"Itaberá";"2018";"484669,24";"69985,69";"26423,36";"314846,71";"143399,16";"36792,38";"14,44";"5,45";"64,96";"29,59";3521705
"Itaí";"2018";"558590,3";"114384,36";"52488,07";"361074,93";"145027,3";"42477,45";"20,48";"9,4";"64,64";"25,96";3521804
"Itajobi";"2018";"1447539,69";"68874,11";"709159,47";"526411,28";"211968,94";"151769,22";"4,76";"48,99";"36,37";"14,64";3521903
"Itaju";"2018";"82023,1";"19567,77";"10584,05";"46475,37";"24963,69";"5300,49";"23,86";"12,9";"56,66";"30,43";3522000
"Itanhaém";"2018";"1784478,94";"459241";"138402,63";"1607431,12";"38645,19";"101151,99";"25,74";"7,76";"90,08";"2,17";3522109
"Itaoca";"2018";"39559,59";"16391,43";"6960,82";"28920,98";"3677,8";"1739";"41,43";"17,6";"73,11";"9,3";3522158
"Itapecerica da Serra";"2018";"3250843,2";"613617,25";"697122,68";"2538247,64";"15472,89";"410094,98";"18,88";"21,44";"78,08";"0,48";3522208
"Itapetininga";"2018";"4254582,86";"587587,69";"1046454,94";"2962577,83";"245550,09";"499565,59";"13,81";"24,6";"69,63";"5,77";3522307
"Itapeva";"2018";"2349074,47";"376547,25";"258045,51";"1552983,72";"538045,25";"172899,94";"16,03";"10,98";"66,11";"22,9";3522406
"Itapevi";"2018";"10032247,08";"863301,25";"2576306,75";"7455689,65";"250,69";"2139813,54";"8,61";"25,68";"74,32";"0";3522505
"Itapira";"2018";"3435152,48";"306410,94";"1517714,58";"1863505,76";"53932,14";"470399,71";"8,92";"44,18";"54,25";"1,57";3522604
"Itapirapuã Paulista";"2018";"40566,34";"20766,87";"1892,67";"36089,99";"2583,68";"1541,5";"51,19";"4,67";"88,97";"6,37";3522653
"Itápolis";"2018";"1197413,01";"162621,77";"233954,69";"790626,3";"172832,02";"111339,48";"13,58";"19,54";"66,03";"14,43";3522703
"Itaporanga";"2018";"290410,28";"57765,57";"12339,19";"245126,52";"32944,57";"30692,14";"19,89";"4,25";"84,41";"11,34";3522802
"Itapuí";"2018";"560152,33";"56154,01";"203933,03";"339640,82";"16578,48";"105259,7";"10,02";"36,41";"60,63";"2,96";3522901
"Itapura";"2018";"88436,96";"26230,78";"4092,55";"54276,17";"30068,24";"3070,97";"29,66";"4,63";"61,37";"34";3523008
"Itaquaquecetuba";"2018";"6279476,83";"1205895,66";"1642942,12";"4627506";"9028,71";"933082,84";"19,2";"26,16";"73,69";"0,14";3523107
"Itararé";"2018";"817456,18";"179450,17";"89940,43";"652700,2";"74815,55";"61427,88";"21,95";"11";"79,85";"9,15";3523206
"Itariri";"2018";"266230,66";"62130,65";"12012,95";"153525,71";"100692,01";"9943,5";"23,34";"4,51";"57,67";"37,82";3523305
"Itatiba";"2018";"4947817,56";"480747,19";"1703452,22";"2737889,88";"506475,46";"1103366,38";"9,72";"34,43";"55,34";"10,24";3523404
"Itatinga";"2018";"381482,74";"80202,75";"78420,01";"225076,58";"77986,15";"28910,27";"21,02";"20,56";"59";"20,44";3523503
"Itirapina";"2018";"351405,24";"83113,91";"36321,86";"267481,07";"47602,31";"59781,53";"23,65";"10,34";"76,12";"13,55";3523602
"Itirapuã";"2018";"96490,15";"27616,03";"7974,49";"60850,59";"27665,08";"2083,68";"28,62";"8,26";"63,06";"28,67";3523701
"Itobi";"2018";"117271,71";"26917,9";"9820,1";"84933,51";"22518,09";"7534,96";"22,95";"8,37";"72,42";"19,2";3523800
"Itu";"2018";"6335047";"701045,68";"1832248,11";"4468110,02";"34688,88";"1496451,16";"11,07";"28,92";"70,53";"0,55";3523909
"Itupeva";"2018";"5322693,84";"301663,39";"2471217,17";"2823635,13";"27841,55";"1367492,63";"5,67";"46,43";"53,05";"0,52";3524006
"Ituverava";"2018";"1347566,73";"175251,19";"358525,28";"847696,85";"141344,6";"177055,23";"13,01";"26,61";"62,91";"10,49";3524105
"Jaborandi";"2018";"133188,91";"31349,98";"7825,56";"79249,06";"46114,3";"4659,86";"23,54";"5,88";"59,5";"34,62";3524204
"Jaboticabal";"2018";"2620873,32";"324605,24";"568721,21";"1885387,65";"166764,47";"285973,88";"12,39";"21,7";"71,94";"6,36";3524303
"Jacareí";"2018";"10258591,32";"863324,85";"4003768,24";"6231951,98";"22871,1";"2446801,35";"8,42";"39,03";"60,75";"0,22";3524402
"Jaci";"2018";"340381";"29389,36";"151863,52";"163017,88";"25499,6";"52799,48";"8,63";"44,62";"47,89";"7,49";3524501
"Jacupiranga";"2018";"495153,52";"67927,9";"35856,21";"325472,56";"133824,74";"35270,83";"13,72";"7,24";"65,73";"27,03";3524600
"Jaguariúna";"2018";"8864186,3";"291781,02";"3165981,93";"5685960,3";"12244,07";"2665657,62";"3,29";"35,72";"64,15";"0,14";3524709
"Jales";"2018";"1425625,7";"181030,69";"234720,45";"1124545,8";"66359,45";"120950,38";"12,7";"16,46";"78,88";"4,65";3524808
"Jambeiro";"2018";"183476,51";"32883,97";"89190,64";"89848,1";"4437,78";"54873,16";"17,92";"48,61";"48,97";"2,42";3524907
"Jandira";"2018";"3190201,38";"430664,62";"895960,41";"2293739,59";"501,37";"824509,96";"13,5";"28,08";"71,9";"0,02";3525003
"Jardinópolis";"2018";"975600,68";"186348,09";"143621,98";"762187,34";"69791,36";"121384,75";"19,1";"14,72";"78,12";"7,15";3525102
"Jarinu";"2018";"2109509,43";"157842,1";"417800,39";"1658110,4";"33598,64";"400773,16";"7,48";"19,81";"78,6";"1,59";3525201
"Jaú";"2018";"4266924,2";"539978,17";"753165,61";"3434628,85";"79129,74";"466175,91";"12,65";"17,65";"80,49";"1,85";3525300
"Jeriquara";"2018";"80753,9";"17647,71";"6217,71";"41173,28";"33362,91";"1631,95";"21,85";"7,7";"50,99";"41,31";3525409
"Joanópolis";"2018";"202546,89";"50816,98";"12658,37";"170553,3";"19335,23";"10458,33";"25,09";"6,25";"84,2";"9,55";3525508
"João Ramalho";"2018";"117559,5";"22788,11";"2939,4";"53664,11";"60955,98";"3315";"19,38";"2,5";"45,65";"51,85";3525607
"José Bonifácio";"2018";"1211508,99";"153762,17";"340894,07";"755757,35";"114857,57";"109233,14";"12,69";"28,14";"62,38";"9,48";3525706
"Júlio Mesquita";"2018";"49264,75";"21229,66";"1283,21";"42120,73";"5860,81";"1862,1";"43,09";"2,6";"85,5";"11,9";3525805
"Jumirim";"2018";"115090,07";"16957,76";"51260,68";"51748,22";"12081,17";"16421,26";"14,73";"44,54";"44,96";"10,5";3525854
"Jundiaí";"2018";"35246672,05";"2007109,3";"8459357,01";"26677067,37";"110247,68";"8386218,48";"5,69";"24";"75,69";"0,31";3525904
"Junqueirópolis";"2018";"523193,55";"80458,6";"97658,58";"368545,26";"56989,71";"52947,35";"15,38";"18,67";"70,44";"10,89";3526001
"Juquiá";"2018";"314183,53";"73664,41";"22165,74";"207386,32";"84631,47";"14715,37";"23,45";"7,06";"66,01";"26,94";3526100
"Juquitiba";"2018";"468928,94";"114133,17";"50112,01";"418152,78";"664,16";"44974,74";"24,34";"10,69";"89,17";"0,14";3526209
"Lagoinha";"2018";"54576,28";"21231,78";"3230,5";"44830,09";"6515,69";"2014,46";"38,9";"5,92";"82,14";"11,94";3526308
"Laranjal Paulista";"2018";"967218,2";"112328,89";"405931,62";"529673,79";"31612,79";"145361,88";"11,61";"41,97";"54,76";"3,27";3526407
"Lavínia";"2018";"151313,08";"46510,11";"4381,54";"91544,61";"55386,93";"6201,85";"30,74";"2,9";"60,5";"36,6";3526506
"Lavrinhas";"2018";"99569,41";"30944,11";"25745,46";"70256,77";"3567,17";"10387,12";"31,08";"25,86";"70,56";"3,58";3526605
"Leme";"2018";"2799637,58";"393844,17";"816072,8";"1916600,49";"66964,29";"407964,51";"14,07";"29,15";"68,46";"2,39";3526704
"Lençóis Paulista";"2018";"2317764,68";"278083,12";"709586,24";"1519593,08";"88585,36";"321297,32";"12";"30,62";"65,56";"3,82";3526803
"Limeira";"2018";"11245362,53";"1142119,89";"4101580,68";"7068450,09";"75331,76";"1946662,27";"10,16";"36,47";"62,86";"0,67";3526902
"Lindóia";"2018";"167026,87";"35011,41";"50126,07";"111594,35";"5306,45";"15297,76";"20,96";"30,01";"66,81";"3,18";3527009
"Lins";"2018";"3427621,93";"261311,83";"1412887,96";"1921812,88";"92921,09";"357743,6";"7,62";"41,22";"56,07";"2,71";3527108
"Lorena";"2018";"2502021,52";"312014,7";"761099,89";"1731816,06";"9105,56";"324696,45";"12,47";"30,42";"69,22";"0,36";3527207
"Lourdes";"2018";"38709,82";"13840,91";"2136,96";"26405,42";"10167,45";"1338,2";"35,76";"5,52";"68,21";"26,27";3527256
"Louveira";"2018";"8594529,01";"307792,41";"1677715,04";"6885530,39";"31283,59";"2368922,7";"3,58";"19,52";"80,12";"0,36";3527306
"Lucélia";"2018";"397684,43";"83111,91";"93984,14";"280631,72";"23068,57";"43485,79";"20,9";"23,63";"70,57";"5,8";3527405
"Lucianópolis";"2018";"55261,6";"15266,03";"3224,47";"31549,14";"20487,99";"1743,91";"27,63";"5,83";"57,09";"37,07";3527504
"Luís Antônio";"2018";"1359773,48";"74612,08";"870925,03";"407485,97";"81362,48";"149529";"5,49";"64,05";"29,97";"5,98";3527603
"Luiziânia";"2018";"69829,31";"23252,32";"3876,11";"49535,82";"16417,38";"1917,45";"33,3";"5,55";"70,94";"23,51";3527702
"Lupércio";"2018";"74153,57";"20868,77";"12100,14";"49931,45";"12121,98";"3204,33";"28,14";"16,32";"67,34";"16,35";3527801
"Lutécia";"2018";"83005,94";"16136,19";"7758,03";"34930,34";"40317,57";"2258,89";"19,44";"9,35";"42,08";"48,57";3527900
"Macatuba";"2018";"548463,73";"72626,09";"51553,37";"456335,95";"40574,4";"79903,99";"13,24";"9,4";"83,2";"7,4";3528007
"Macaubal";"2018";"146804,55";"32118,99";"6034,83";"107819,3";"32950,43";"7945,61";"21,88";"4,11";"73,44";"22,45";3528106
"Macedônia";"2018";"76010,6";"18773,45";"6877,68";"39941,06";"29191,87";"2561,72";"24,7";"9,05";"52,55";"38,4";3528205
"Magda";"2018";"89382,42";"20117,24";"5145,69";"52645,68";"31591,05";"4177,9";"22,51";"5,76";"58,9";"35,34";3528304
"Mairinque";"2018";"1616794,96";"215285,97";"670167,06";"930487,38";"16140,52";"280005,55";"13,32";"41,45";"57,55";"1";3528403
"Mairiporã";"2018";"1564037,75";"338219,24";"338182,96";"1225100,8";"753,99";"184515,47";"21,62";"21,62";"78,33";"0,05";3528502
"Manduri";"2018";"212120,89";"37057,41";"30297,39";"129052,13";"52771,38";"16517,68";"17,47";"14,28";"60,84";"24,88";3528601
"Marabá Paulista";"2018";"99504,21";"30366,23";"3799,05";"52579,23";"43125,93";"2075,26";"30,52";"3,82";"52,84";"43,34";3528700
"Maracaí";"2018";"381795,88";"61265,11";"57382,09";"253095,58";"71318,21";"30638,37";"16,05";"15,03";"66,29";"18,68";3528809
"Marapoama";"2018";"165451,74";"18405,24";"59691,31";"67437,91";"38322,52";"13957,23";"11,12";"36,08";"40,76";"23,16";3528858
"Mariápolis";"2018";"55533,36";"18127,54";"3206,7";"34620,79";"17705,87";"1243,06";"32,64";"5,77";"62,34";"31,88";3528908
"Marília";"2018";"7227802,44";"941700,29";"1184512,38";"5970668,2";"72621,86";"854503,29";"13,03";"16,39";"82,61";"1";3529005
"Marinópolis";"2018";"33772,3";"13204,84";"1880,63";"24891,58";"7000,09";"958,81";"39,1";"5,57";"73,7";"20,73";3529104
"Martinópolis";"2018";"464375,63";"109097,39";"62467,28";"357299,4";"44608,95";"31724,48";"23,49";"13,45";"76,94";"9,61";3529203
"Matão";"2018";"3650123,29";"304007";"1577192,86";"1988019,52";"84910,92";"503865,27";"8,33";"43,21";"54,46";"2,33";3529302
"Mauá";"2018";"13017966,47";"1477456,63";"4989656,8";"8028295,8";"13,88";"2269516,45";"11,35";"38,33";"61,67";"0";3529401
"Mendonça";"2018";"212095,02";"28377,31";"89306,72";"103924,14";"18864,15";"21417,53";"13,38";"42,11";"49";"8,89";3529500
"Meridiano";"2018";"219500,78";"22577,76";"89511,12";"101407,1";"28582,57";"21655,85";"10,29";"40,78";"46,2";"13,02";3529609
"Mesópolis";"2018";"57642,88";"14008,43";"2670,99";"27312,68";"27659,21";"1155,44";"24,3";"4,63";"47,38";"47,98";3529658
"Miguelópolis";"2018";"995384,02";"99464,83";"357467,23";"326799,16";"311117,63";"19889,29";"9,99";"35,91";"32,83";"31,26";3529708
"Mineiros do Tietê";"2018";"160651,91";"47546,83";"24221,22";"117652,65";"18778,05";"11636,11";"29,6";"15,08";"73,23";"11,69";3529807
"Mira Estrela";"2018";"64470,53";"19671,05";"5453,59";"41569,45";"17447,49";"1954,22";"30,51";"8,46";"64,48";"27,06";3530003
"Miracatu";"2018";"363657,9";"80595,27";"24639,63";"293816,56";"45201,7";"28875,82";"22,16";"6,78";"80,79";"12,43";3529906
"Mirandópolis";"2018";"607881,19";"106338,78";"83658,77";"399466,66";"124755,76";"46100,87";"17,49";"13,76";"65,71";"20,52";3530102
"Mirante do Paranapanema";"2018";"321789,38";"70677,61";"76762,82";"190217,7";"54808,86";"24086,77";"21,96";"23,85";"59,11";"17,03";3530201
"Mirassol";"2018";"1619984,65";"231100,95";"397529,94";"1185128,26";"37326,45";"190238,32";"14,27";"24,54";"73,16";"2,3";3530300
"Mirassolândia";"2018";"122070,85";"21506,08";"12815,86";"56063,88";"53191,11";"6502,87";"17,62";"10,5";"45,93";"43,57";3530409
"Mococa";"2018";"1904343,51";"265093,46";"457398,85";"1307102,55";"139842,11";"216271,72";"13,92";"24,02";"68,64";"7,34";3530508
"Mogi das Cruzes";"2018";"13381205,54";"1518292,93";"3399422,38";"9656332,97";"325450,18";"2005293,77";"11,35";"25,4";"72,16";"2,43";3530607
"Mogi Guaçu";"2018";"5120140,04";"608757,79";"1769676";"3159858,26";"190605,79";"753360,03";"11,89";"34,56";"61,71";"3,72";3530706
"Mogi Mirim";"2018";"3878915,04";"437454,64";"1057957,4";"2682572,4";"138385,23";"722655,6";"11,28";"27,27";"69,16";"3,57";3530805
"Mombuca";"2018";"94655,56";"18090,96";"24557,47";"49005,61";"21092,48";"5454,65";"19,11";"25,94";"51,77";"22,28";3530904
"Mongaguá";"2018";"983995,22";"255100,07";"128923,01";"851433,99";"3638,22";"51585,34";"25,92";"13,1";"86,53";"0,37";3531100
"Monte Alegre do Sul";"2018";"167027,19";"36746,42";"19486,89";"109583,03";"37957,28";"11300,42";"22";"11,67";"65,61";"22,73";3531209
"Monte Alto";"2018";"1569508,86";"184684,46";"408555,69";"987541,21";"173411,95";"233310,98";"11,77";"26,03";"62,92";"11,05";3531308
"Monte Aprazível";"2018";"616763,18";"95174,69";"165167,36";"386426,76";"65169,06";"42370,63";"15,43";"26,78";"62,65";"10,57";3531407
"Monte Azul Paulista";"2018";"485236,89";"79045,8";"34945,66";"404746,29";"45544,93";"48797,15";"16,29";"7,2";"83,41";"9,39";3531506
"Monte Castelo";"2018";"96233,77";"21370,84";"6457,98";"58801,51";"30974,28";"6694,51";"22,21";"6,71";"61,1";"32,19";3531605
"Monte Mor";"2018";"2953366,72";"247435,99";"1760346,15";"1137392,21";"55628,36";"532063,14";"8,38";"59,6";"38,51";"1,88";3531803
"Monteiro Lobato";"2018";"61979,35";"19835,69";"7850,24";"51018,71";"3110,4";"3332,98";"32";"12,67";"82,32";"5,02";3531704
"Monções";"2018";"54999,14";"15714,31";"12808,16";"37194,7";"4996,29";"4748,91";"28,57";"23,29";"67,63";"9,08";3531001
"Morro Agudo";"2018";"1088676,18";"141645,11";"291644,24";"587844,74";"209187,2";"87610,73";"13,01";"26,79";"54";"19,21";3531902
"Morungaba";"2018";"393618,55";"54211,39";"179057,19";"198105,4";"16455,96";"62277,65";"13,77";"45,49";"50,33";"4,18";3532009
"Motuca";"2018";"79115,49";"21081,86";"8634,57";"41394,55";"29086,37";"2476";"26,65";"10,91";"52,32";"36,76";3532058
"Murutinga do Sul";"2018";"63000,76";"24679,62";"1770,33";"48436,19";"12794,24";"2308,33";"39,17";"2,81";"76,88";"20,31";3532108
"Nantes";"2018";"108181,86";"20017,89";"2375,48";"79109,49";"26696,89";"11262,76";"18,5";"2,2";"73,13";"24,68";3532157
"Narandiba";"2018";"172803,26";"29256,72";"56795,45";"86662,68";"29345,13";"13138,28";"16,93";"32,87";"50,15";"16,98";3532207
"Natividade da Serra";"2018";"70252,65";"31874,94";"3556,73";"58839,08";"7856,84";"2223,05";"45,37";"5,06";"83,75";"11,18";3532306
"Nazaré Paulista";"2018";"304311,8";"75042,14";"73991,84";"215623,86";"14696,1";"37863,01";"24,66";"24,31";"70,86";"4,83";3532405
"Neves Paulista";"2018";"194102,71";"34341,64";"38362,75";"126493,7";"29246,26";"18311,41";"17,69";"19,76";"65,17";"15,07";3532504
"Nhandeara";"2018";"306153,83";"47350,18";"49976,72";"204332,24";"51844,86";"18243,04";"15,47";"16,32";"66,74";"16,93";3532603
"Nipoã";"2018";"89025,86";"21900,74";"12227,4";"57958,17";"18840,29";"4927,62";"24,6";"13,73";"65,1";"21,16";3532702
"Nova Aliança";"2018";"162958,64";"31080,49";"40624,87";"91647,16";"30686,62";"10332,92";"19,07";"24,93";"56,24";"18,83";3532801
"Nova Campina";"2018";"98717,84";"39520,33";"11729,92";"68172,15";"18815,77";"11436,55";"40,03";"11,88";"69,06";"19,06";3532827
"Nova Canaã Paulista";"2018";"38544,55";"12806,68";"2057,74";"23222,94";"13263,88";"986,79";"33,23";"5,34";"60,25";"34,41";3532843
"Nova Castilho";"2018";"39701,87";"12981,56";"1288,09";"22723,49";"15690,29";"917,64";"32,7";"3,24";"57,24";"39,52";3532868
"Nova Europa";"2018";"258840,09";"48798,18";"100000,99";"145045,95";"13793,16";"21826,37";"18,85";"38,63";"56,04";"5,33";3532900
"Nova Granada";"2018";"409113,9";"75631,15";"28325,88";"280156,49";"100631,52";"25094,39";"18,49";"6,92";"68,48";"24,6";3533007
"Nova Guataporanga";"2018";"30019,68";"12377,08";"1868,33";"24850,13";"3301,21";"1214,11";"41,23";"6,22";"82,78";"11";3533106
"Nova Independência";"2018";"129845,84";"24615,19";"42396,89";"67481,02";"19967,94";"11418,08";"18,96";"32,65";"51,97";"15,38";3533205
"Nova Luzitânia";"2018";"48610,67";"18680,39";"2517,23";"41097,51";"4995,94";"1223,05";"38,43";"5,18";"84,54";"10,28";3533304
"Nova Odessa";"2018";"2994543,38";"247190,56";"996985";"1985055,23";"12503,15";"545975,56";"8,25";"33,29";"66,29";"0,42";3533403
"Novais";"2018";"56370,6";"24057,24";"1576,75";"44340";"10453,85";"1874,4";"42,68";"2,8";"78,66";"18,54";3533254
"Novo Horizonte";"2018";"990024,74";"165987,37";"119363,84";"760435,98";"110224,93";"104901,83";"16,77";"12,06";"76,81";"11,13";3533502
"Nuporanga";"2018";"474246,18";"37307,68";"199744,37";"208893,75";"65608,05";"46615,84";"7,87";"42,12";"44,05";"13,83";3533601
"Ocauçu";"2018";"111803,12";"20695,4";"8683,29";"57344,37";"45775,46";"4120,39";"18,51";"7,77";"51,29";"40,94";3533700
"Óleo";"2018";"82081,11";"14962,56";"4441,86";"31142,03";"46497,22";"1069,42";"18,23";"5,41";"37,94";"56,65";3533809
"Olímpia";"2018";"1842097,97";"222742,79";"463796,24";"1269739,23";"108562,5";"191980,17";"12,09";"25,18";"68,93";"5,89";3533908
"Onda Verde";"2018";"153004,99";"23137,49";"19344,26";"108810,14";"24850,59";"12633,12";"15,12";"12,64";"71,12";"16,24";3534005
"Oriente";"2018";"89678,62";"24387,53";"8808,71";"69486,43";"11383,48";"9859,66";"27,19";"9,82";"77,48";"12,69";3534104
"Orindiúva";"2018";"367226,81";"36192,69";"158857,18";"158957,57";"49412,06";"36946,63";"9,86";"43,26";"43,29";"13,46";3534203
"Orlândia";"2018";"1603877,61";"186828,4";"543249,59";"1016654,91";"43973,1";"231119,64";"11,65";"33,87";"63,39";"2,74";3534302
"Osasco";"2018";"59744658,45";"2720836,75";"3408876,2";"56334825,09";"957,17";"16864387,89";"4,55";"5,71";"94,29";"0";3534401
"Oscar Bressane";"2018";"87752,64";"15193,99";"9853,38";"40647,41";"37251,86";"3057,97";"17,31";"11,23";"46,32";"42,45";3534500
"Osvaldo Cruz";"2018";"771583,03";"110924,59";"203495,07";"537895,2";"30192,76";"77745,93";"14,38";"26,37";"69,71";"3,91";3534609
"Ourinhos";"2018";"2797586,76";"439849,06";"485131,15";"2266972,73";"45482,88";"271820,31";"15,72";"17,34";"81,03";"1,63";3534708
"Ouro Verde";"2018";"108338,12";"36271,94";"6058,96";"80735,61";"21543,55";"3991,1";"33,48";"5,59";"74,52";"19,89";3534807
"Ouroeste";"2018";"380034,22";"68209,46";"127048,7";"215718,66";"37266,85";"41554,51";"17,95";"33,43";"56,76";"9,81";3534757
"Pacaembu";"2018";"294713,36";"53646,2";"8915,93";"262883,69";"22913,74";"9681,71";"18,2";"3,03";"89,2";"7,77";3534906
"Palestina";"2018";"287778,11";"51453,77";"54865,9";"155057,44";"77854,78";"17440,16";"17,88";"19,07";"53,88";"27,05";3535002
"Palmares Paulista";"2018";"117133,49";"44240,6";"6723,78";"101616,86";"8792,85";"5300,76";"37,77";"5,74";"86,75";"7,51";3535101
"Palmeira d'Oeste";"2018";"181598,45";"34581,04";"12331,15";"118006,91";"51260,38";"6010,92";"19,04";"6,79";"64,98";"28,23";3535200
"Palmital";"2018";"618265,82";"90935,73";"84539,16";"432609,25";"101117,42";"67540,69";"14,71";"13,67";"69,97";"16,36";3535309
"Panorama";"2018";"251116,94";"62725,15";"20939,32";"199072,53";"31105,09";"12900,72";"24,98";"8,34";"79,27";"12,39";3535408
"Paraguaçu Paulista";"2018";"1371843,7";"175698,51";"349895,37";"877751,75";"144196,58";"164188,9";"12,81";"25,51";"63,98";"10,51";3535507
"Paraibuna";"2018";"257551,99";"77160,31";"52699,55";"195700,32";"9152,12";"21263,31";"29,96";"20,46";"75,98";"3,55";3535606
"Paraíso";"2018";"202936,19";"31026,08";"71615,93";"103578,02";"27742,24";"18786,16";"15,29";"35,29";"51,04";"13,67";3535705
"Paranapanema";"2018";"570980,1";"91317,41";"29159,26";"408127,13";"133693,71";"52767,36";"15,99";"5,11";"71,48";"23,41";3535804
"Paranapuã";"2018";"107762,8";"19894,6";"5781,57";"53947,39";"48033,84";"3856,18";"18,46";"5,37";"50,06";"44,57";3535903
"Parapuã";"2018";"329057,52";"43492,77";"50975,07";"188051,62";"90030,82";"23608,16";"13,22";"15,49";"57,15";"27,36";3536000
"Pardinho";"2018";"277861,42";"32865,17";"64720,27";"181305,11";"31836,04";"23949,93";"11,83";"23,29";"65,25";"11,46";3536109
"Pariquera-Açu";"2018";"467598,02";"71227,34";"30558,16";"369113,11";"67926,75";"39785,65";"15,23";"6,54";"78,94";"14,53";3536208
"Parisi";"2018";"65244,65";"14152,09";"3512,12";"31231,82";"30500,71";"1596,95";"21,69";"5,38";"47,87";"46,75";3536257
"Patrocínio Paulista";"2018";"803110,35";"60525,13";"291451,69";"325601,15";"186057,51";"80138,21";"7,54";"36,29";"40,54";"23,17";3536307
"Paulicéia";"2018";"143501,33";"35231,86";"16483,81";"99992,45";"27025,07";"7108,96";"24,55";"11,49";"69,68";"18,83";3536406
"Paulínia";"2018";"27050182,21";"1081362,96";"14312815,45";"12714981,6";"22385,17";"5640696,25";"4";"52,91";"47,01";"0,08";3536505
"Paulistânia";"2018";"38959,43";"14582,41";"1683,25";"24679,23";"12596,95";"2134,04";"37,43";"4,32";"63,35";"32,33";3536570
"Paulo de Faria";"2018";"262087,52";"39471,24";"14156,11";"112099,78";"135831,64";"6799,79";"15,06";"5,4";"42,77";"51,83";3536604
"Pederneiras";"2018";"1847513,17";"175915,12";"647336,18";"1100911,76";"99265,23";"346217,06";"9,52";"35,04";"59,59";"5,37";3536703
"Pedra Bela";"2018";"80026,35";"25255,95";"5836,68";"59829,02";"14360,65";"3700,07";"31,56";"7,29";"74,76";"17,94";3536802
"Pedranópolis";"2018";"62726,77";"16405,4";"3374,25";"31464,13";"27888,39";"1658,71";"26,15";"5,38";"50,16";"44,46";3536901
"Pedregulho";"2018";"845650,6";"63714,77";"419406,02";"290454,43";"135790,15";"28486,29";"7,53";"49,6";"34,35";"16,06";3537008
"Pedreira";"2018";"1088816,44";"184100,18";"326782,41";"754720,7";"7313,34";"164904,72";"16,91";"30,01";"69,32";"0,67";3537107
"Pedrinhas Paulista";"2018";"124590,66";"18243,52";"9701,26";"97317,7";"17571,7";"12275,01";"14,64";"7,79";"78,11";"14,1";3537156
"Pedro de Toledo";"2018";"136479,28";"45440,02";"7667,84";"104099,52";"24711,91";"7251,12";"33,29";"5,62";"76,27";"18,11";3537206
"Penápolis";"2018";"1540079,39";"246907,68";"306967,15";"1165241,9";"67870,34";"124097,19";"16,03";"19,93";"75,66";"4,41";3537305
"Pereira Barreto";"2018";"681475,74";"107930,79";"30594,84";"577946,97";"72933,93";"76864,8";"15,84";"4,49";"84,81";"10,7";3537404
"Pereiras";"2018";"188717,59";"35087,18";"68672,76";"103338,88";"16705,94";"16337,09";"18,59";"36,39";"54,76";"8,85";3537503
"Peruíbe";"2018";"1455493,84";"289221,73";"268371,85";"1149147,27";"37974,72";"66909,89";"19,87";"18,44";"78,95";"2,61";3537602
"Piacatu";"2018";"88541,37";"25848,48";"6589,37";"64812,69";"17139,31";"3239,98";"29,19";"7,44";"73,2";"19,36";3537701
"Piedade";"2018";"1129293,87";"179840,49";"124699,12";"707976,45";"296618,3";"79368,74";"15,93";"11,04";"62,69";"26,27";3537800
"Pilar do Sul";"2018";"616366,26";"106946,21";"43223,88";"485649,24";"87493,14";"60500,77";"17,35";"7,01";"78,79";"14,19";3537909
"Pindamonhangaba";"2018";"7017205,75";"635907,22";"3097042,43";"3894542,63";"25620,68";"1599736,19";"9,06";"44,13";"55,5";"0,37";3538006
"Pindorama";"2018";"339506,58";"65791,64";"81089,62";"226626,98";"31789,97";"33166,54";"19,38";"23,88";"66,75";"9,36";3538105
"Pinhalzinho";"2018";"244199,37";"55781,43";"30142,88";"181098,93";"32957,56";"18299,98";"22,84";"12,34";"74,16";"13,5";3538204
"Piquerobi";"2018";"52977,98";"19405,72";"4725,06";"38986,16";"9266,76";"2626,58";"36,63";"8,92";"73,59";"17,49";3538303
"Piquete";"2018";"152906,56";"46680,3";"21858,71";"128269,89";"2777,96";"11632,39";"30,53";"14,3";"83,89";"1,82";3538501
"Piracaia";"2018";"439552,62";"105069,55";"71398,67";"347893,44";"20260,51";"36502,43";"23,9";"16,24";"79,15";"4,61";3538600
"Piracicaba";"2018";"20712922,02";"1687262,5";"7695203,46";"12861481,95";"156236,61";"5708149,94";"8,15";"37,15";"62,09";"0,75";3538709
"Piraju";"2018";"695311,51";"114949,95";"91176,54";"550599,66";"53535,31";"46327,33";"16,53";"13,11";"79,19";"7,7";3538808
"Pirajuí";"2018";"450709,21";"90673,36";"34030,4";"321546,76";"95132,06";"21693,48";"20,12";"7,55";"71,34";"21,11";3538907
"Pirangi";"2018";"309909,11";"43885,41";"58242,3";"211723,34";"39943,47";"22878,28";"14,16";"18,79";"68,32";"12,89";3539004
"Pirapora do Bom Jesus";"2018";"419327,75";"82496,24";"162693,46";"256474,76";"159,53";"38100,99";"19,67";"38,8";"61,16";"0,04";3539103
"Pirapozinho";"2018";"836315,68";"104688,05";"345838,81";"463540,47";"26936,41";"114627,22";"12,52";"41,35";"55,43";"3,22";3539202
"Pirassununga";"2018";"2374956,02";"313219,53";"585598,97";"1704846,8";"84510,25";"416660,98";"13,19";"24,66";"71,78";"3,56";3539301
"Piratininga";"2018";"221691,01";"52874,39";"21548,09";"175608,42";"24534,5";"13693,51";"23,85";"9,72";"79,21";"11,07";3539400
"Pitangueiras";"2018";"946386,1";"155151,21";"162127,39";"703788,58";"80470,13";"118151,28";"16,39";"17,13";"74,37";"8,5";3539509
"Planalto";"2018";"144924,15";"28392,41";"43737,69";"75294,93";"25891,53";"10935,11";"19,59";"30,18";"51,95";"17,87";3539608
"Platina";"2018";"88068,51";"20577,03";"9785,77";"41166,67";"37116,08";"6299,15";"23,36";"11,11";"46,74";"42,14";3539707
"Poá";"2018";"2528025,73";"495847,12";"667655,83";"1858296,65";"2073,25";"2132345,56";"19,61";"26,41";"73,51";"0,08";3539806
"Poloni";"2018";"121380,74";"24854,22";"30248,37";"68177,8";"22954,57";"10622,74";"20,48";"24,92";"56,17";"18,91";3539905
"Pompéia";"2018";"1070420,16";"97817,16";"444979,36";"585634,68";"39806,12";"174034,82";"9,14";"41,57";"54,71";"3,72";3540002
"Pongaí";"2018";"78113,11";"17764,52";"4719,54";"48938,54";"24455,03";"3133,21";"22,74";"6,04";"62,65";"31,31";3540101
"Pontal";"2018";"1027684,29";"176331,42";"357022,69";"611547,5";"59114,1";"138298,47";"17,16";"34,74";"59,51";"5,75";3540200
"Pontalinda";"2018";"75081,28";"20861,01";"3685,16";"43834,52";"27561,6";"2824,19";"27,78";"4,91";"58,38";"36,71";3540259
"Pontes Gestal";"2018";"148868,23";"20862,41";"28840,79";"57586,35";"62441,09";"7205,11";"14,01";"19,37";"38,68";"41,94";3540309
"Populina";"2018";"93404,82";"23734,34";"4778,08";"55782";"32844,75";"2801,36";"25,41";"5,12";"59,72";"35,16";3540408
"Porangaba";"2018";"166222,11";"36215,02";"22031,51";"101476,44";"42714,16";"10059,51";"21,79";"13,25";"61,05";"25,7";3540507
"Porto Feliz";"2018";"2054186,57";"240870,11";"631389,88";"1274830,28";"147966,41";"545652,9";"11,73";"30,74";"62,06";"7,2";3540606
"Porto Ferreira";"2018";"1700497,07";"235494,8";"647673,26";"1028015,77";"24808,04";"350656,3";"13,85";"38,09";"60,45";"1,46";3540705
"Potim";"2018";"202977,53";"79485,06";"39823,68";"161895,48";"1258,38";"14440,52";"39,16";"19,62";"79,76";"0,62";3540754
"Potirendaba";"2018";"466010,05";"70589,96";"145963,74";"272383,33";"47662,98";"49149,44";"15,15";"31,32";"58,45";"10,23";3540804
"Pracinha";"2018";"32040,81";"16382,84";"1724,66";"24941,3";"5374,85";"747,66";"51,13";"5,38";"77,84";"16,78";3540853
"Pradópolis";"2018";"763143,71";"95649,16";"358061,12";"380871,94";"24210,65";"101882,69";"12,53";"46,92";"49,91";"3,17";3540903
"Praia Grande";"2018";"6574333,48";"1484077,38";"748660,68";"5821980,88";"3691,92";"467485,01";"22,57";"11,39";"88,56";"0,06";3541000
"Pratânia";"2018";"123593,38";"23374,11";"10512,61";"58919,58";"54161,19";"7619,53";"18,91";"8,51";"47,67";"43,82";3541059
"Presidente Alves";"2018";"70661,77";"18145,4";"3447,61";"44705,67";"22508,49";"2712,28";"25,68";"4,88";"63,27";"31,85";3541109
"Presidente Bernardes";"2018";"251632,91";"59742,56";"16229,06";"205802,63";"29601,22";"18687,39";"23,74";"6,45";"81,79";"11,76";3541208
"Presidente Epitácio";"2018";"797563,04";"157564,2";"127087,29";"624612,06";"45863,69";"54571,71";"19,76";"15,93";"78,32";"5,75";3541307
"Presidente Prudente";"2018";"7139878,66";"829412,36";"962649,83";"6149652,36";"27576,48";"854660,55";"11,62";"13,48";"86,13";"0,39";3541406
"Presidente Venceslau";"2018";"674705,33";"139000,15";"31629,04";"620233,48";"22842,82";"41805,17";"20,6";"4,69";"91,93";"3,39";3541505
"Promissão";"2018";"1475815,8";"163023,81";"673216,33";"732980,14";"69619,32";"150410,48";"11,05";"45,62";"49,67";"4,72";3541604
"Quadra";"2018";"94611,62";"22159,58";"4238,49";"51820,58";"38552,55";"4443,97";"23,42";"4,48";"54,77";"40,75";3541653
"Quatá";"2018";"417965,19";"57862,45";"115593,87";"248776,64";"53594,68";"42281,31";"13,84";"27,66";"59,52";"12,82";3541703
"Queiroz";"2018";"300907,64";"21590,85";"116181,09";"90612,28";"94114,28";"25065,34";"7,18";"38,61";"30,11";"31,28";3541802
"Queluz";"2018";"303986,16";"53525,84";"40980,56";"260267,93";"2737,67";"32320,46";"17,61";"13,48";"85,62";"0,9";3541901
"Quintana";"2018";"159587,36";"26119,46";"51212,54";"86501,72";"21873,1";"13394";"16,37";"32,09";"54,2";"13,71";3542008
"Rafard";"2018";"283211,61";"37590,7";"124310,74";"141860,94";"17039,94";"38842,38";"13,27";"43,89";"50,09";"6,02";3542107
"Rancharia";"2018";"1022307,64";"116293,92";"278235,05";"544366,04";"199706,55";"82751,31";"11,38";"27,22";"53,25";"19,53";3542206
"Redenção da Serra";"2018";"51526,48";"18908,36";"2873,81";"40053,43";"8599,23";"1656,67";"36,7";"5,58";"77,73";"16,69";3542305
"Regente Feijó";"2018";"615610,25";"84790,61";"100772,47";"463701,62";"51136,16";"95037,18";"13,77";"16,37";"75,32";"8,31";3542404
"Reginópolis";"2018";"140156,3";"36163,11";"6025,8";"82833,82";"51296,68";"4856,81";"25,8";"4,3";"59,1";"36,6";3542503
"Registro";"2018";"1760005,35";"218228,36";"152298,51";"1475454,66";"132252,19";"206587,21";"12,4";"8,65";"83,83";"7,51";3542602
"Restinga";"2018";"156582,37";"34052,71";"34025,97";"77914,7";"44641,7";"9454,77";"21,75";"21,73";"49,76";"28,51";3542701
"Ribeira";"2018";"45881,66";"17098,99";"2530,24";"31568,51";"11782,92";"2242,98";"37,27";"5,51";"68,8";"25,68";3542800
"Ribeirão Bonito";"2018";"243762,1";"50282,56";"25352,72";"168521,26";"49888,12";"12420,18";"20,63";"10,4";"69,13";"20,47";3542909
"Ribeirão Branco";"2018";"293235,88";"63982,09";"15015,03";"145254,2";"132966,65";"6676,26";"21,82";"5,12";"49,53";"45,34";3543006
"Ribeirão Corrente";"2018";"109020,11";"24448,46";"7683,41";"57576,6";"43760,09";"1231,87";"22,43";"7,05";"52,81";"40,14";3543105
"Ribeirão do Sul";"2018";"138539,53";"20019,78";"9859,57";"92951,07";"35728,89";"13130,11";"14,45";"7,12";"67,09";"25,79";3543204
"Ribeirão dos Índios";"2018";"34704,7";"14064,72";"2798,36";"24238,6";"7667,74";"994,35";"40,53";"8,06";"69,84";"22,09";3543238
"Ribeirão Grande";"2018";"250343,24";"32593,93";"146235,65";"88274,18";"15833,42";"16380,71";"13,02";"58,41";"35,26";"6,32";3543253
"Ribeirão Pires";"2018";"2678217,92";"444585,42";"624801,56";"2052223,45";"1192,91";"364711,93";"16,6";"23,33";"76,63";"0,04";3543303
"Ribeirão Preto";"2018";"30695920,9";"2931944,86";"3839987,68";"26766200,79";"89732,42";"3631622,95";"9,55";"12,51";"87,2";"0,29";3543402
"Rifaina";"2018";"112825,83";"23646,04";"19913,96";"72179,87";"20732";"7487,74";"20,96";"17,65";"63,97";"18,38";3543600
"Rincão";"2018";"186005,52";"43317,4";"25232,8";"123286,31";"37486,42";"10046,01";"23,29";"13,57";"66,28";"20,15";3543709
"Rinópolis";"2018";"238675,56";"38732,84";"34963,79";"139651,1";"64060,67";"16050,68";"16,23";"14,65";"58,51";"26,84";3543808
"Rio Claro";"2018";"8394325,01";"906415,56";"3188348,15";"5141466,73";"64510,14";"1405530,53";"10,8";"37,98";"61,25";"0,77";3543907
"Rio das Pedras";"2018";"1119241,47";"145716,29";"306738,7";"782008,2";"30494,56";"271933,31";"13,02";"27,41";"69,87";"2,72";3544004
"Rio Grande da Serra";"2018";"529227,41";"156657,08";"139187,24";"389461,53";"578,64";"37611,64";"29,6";"26,3";"73,59";"0,11";3544103
"Riolândia";"2018";"244861,8";"53203,59";"15537,84";"125244,23";"104079,72";"7206,81";"21,73";"6,35";"51,15";"42,51";3544202
"Riversul";"2018";"66898,66";"23988,68";"4381,84";"47519,11";"14997,7";"2346,03";"35,86";"6,55";"71,03";"22,42";3543501
"Rosana";"2018";"1179476,38";"104306,18";"848861,63";"298112,07";"32502,68";"16126,35";"8,84";"71,97";"25,27";"2,76";3544251
"Roseira";"2018";"261562,81";"45735,27";"77487,26";"180940,47";"3135,09";"32079,68";"17,49";"29,62";"69,18";"1,2";3544301
"Rubiácea";"2018";"61130,07";"16632,69";"3382,13";"31742,1";"26005,84";"1653,23";"27,21";"5,53";"51,93";"42,54";3544400
"Rubinéia";"2018";"75393,93";"20875,87";"4039,13";"48621,27";"22733,54";"2622,68";"27,69";"5,36";"64,49";"30,15";3544509
"Sabino";"2018";"114042,41";"26579,88";"4545,23";"71783,91";"37713,27";"4182,36";"23,31";"3,99";"62,94";"33,07";3544608
"Sagres";"2018";"36803,17";"12942,96";"2016,34";"23365,79";"11421,04";"820,92";"35,17";"5,48";"63,49";"31,03";3544707
"Sales";"2018";"137779,42";"29606,81";"6641,81";"95139,68";"35997,93";"5154,13";"21,49";"4,82";"69,05";"26,13";3544806
"Sales Oliveira";"2018";"322574,97";"47535,28";"60846,18";"196368,75";"65360,03";"23473,11";"14,74";"18,86";"60,88";"20,26";3544905
"Salesópolis";"2018";"192747,38";"63946,64";"9644,43";"164640,19";"18462,77";"9804,59";"33,18";"5";"85,42";"9,58";3545001
"Salmourão";"2018";"69777,48";"21975,78";"5028,01";"47712";"17037,48";"1860,26";"31,49";"7,21";"68,38";"24,42";3545100
"Saltinho";"2018";"209204,29";"36790,95";"48350,14";"146659,45";"14194,7";"36095,75";"17,59";"23,11";"70,1";"6,79";3545159
"Salto";"2018";"6054975,1";"463413,22";"1760239,88";"4284825,78";"9909,44";"1255898,74";"7,65";"29,07";"70,77";"0,16";3545209
"Salto de Pirapora";"2018";"1456736,31";"172891,18";"763694,65";"676708,56";"16333,1";"231083,8";"11,87";"52,43";"46,45";"1,12";3545308
"Salto Grande";"2018";"208135,26";"38362,73";"66461,23";"120375,52";"21298,51";"13925,04";"18,43";"31,93";"57,84";"10,23";3545407
"Sandovalina";"2018";"376590,22";"31587,32";"233603,8";"74259,5";"68726,92";"6392,92";"8,39";"62,03";"19,72";"18,25";3545506
"Santa Adélia";"2018";"289358,21";"59058,2";"10268,91";"215933,6";"63155,7";"17674,57";"20,41";"3,55";"74,63";"21,83";3545605
"Santa Albertina";"2018";"170551,63";"29744,04";"52270,13";"92844,93";"25436,58";"12488,02";"17,44";"30,65";"54,44";"14,91";3545704
"Santa Bárbara d'Oeste";"2018";"5127512,02";"739985,92";"1621260,53";"3485638,07";"20613,41";"802263,82";"14,43";"31,62";"67,98";"0,4";3545803
"Santa Branca";"2018";"229603,58";"61516,19";"60135,3";"162464,93";"7003,35";"14853,38";"26,79";"26,19";"70,76";"3,05";3546009
"Santa Clara d'Oeste";"2018";"65321,42";"15763,42";"4301,86";"40894,1";"20125,46";"2831,2";"24,13";"6,59";"62,6";"30,81";3546108
"Santa Cruz da Conceição";"2018";"111187,53";"25403,08";"11993,36";"82850";"16344,17";"12474,78";"22,85";"10,79";"74,51";"14,7";3546207
"Santa Cruz da Esperança";"2018";"50509";"14897,47";"3048,4";"28977,06";"18483,54";"1124,56";"29,49";"6,04";"57,37";"36,59";3546256
"Santa Cruz das Palmeiras";"2018";"466602,34";"117028,94";"16928,66";"406952,62";"42721,06";"33670,44";"25,08";"3,63";"87,22";"9,16";3546306
"Santa Cruz do Rio Pardo";"2018";"1806174,6";"194438,56";"504503,91";"1171993,78";"129676,92";"227390,93";"10,77";"27,93";"64,89";"7,18";3546405
"Santa Ernestina";"2018";"88938,28";"23502,07";"5714,07";"65883,39";"17340,82";"3855,05";"26,43";"6,42";"74,08";"19,5";3546504
"Santa Fé do Sul";"2018";"990737,6";"138837,62";"183534,28";"768231,43";"38971,9";"94042,25";"14,01";"18,53";"77,54";"3,93";3546603
"Santa Gertrudes";"2018";"1533063,97";"136593,21";"1006548,63";"518151,97";"8363,37";"235940,05";"8,91";"65,66";"33,8";"0,55";3546702
"Santa Isabel";"2018";"1386021,39";"215157,21";"303113,6";"1036518,27";"46389,53";"190105,91";"15,52";"21,87";"74,78";"3,35";3546801
"Santa Lúcia";"2018";"110869,78";"33171,88";"8061,72";"75014,08";"27793,97";"3964,93";"29,92";"7,27";"67,66";"25,07";3546900
"Santa Maria da Serra";"2018";"127024,23";"24371,33";"27142,27";"70055,66";"29826,31";"6574,79";"19,19";"21,37";"55,15";"23,48";3547007
"Santa Mercedes";"2018";"52094,54";"15943,48";"2947,48";"33780,94";"15366,12";"14358,93";"30,6";"5,66";"64,85";"29,5";3547106
"Santa Rita d'Oeste";"2018";"61207,57";"16525,09";"2447,49";"39539,14";"19220,93";"2309,79";"27";"4";"64,6";"31,4";3547403
"Santa Rita do Passa Quatro";"2018";"599095,9";"105579,7";"81609,12";"455733,81";"61752,97";"64896,33";"17,62";"13,62";"76,07";"10,31";3547502
"Santa Rosa de Viterbo";"2018";"595688,95";"101523,29";"195415,71";"368191,32";"32081,93";"100229,68";"17,04";"32,8";"61,81";"5,39";3547601
"Santa Salete";"2018";"34762,08";"11632,86";"1768,5";"21737,32";"11256,26";"1212,06";"33,46";"5,09";"62,53";"32,38";3547650
"Santana da Ponte Pensa";"2018";"34598,64";"11821,79";"1914,6";"21446,68";"11237,37";"847,85";"34,17";"5,53";"61,99";"32,48";3547205
"Santana de Parnaíba";"2018";"7591748,83";"770266,04";"1751065,08";"5765863,14";"74820,61";"1643713,83";"10,15";"23,07";"75,95";"0,99";3547304
"Santo Anastácio";"2018";"385251,16";"77033,07";"53176,23";"306549,99";"25524,94";"27656,97";"20";"13,8";"79,57";"6,63";3547700
"Santo André";"2018";"25193050,48";"2626053,37";"6168512,66";"19023719,81";"818,01";"3801635,14";"10,42";"24,48";"75,51";"0";3547809
"Santo Antônio da Alegria";"2018";"125140,97";"31450,93";"6812,65";"76356,64";"41971,68";"5257,5";"25,13";"5,44";"61,02";"33,54";3547908
"Santo Antônio de Posse";"2018";"975815,4";"102319,8";"218252,88";"631035,46";"126527,06";"152579,6";"10,49";"22,37";"64,67";"12,97";3548005
"Santo Antônio do Aracanguá";"2018";"199736,33";"49075,4";"21062,21";"112505,46";"66168,67";"7690,26";"24,57";"10,55";"56,33";"33,13";3548054
"Santo Antônio do Jardim";"2018";"140798,42";"25814,39";"11148,02";"92868,15";"36782,25";"10236,04";"18,33";"7,92";"65,96";"26,12";3548104
"Santo Antônio do Pinhal";"2018";"105969,53";"31234,61";"6242,7";"92554,19";"7172,64";"4492,27";"29,48";"5,89";"87,34";"6,77";3548203
"Santo Expedito";"2018";"37221,75";"15261,03";"3401,58";"29578,55";"4241,62";"961,29";"41";"9,14";"79,47";"11,4";3548302
"Santópolis do Aguapeí";"2018";"67358,65";"20053,65";"3810,13";"51236,65";"12311,87";"3003,31";"29,77";"5,66";"76,07";"18,28";3548401
"Santos";"2018";"19504142,83";"2366233,88";"1649228,24";"17851376,22";"3538,37";"2972833,6";"12,13";"8,46";"91,53";"0,02";3548500
"São Bento do Sapucaí";"2018";"193171,79";"42554,69";"10896,79";"159180,31";"23094,69";"10228,05";"22,03";"5,64";"82,4";"11,96";3548609
"São Bernardo do Campo";"2018";"41062010,06";"3132895,39";"12026855,25";"29028273,89";"6880,92";"9506683,28";"7,63";"29,29";"70,69";"0,02";3548708
"São Caetano do Sul";"2018";"11175952,73";"1253494,56";"3133205,92";"8042728,05";"18,76";"2264775,68";"11,22";"28,04";"71,96";"0";3548807
"São Carlos";"2018";"9693130,34";"1032366,37";"3047561,48";"6525507,37";"120061,49";"1479870";"10,65";"31,44";"67,32";"1,24";3548906
"São Francisco";"2018";"46937,47";"14893,92";"2600,98";"27358,89";"16977,6";"892,7";"31,73";"5,54";"58,29";"36,17";3549003
"São João da Boa Vista";"2018";"2822511,87";"362482,72";"671081,51";"2085537,93";"65892,44";"306507,49";"12,84";"23,78";"73,89";"2,33";3549102
"São João das Duas Pontes";"2018";"43474,54";"14267,87";"3181,02";"26166,72";"14126,8";"905,26";"32,82";"7,32";"60,19";"32,49";3549201
"São João de Iracema";"2018";"32863,91";"13915,91";"1103,89";"24392,92";"7367,1";"973,96";"42,34";"3,36";"74,22";"22,42";3549250
"São João do Pau d'Alho";"2018";"44861,77";"13204,94";"2196,57";"26543,38";"16121,82";"1361,59";"29,43";"4,9";"59,17";"35,94";3549300
"São Joaquim da Barra";"2018";"1533505,53";"191489,3";"503661,72";"975708,82";"54134,99";"164817,75";"12,49";"32,84";"63,63";"3,53";3549409
"São José da Bela Vista";"2018";"154246,32";"36587,42";"5221,7";"89540,29";"59484,32";"7813,91";"23,72";"3,39";"58,05";"38,56";3549508
"São José do Barreiro";"2018";"50899,39";"21540,38";"1788,81";"42619,38";"6491,19";"2074,13";"42,32";"3,51";"83,73";"12,75";3549607
"São José do Rio Pardo";"2018";"1607147,68";"210003,28";"400082,75";"1114188,07";"92876,87";"212475,04";"13,07";"24,89";"69,33";"5,78";3549706
"São José do Rio Preto";"2018";"15830305,12";"1636208,39";"1884631,83";"13900591,43";"45081,86";"1712179,97";"10,34";"11,91";"87,81";"0,28";3549805
"São José dos Campos";"2018";"34392038,93";"2663903,72";"14234345,45";"20142430,59";"15262,89";"5305461,57";"7,75";"41,39";"58,57";"0,04";3549904
"São Lourenço da Serra";"2018";"189891,03";"59491,54";"20183,21";"168430,24";"1277,57";"18791,8";"31,33";"10,63";"88,7";"0,67";3549953
"São Luiz do Paraitinga";"2018";"156253,69";"46530,35";"8658,43";"132123,08";"15472,18";"8226,16";"29,78";"5,54";"84,56";"9,9";3550001
"São Manuel";"2018";"1110187,22";"149057,93";"170731,12";"755294,89";"184161,22";"95158,97";"13,43";"15,38";"68,03";"16,59";3550100
"São Miguel Arcanjo";"2018";"653492,38";"114272,64";"41286,12";"374149,24";"238057,02";"27579,79";"17,49";"6,32";"57,25";"36,43";3550209
"São Paulo";"2018";"587529064,25";"44009142,36";"58054689,16";"529437955,32";"36419,78";"127154298,21";"7,49";"9,88";"90,11";"0,01";3550308
"São Pedro";"2018";"695956,54";"137440,74";"57867,22";"575839,84";"62249,48";"56909,18";"19,75";"8,31";"82,74";"8,94";3550407
"São Pedro do Turvo";"2018";"173302,32";"32593,07";"14602,7";"84703,61";"73996";"8700";"18,81";"8,43";"48,88";"42,7";3550506
"São Roque";"2018";"2587448,48";"347381,09";"498903,37";"2060064,66";"28480,44";"384201,35";"13,43";"19,28";"79,62";"1,1";3550605
"São Sebastião";"2018";"3151049,85";"608517,03";"405717,72";"2733403,57";"11928,56";"630789,05";"19,31";"12,88";"86,75";"0,38";3550704
"São Sebastião da Grama";"2018";"267369,04";"46034,08";"32632,17";"188198,72";"46538,16";"18061,88";"17,22";"12,2";"70,39";"17,41";3550803
"São Simão";"2018";"401874,61";"71813,89";"63555,44";"285324,66";"52994,5";"41328,04";"17,87";"15,81";"71";"13,19";3550902
"São Vicente";"2018";"5107761,66";"1347707,21";"439261,82";"4665491,61";"3008,23";"342287,64";"26,39";"8,6";"91,34";"0,06";3551009
"Sarapuí";"2018";"136579,71";"39808,86";"25286,49";"89836,03";"21457,19";"8841,27";"29,15";"18,51";"65,78";"15,71";3551108
"Sarutaiá";"2018";"61463,3";"18636,76";"3238,9";"38005,28";"20219,12";"64,48";"30,32";"5,27";"61,83";"32,9";3551207
"Sebastianópolis do Sul";"2018";"226644,33";"22042,15";"98633,22";"91022,01";"36989,1";"20505,91";"9,73";"43,52";"40,16";"16,32";3551306
"Serra Azul";"2018";"149685,75";"53531,55";"11632,79";"104864,6";"33188,35";"4533,4";"35,76";"7,77";"70,06";"22,17";3551405
"Serra Negra";"2018";"671139,87";"113196,24";"71535,06";"559746,55";"39858,27";"51301,63";"16,87";"10,66";"83,4";"5,94";3551603
"Serrana";"2018";"830406,72";"185632,99";"108167,93";"705722,25";"16516,54";"90274,54";"22,35";"13,03";"84,99";"1,99";3551504
"Sertãozinho";"2018";"4829396,59";"542143,43";"1605099,12";"3156593,64";"67703,83";"666924,22";"11,23";"33,24";"65,36";"1,4";3551702
"Sete Barras";"2018";"359694,91";"53965,59";"23602,08";"143704,95";"192387,88";"10858,71";"15";"6,56";"39,95";"53,49";3551801
"Severínia";"2018";"218603,21";"72617,89";"8239,55";"194901,56";"15462,1";"13121,19";"33,22";"3,77";"89,16";"7,07";3551900
"Silveiras";"2018";"69340,02";"30282,41";"3490,72";"59669,6";"6179,71";"3859,33";"43,67";"5,03";"86,05";"8,91";3552007
"Socorro";"2018";"783485,76";"146861,3";"109083,93";"618897,73";"55504,11";"77444,52";"18,74";"13,92";"78,99";"7,08";3552106
"Sorocaba";"2018";"28099232,72";"2659736,21";"8896518,74";"19170058";"32655,98";"6915955,67";"9,47";"31,66";"68,22";"0,12";3552205
"Sud Mennucci";"2018";"157292,68";"39016,75";"11495,5";"100521,37";"45275,81";"9925,76";"24,81";"7,31";"63,91";"28,78";3552304
"Sumaré";"2018";"11040682,16";"974087,02";"4210221,1";"6707759,96";"122701,1";"3398215,86";"8,82";"38,13";"60,75";"1,11";3552403
"Suzanápolis";"2018";"214673,75";"24306,7";"103432,58";"84984,61";"26256,56";"36299,54";"11,32";"48,18";"39,59";"12,23";3552551
"Suzano";"2018";"9364334,71";"1046371,52";"3820406,88";"5325289,82";"218638,02";"1783531,29";"11,17";"40,8";"56,87";"2,33";3552502
"Tabapuã";"2018";"224612,06";"51130,92";"17248,52";"154843,9";"52519,64";"10520,86";"22,76";"7,68";"68,94";"23,38";3552601
"Tabatinga";"2018";"240545,88";"63104,57";"23593,21";"171453,12";"45499,55";"12606,37";"26,23";"9,81";"71,28";"18,92";3552700
"Taboão da Serra";"2018";"7156324,2";"1002493,55";"1611679,45";"5544462,44";"182,32";"1222557,22";"14,01";"22,52";"77,48";"0";3552809
"Taciba";"2018";"149995,84";"35102,74";"9483,91";"82305,81";"58206,12";"6078";"23,4";"6,32";"54,87";"38,81";3552908
"Taguaí";"2018";"245976,22";"50497,95";"18166,43";"201187,32";"26622,48";"25377,4";"20,53";"7,39";"81,79";"10,82";3553005
"Taiaçu";"2018";"92313,11";"25062,6";"2747,48";"67593,83";"21971,79";"4674,88";"27,15";"2,98";"73,22";"23,8";3553104
"Taiúva";"2018";"106428,47";"25546,81";"9051,41";"76793,97";"20583,09";"7642,17";"24";"8,5";"72,16";"19,34";3553203
"Tambaú";"2018";"518822,4";"84346,94";"108646,36";"338315,12";"71860,92";"42411,09";"16,26";"20,94";"65,21";"13,85";3553302
"Tanabi";"2018";"860505,33";"107089,83";"281334,17";"481531,12";"97640,05";"66769,43";"12,44";"32,69";"55,96";"11,35";3553401
"Tapiraí";"2018";"136074,3";"33720,9";"15548,69";"79060,98";"41464,62";"5449,92";"24,78";"11,43";"58,1";"30,47";3553500
"Tapiratiba";"2018";"303710,29";"50692,51";"70951,35";"176775,57";"55983,37";"21756,78";"16,69";"23,36";"58,21";"18,43";3553609
"Taquaral";"2018";"36817,16";"15019,27";"1551,43";"26695,49";"8570,25";"1710,2";"40,79";"4,21";"72,51";"23,28";3553658
"Taquaritinga";"2018";"1453741,1";"228683,69";"273115,71";"1053305,67";"127319,72";"116835,49";"15,73";"18,79";"72,45";"8,76";3553708
"Taquarituba";"2018";"620290,22";"89374,34";"72648,33";"492752,1";"54889,78";"68552,74";"14,41";"11,71";"79,44";"8,85";3553807
"Taquarivaí";"2018";"202220,33";"28407,57";"13122,58";"118272,44";"70825,31";"16433,18";"14,05";"6,49";"58,49";"35,02";3553856
"Tarabai";"2018";"107560,72";"31174,69";"12315,74";"80741,49";"14503,49";"7133,13";"28,98";"11,45";"75,07";"13,48";3553906
"Tarumã";"2018";"688665,12";"65056,69";"271439,37";"363933,71";"53292,04";"85876,34";"9,45";"39,42";"52,85";"7,74";3553955
"Tatuí";"2018";"3529915,31";"456841,51";"1061317,81";"2368443,68";"100153,83";"472111,15";"12,94";"30,07";"67,1";"2,84";3554003
"Taubaté";"2018";"13985384,75";"1254514,39";"5918186,16";"8047489,47";"19709,12";"3281841,35";"8,97";"42,32";"57,54";"0,14";3554102
"Tejupá";"2018";"79662,61";"22440,62";"5024,94";"42593,14";"32044,52";"421,77";"28,17";"6,31";"53,47";"40,23";3554201
"Teodoro Sampaio";"2018";"411556,17";"87808,05";"62582,89";"304576,55";"44396,74";"25915,98";"21,34";"15,21";"74,01";"10,79";3554300
"Terra Roxa";"2018";"136187,24";"36930,86";"14034,6";"90951,49";"31201,15";"4607,96";"27,12";"10,31";"66,78";"22,91";3554409
"Tietê";"2018";"1614616,83";"175662,63";"601185,24";"962366,39";"51065,2";"210893,14";"10,88";"37,23";"59,6";"3,16";3554508
"Timburi";"2018";"43294,15";"14796,03";"2296,41";"28712,13";"12285,62";"679,93";"34,18";"5,3";"66,32";"28,38";3554607
"Torre de Pedra";"2018";"29090,61";"13636,76";"1818,91";"25502,02";"1769,68";"934,19";"46,88";"6,25";"87,66";"6,08";3554656
"Torrinha";"2018";"189584,1";"37681,25";"23011,52";"137607,66";"28964,92";"13736,9";"19,88";"12,14";"72,58";"15,28";3554706
"Trabiju";"2018";"38673,97";"12592,21";"6309,81";"24350,79";"8013,37";"1941,7";"32,56";"16,32";"62,96";"20,72";3554755
"Tremembé";"2018";"692370,29";"178642,48";"172355,31";"513303,23";"6711,75";"62989,63";"25,8";"24,89";"74,14";"0,97";3554805
"Três Fronteiras";"2018";"102264,13";"25314,09";"9527,73";"68419,04";"24317,36";"4644,29";"24,75";"9,32";"66,9";"23,78";3554904
"Tuiuti";"2018";"127518,85";"25868,1";"4628,97";"99595,58";"23294,3";"8661,73";"20,29";"3,63";"78,1";"18,27";3554953
"Tupã";"2018";"1651686,53";"234672,56";"233097,6";"1315987,24";"102601,69";"143230,23";"14,21";"14,11";"79,68";"6,21";3555000
"Tupi Paulista";"2018";"261942,35";"60309,48";"9353,22";"220185,66";"32403,48";"12033,42";"23,02";"3,57";"84,06";"12,37";3555109
"Turiúba";"2018";"40584,04";"13473,77";"2500,42";"25206,88";"12876,74";"1446,44";"33,2";"6,16";"62,11";"31,73";3555208
"Turmalina";"2018";"54689,51";"14592,52";"2677,63";"27975,15";"24036,72";"1334,29";"26,68";"4,9";"51,15";"43,95";3555307
"Ubarana";"2018";"301252,03";"31256,88";"172286,3";"95314,27";"33651,45";"15037,36";"10,38";"57,19";"31,64";"11,17";3555356
"Ubatuba";"2018";"2030012,42";"384987,17";"252333,42";"1752118,91";"25560,09";"108371,75";"18,96";"12,43";"86,31";"1,26";3555406
"Ubirajara";"2018";"89790,36";"23822,93";"5692,37";"56944,7";"27153,29";"3682,77";"26,53";"6,34";"63,42";"30,24";3555505
"Uchoa";"2018";"200982,2";"46108,31";"34759,96";"129152,39";"37069,85";"22402,03";"22,94";"17,3";"64,26";"18,44";3555604
"União Paulista";"2018";"44466,93";"12632,97";"2171,01";"25983,04";"16312,88";"1004,38";"28,41";"4,88";"58,43";"36,69";3555703
"Urânia";"2018";"203742,82";"32917,03";"22077,63";"118359,13";"63306,06";"11526,78";"16,16";"10,84";"58,09";"31,07";3555802
"Uru";"2018";"40343,36";"11617,5";"1905,75";"22356,66";"16080,96";"1021,04";"28,8";"4,72";"55,42";"39,86";3555901
"Urupês";"2018";"368041,89";"56556,24";"24013,35";"247497,94";"96530,6";"24437,14";"15,37";"6,52";"67,25";"26,23";3556008
"Valentim Gentil";"2018";"294973,76";"49217,8";"106617,46";"169009,61";"19346,69";"29887,92";"16,69";"36,14";"57,3";"6,56";3556107
"Valinhos";"2018";"5142978,02";"592668,06";"1515242,49";"3583212,55";"44522,98";"1056589,44";"11,52";"29,46";"69,67";"0,87";3556206
"Valparaíso";"2018";"796713,31";"106088,33";"288824,37";"404492,04";"103396,91";"76734,27";"13,32";"36,25";"50,77";"12,98";3556305
"Vargem";"2018";"121587,48";"36464,14";"10911,55";"102098,54";"8577,39";"10275,61";"29,99";"8,97";"83,97";"7,05";3556354
"Vargem Grande do Sul";"2018";"880990,67";"160570,93";"137662,18";"700229,66";"43098,83";"93167,71";"18,23";"15,63";"79,48";"4,89";3556404
"Vargem Grande Paulista";"2018";"1766082,39";"211336,8";"480296,71";"1260149,21";"25636,47";"316612,92";"11,97";"27,2";"71,35";"1,45";3556453
"Várzea Paulista";"2018";"2451350,15";"424100,59";"911610,71";"1538063,8";"1675,64";"392350,66";"17,3";"37,19";"62,74";"0,07";3556503
"Vera Cruz";"2018";"136531,95";"41076,34";"7766,59";"114647,02";"14118,34";"6314,97";"30,09";"5,69";"83,97";"10,34";3556602
"Vinhedo";"2018";"7127962,66";"439354,82";"2777411,86";"4339137,64";"11413,16";"2148721,38";"6,16";"38,97";"60,87";"0,16";3556701
"Viradouro";"2018";"321647,04";"73067,86";"35167,84";"253924,36";"32554,84";"24174,59";"22,72";"10,93";"78,95";"10,12";3556800
"Vista Alegre do Alto";"2018";"301562,52";"37241,27";"120459,33";"152139,03";"28964,17";"43954,97";"12,35";"39,95";"50,45";"9,6";3556909
"Vitória Brasil";"2018";"34341,81";"12187,5";"1730,87";"24846,15";"7764,79";"1587,43";"35,49";"5,04";"72,35";"22,61";3556958
"Votorantim";"2018";"2760056,94";"485021,01";"672300,57";"2086330,49";"1425,88";"333311,55";"17,57";"24,36";"75,59";"0,05";3557006
"Votuporanga";"2018";"2672532,39";"346713,76";"506073,77";"2121744,4";"44714,22";"256155,22";"12,97";"18,94";"79,39";"1,67";3557105
"Zacarias";"2018";"85907,7";"18951,53";"8090,36";"38731,91";"39085,43";"2609,51";"22,06";"9,42";"45,09";"45,5";3557154
