"Localidades";"Períodos";"Consumo de Energia Elétrica - Total (Em MWh)";"Consumo de Energia Elétrica - Industrial (Em MWh)";"Consumo de Energia Elétrica -  Comércio e Serviços (Em MWh)";"Consumo de Energia Elétrica - Rural (Em MWh)";"Consumo de Energia Elétrica - Residencial (Em MWh)";"Consumo de Energia Elétrica - Iluminação e Serviços Públicos e Outros (Em MWh)";"Cód. IBGE"
"Adamantina";"2019";"79010";"8958";"19475";"3070";"35115";"12393";3500105
"Adolfo";"2019";"14265";"72";"1077";"6913";"4553";"1650";3500204
"Aguaí";"2019";"89156";"35605";"8384";"13589";"22067";"9510";3500303
"Águas da Prata";"2019";"14101";"2276";"2232";"1633";"5808";"2151";3500402
"Águas de Lindóia";"2019";"47548";"4114";"16636";"1487";"18203";"7108";3500501
"Águas de Santa Bárbara";"2019";"17618";"706";"3142";"5476";"5918";"2376";3500550
"Águas de São Pedro";"2019";"15743";"7";"7032";"1";"5925";"2778";3500600
"Agudos";"2019";"310796";"253265";"9462";"4452";"30599";"13017";3500709
"Alambari";"2019";"9996";"855";"1219";"2250";"4265";"1406";3500758
"Alfredo Marcondes";"2019";"8436";"1253";"816";"1687";"3608";"1073";3500808
"Altair";"2019";"10195";"3";"558";"6693";"2213";"728";3500907
"Altinópolis";"2019";"34741";"286";"5016";"8672";"13227";"7541";3501004
"Alto Alegre";"2019";"46752";"55";"1465";"41131";"2995";"1105";3501103
"Alumínio";"2019";"3732654";"3711523";"5588";"20";"11495";"4028";3501152
"Álvares Florence";"2019";"10426";"562";"731";"5561";"2488";"1084";3501202
"Álvares Machado";"2019";"43706";"3727";"8477";"4265";"22273";"4963";3501301
"Álvaro de Carvalho";"2019";"5537";"210";"369";"979";"1947";"2033";3501400
"Alvinlândia";"2019";"4386";"59";"350";"1060";"1902";"1016";3501509
"Americana";"2019";"1054679";"591481";"145680";"271";"253948";"63298";3501608
"Américo Brasiliense";"2019";"56910";"6719";"12184";"437";"25770";"11801";3501707
"Américo de Campos";"2019";"10465";"104";"1302";"2317";"4836";"1906";3501806
"Amparo";"2019";"407220";"281566";"24900";"23077";"60441";"17235";3501905
"Analândia";"2019";"10490";"2378";"821";"1545";"4119";"1626";3502002
"Andradina";"2019";"207381";"95649";"31783";"7669";"57218";"15062";3502101
"Angatuba";"2019";"160577";"89094";"29872";"23436";"13552";"4623";3502200
"Anhembi";"2019";"12187";"1782";"1235";"2865";"4436";"1868";3502309
"Anhumas";"2019";"5762";"98";"564";"1270";"2873";"957";3502408
"Aparecida";"2019";"93690";"3880";"48196";"667";"31795";"9151";3502507
"Aparecida d'Oeste";"2019";"9864";"2436";"825";"2067";"3382";"1154";3502606
"Apiaí";"2019";"158642";"135858";"4533";"1575";"12566";"4109";3502705
"Aramina";"2019";"9737";"219";"1269";"853";"5149";"2246";3503000
"Arandu";"2019";"9860";"57";"798";"3109";"3944";"1951";3503109
"Arapeí";"2019";"2728";"20";"413";"440";"1472";"382";3503158
"Araraquara";"2019";"735966";"236777";"147612";"6245";"244095";"101237";3503208
"Araras";"2019";"486813";"242758";"81260";"15596";"111533";"35667";3503307
"Araçariguama";"2019";"424081";"385311";"15776";"195";"17865";"4935";3502754
"Araçatuba";"2019";"557294";"102396";"132088";"9301";"253965";"59544";3502804
"Araçoiaba da Serra";"2019";"74530";"5598";"9756";"5518";"44281";"9378";3502903
"Arco-Íris";"2019";"3571";"549";"167";"1395";"939";"521";3503356
"Arealva";"2019";"22593";"3596";"1819";"6822";"8127";"2229";3503406
"Areias";"2019";"4749";"2";"491";"1518";"2087";"651";3503505
"Areiópolis";"2019";"11211";"466";"1587";"328";"6806";"2024";3503604
"Ariranha";"2019";"20377";"7537";"1539";"1231";"7746";"2323";3503703
"Artur Nogueira";"2019";"98068";"25247";"17079";"6286";"36708";"12749";3503802
"Arujá";"2019";"263877";"125244";"48224";"2257";"76336";"11816";3503901
"Aspásia";"2019";"4171";"12";"288";"2154";"1233";"485";3503950
"Assis";"2019";"193334";"10839";"55322";"5365";"90875";"30933";3504008
"Atibaia";"2019";"509656";"194521";"106316";"25997";"151404";"31417";3504107
"Auriflama";"2019";"24961";"1394";"5393";"2751";"12140";"3283";3504206
"Avaí";"2019";"8255";"312";"1138";"2513";"3328";"964";3504305
"Avanhandava";"2019";"14960";"1178";"1683";"938";"8328";"2833";3504404
"Avaré";"2019";"170019";"20027";"36251";"9742";"71387";"32612";3504503
"Bady Bassitt";"2019";"38571";"2860";"5520";"2886";"21245";"6059";3504602
"Balbinos";"2019";"4216";"733";"187";"250";"1148";"1898";3504701
"Bálsamo";"2019";"23394";"7534";"2410";"1788";"8865";"2797";3504800
"Bananal";"2019";"17469";"4245";"2403";"2032";"6897";"1892";3504909
"Barão de Antonina";"2019";"4097";"18";"544";"692";"2118";"725";3505005
"Barbosa";"2019";"10324";"1171";"1338";"1061";"5183";"1570";3505104
"Bariri";"2019";"83447";"17414";"12462";"13272";"30846";"9453";3505203
"Barra Bonita";"2019";"88646";"21181";"14965";"660";"34067";"17772";3505302
"Barra do Chapéu";"2019";"3883";"20";"460";"613";"2202";"589";3505351
"Barra do Turvo";"2019";"6653";"56";"1299";"805";"3702";"792";3505401
"Barretos";"2019";"374754";"85166";"91137";"29797";"125822";"42831";3505500
"Barrinha";"2019";"41429";"1095";"5586";"677";"26030";"8041";3505609
"Barueri";"2019";"1370477";"238411";"761192";"-";"303300";"67574";3505708
"Bastos";"2019";"71217";"9497";"7726";"31374";"16088";"6531";3505807
"Batatais";"2019";"134360";"30553";"21182";"6918";"52826";"22880";3505906
"Bauru";"2019";"945039";"152658";"273637";"10478";"386912";"121355";3506003
"Bebedouro";"2019";"232469";"66693";"44341";"20018";"78021";"23396";3506102
"Bento de Abreu";"2019";"4983";"877";"443";"423";"2349";"892";3506201
"Bernardino de Campos";"2019";"31398";"9631";"2145";"8397";"7507";"3719";3506300
"Bertioga";"2019";"215052";"2599";"73197";"40";"114904";"24312";3506359
"Bilac";"2019";"15897";"2058";"3147";"1316";"7337";"2040";3506409
"Birigui";"2019";"278678";"50698";"52682";"10146";"135133";"30019";3506508
"Biritiba Mirim";"2019";"52180";"1566";"5142";"7160";"20944";"17368";3506607
"Boa Esperança do Sul";"2019";"41218";"3779";"3108";"19486";"10791";"4055";3506706
"Bocaina";"2019";"25782";"7674";"2419";"1379";"10640";"3669";3506805
"Bofete";"2019";"25456";"7106";"1864";"6586";"8439";"1462";3506904
"Boituva";"2019";"307215";"187255";"19441";"24683";"62595";"13240";3507001
"Bom Jesus dos Perdões";"2019";"98134";"67156";"5839";"1396";"19322";"4422";3507100
"Bom Sucesso de Itararé";"2019";"7492";"4474";"459";"399";"1631";"529";3507159
"Borá";"2019";"1508";"17";"217";"209";"583";"482";3507209
"Boracéia";"2019";"14471";"5530";"2309";"1418";"3901";"1313";3507308
"Borborema";"2019";"37101";"5519";"11494";"3692";"12663";"3733";3507407
"Borebi";"2019";"6072";"1268";"677";"1235";"1778";"1114";3507456
"Botucatu";"2019";"503712";"243133";"54869";"13765";"132808";"59137";3507506
"Bragança Paulista";"2019";"566950";"259790";"87197";"18520";"162779";"38664";3507605
"Braúna";"2019";"7671";"213";"835";"773";"4543";"1307";3507704
"Brejo Alegre";"2019";"4515";"174";"314";"1061";"2202";"764";3507753
"Brodowski";"2019";"47084";"4014";"5820";"3420";"24591";"9238";3507803
"Brotas";"2019";"64934";"17514";"8619";"12129";"21446";"5226";3507902
"Buri";"2019";"38923";"3305";"6490";"13675";"10502";"4951";3508009
"Buritama";"2019";"38409";"5122";"6810";"4237";"17591";"4649";3508108
"Buritizal";"2019";"8506";"1335";"828";"1494";"3097";"1751";3508207
"Cabrália Paulista";"2019";"7303";"829";"697";"1818";"2922";"1036";3508306
"Cabreúva";"2019";"268191";"187504";"27941";"8779";"35530";"8437";3508405
"Cachoeira Paulista";"2019";"57036";"3385";"12033";"2016";"25184";"14417";3508603
"Caconde";"2019";"22455";"353";"2940";"5853";"10227";"3082";3508702
"Cafelândia";"2019";"33728";"4869";"5140";"4064";"15205";"4450";3508801
"Caiabu";"2019";"5299";"34";"626";"997";"2702";"940";3508900
"Caieiras";"2019";"447891";"325671";"38832";"172";"72678";"10539";3509007
"Caiuá";"2019";"7720";"32";"734";"2849";"2342";"1764";3509106
"Cajamar";"2019";"401042";"216654";"96417";"52";"74210";"13708";3509205
"Cajati";"2019";"237946";"204337";"6241";"1865";"18820";"6685";3509254
"Cajobi";"2019";"19119";"383";"1629";"6821";"7870";"2416";3509304
"Cajuru";"2019";"42166";"8587";"4638";"6951";"18672";"3319";3509403
"Campina do Monte Alegre";"2019";"10026";"1014";"1069";"2694";"4187";"1062";3509452
"Campinas";"2019";"3315985";"606030";"1151682";"76045";"1147449";"334779";3509502
"Campo Limpo Paulista";"2019";"288289";"190044";"16607";"319";"64100";"17219";3509601
"Campos do Jordão";"2019";"131098";"17494";"40187";"619";"56920";"15880";3509700
"Campos Novos Paulista";"2019";"7516";"260";"853";"2318";"3020";"1065";3509809
"Cananéia";"2019";"20314";"871";"4342";"450";"10670";"3981";3509908
"Canas";"2019";"9186";"2756";"1733";"252";"3395";"1051";3509957
"Cândido Mota";"2019";"91151";"37175";"12863";"7801";"26027";"7285";3510005
"Cândido Rodrigues";"2019";"7068";"510";"602";"2337";"2507";"1111";3510104
"Canitar";"2019";"5724";"477";"319";"222";"3226";"1480";3510153
"Capão Bonito";"2019";"59426";"4282";"11030";"11286";"24808";"8020";3510203
"Capela do Alto";"2019";"32683";"2056";"2692";"5832";"15640";"6462";3510302
"Capivari";"2019";"241793";"159855";"14686";"5700";"46705";"14845";3510401
"Caraguatatuba";"2019";"352100";"86254";"88049";"601";"139665";"37530";3510500
"Carapicuíba";"2019";"612893";"55458";"95117";"-";"322314";"140005";3510609
"Cardoso";"2019";"23576";"297";"3863";"4868";"10780";"3769";3510708
"Casa Branca";"2019";"82227";"8385";"9422";"33312";"22024";"9083";3510807
"Cássia dos Coqueiros";"2019";"5463";"2";"265";"2698";"1884";"614";3510906
"Castilho";"2019";"33198";"536";"5770";"8784";"14201";"3908";3511003
"Catanduva";"2019";"343965";"87667";"81182";"5237";"127807";"42073";3511102
"Catiguá";"2019";"11534";"346";"2282";"839";"6084";"1983";3511201
"Caçapava";"2019";"450267";"298181";"48648";"2897";"77966";"22575";3508504
"Cedral";"2019";"32960";"11255";"4365";"2903";"10894";"3543";3511300
"Cerqueira César";"2019";"46527";"7031";"10025";"8231";"14173";"7066";3511409
"Cerquilho";"2019";"176546";"108418";"14309";"5412";"36337";"12070";3511508
"Cesário Lange";"2019";"54032";"14156";"15667";"8233";"11228";"4747";3511607
"Charqueada";"2019";"31780";"7256";"3307";"2085";"12919";"6213";3511706
"Chavantes";"2019";"20475";"2253";"2064";"1462";"9552";"5145";3557204
"Clementina";"2019";"11383";"1598";"1372";"350";"5929";"2133";3511904
"Colina";"2019";"115539";"83269";"5216";"5694";"15912";"5448";3512001
"Colômbia";"2019";"48338";"2157";"1172";"38145";"4868";"1996";3512100
"Conchal";"2019";"70933";"33026";"8834";"4302";"19360";"5411";3512209
"Conchas";"2019";"34404";"8434";"3605";"6684";"11725";"3955";3512308
"Cordeirópolis";"2019";"332463";"283860";"17871";"4222";"19465";"7044";3512407
"Coroados";"2019";"14138";"4995";"1022";"2161";"4738";"1222";3512506
"Coronel Macedo";"2019";"7187";"925";"720";"2683";"2235";"623";3512605
"Corumbataí";"2019";"32956";"23991";"1134";"4503";"2606";"721";3512704
"Cosmópolis";"2019";"146157";"68075";"13229";"1659";"51017";"12176";3512803
"Cosmorama";"2019";"59843";"43686";"2516";"5387";"6219";"2035";3512902
"Cotia";"2019";"716678";"249325";"180753";"3902";"247928";"34769";3513009
"Cravinhos";"2019";"116264";"49529";"10954";"10130";"30768";"14883";3513108
"Cristais Paulista";"2019";"18711";"1532";"1217";"6465";"7528";"1969";3513207
"Cruzália";"2019";"5320";"36";"1168";"1466";"1615";"1035";3513306
"Cruzeiro";"2019";"273982";"172922";"24546";"1248";"63642";"11624";3513405
"Cubatão";"2019";"2075542";"1821227";"71807";"-";"89184";"93324";3513504
"Cunha";"2019";"24989";"775";"2952";"6806";"12394";"2062";3513603
"Descalvado";"2019";"120725";"51754";"11477";"19476";"28671";"9348";3513702
"Diadema";"2019";"1065583";"532106";"160286";"-";"331725";"41466";3513801
"Dirce Reis";"2019";"5671";"3135";"337";"558";"1219";"422";3513850
"Divinolândia";"2019";"18678";"603";"2846";"7032";"7023";"1174";3513900
"Dobrada";"2019";"13593";"3824";"1152";"321";"6070";"2226";3514007
"Dois Córregos";"2019";"54376";"15871";"6645";"3909";"21608";"6343";3514106
"Dolcinópolis";"2019";"4266";"221";"520";"1138";"1844";"544";3514205
"Dourado";"2019";"47566";"29915";"1792";"6355";"6891";"2613";3514304
"Dracena";"2019";"101495";"9679";"27902";"4361";"46637";"12916";3514403
"Duartina";"2019";"23674";"4088";"3531";"2314";"10104";"3637";3514502
"Dumont";"2019";"24772";"7573";"2261";"1840";"9233";"3865";3514601
"Echaporã";"2019";"10101";"184";"1512";"2243";"4353";"1808";3514700
"Eldorado";"2019";"13203";"146";"2324";"1874";"7196";"1663";3514809
"Elias Fausto";"2019";"81780";"54140";"4260";"5065";"14147";"4169";3514908
"Elisiário";"2019";"5749";"168";"928";"713";"2847";"1092";3514924
"Embaúba";"2019";"4783";"1340";"246";"792";"1832";"572";3514957
"Embu das Artes";"2019";"486224";"176917";"89295";"1115";"196156";"22741";3515004
"Embu-Guaçu";"2019";"90684";"23309";"12022";"6177";"40703";"8474";3515103
"Emilianópolis";"2019";"4551";"71";"405";"973";"2356";"746";3515129
"Engenheiro Coelho";"2019";"93247";"62954";"9671";"5756";"12524";"2342";3515152
"Espírito Santo do Pinhal";"2019";"77050";"13587";"13776";"9944";"31773";"7969";3515186
"Espírito Santo do Turvo";"2019";"5851";"89";"686";"1291";"2726";"1060";3515194
"Estiva Gerbi";"2019";"18724";"4926";"3686";"601";"7093";"2418";3557303
"Estrela d'Oeste";"2019";"47620";"29151";"2601";"6408";"7175";"2285";3515202
"Estrela do Norte";"2019";"3513";"29";"359";"723";"1671";"731";3515301
"Euclides da Cunha Paulista";"2019";"12292";"118";"1402";"4814";"4416";"1542";3515350
"Fartura";"2019";"29184";"3861";"4313";"7324";"11030";"2655";3515400
"Fernando Prestes";"2019";"16548";"4029";"1876";"3333";"5327";"1982";3515608
"Fernandópolis";"2019";"152130";"11172";"43370";"7196";"69550";"20843";3515509
"Fernão";"2019";"2507";"31";"204";"992";"758";"523";3515657
"Ferraz de Vasconcelos";"2019";"283168";"118340";"38162";"128";"113022";"13515";3515707
"Flora Rica";"2019";"2318";"4";"241";"522";"1120";"430";3515806
"Floreal";"2019";"6378";"257";"894";"1865";"2363";"999";3515905
"Flórida Paulista";"2019";"17337";"1767";"2629";"1938";"7545";"3458";3516002
"Florínea";"2019";"8246";"6";"1161";"2412";"2468";"2200";3516101
"Franca";"2019";"713907";"128445";"140456";"8870";"330831";"105305";3516200
"Francisco Morato";"2019";"182717";"2631";"21347";"99";"93291";"65349";3516309
"Franco da Rocha";"2019";"230122";"79231";"39157";"906";"90675";"20153";3516408
"Gabriel Monteiro";"2019";"6388";"1027";"665";"1041";"2543";"1111";3516507
"Gália";"2019";"11602";"902";"1465";"2995";"4243";"1996";3516606
"Garça";"2019";"88304";"20951";"12430";"6937";"34578";"13408";3516705
"Gastão Vidigal";"2019";"5352";"21";"631";"1289";"2598";"812";3516804
"Gavião Peixoto";"2019";"39326";"20734";"591";"12254";"3656";"2091";3516853
"General Salgado";"2019";"18424";"381";"3454";"2751";"9072";"2766";3516903
"Getulina";"2019";"15971";"149";"1554";"4571";"6710";"2987";3517000
"Glicério";"2019";"11480";"1359";"1255";"3136";"4343";"1387";3517109
"Guaimbê";"2019";"8137";"1245";"809";"1140";"3789";"1154";3517307
"Guaíra";"2019";"127105";"22324";"12219";"41879";"39923";"10760";3517406
"Guaiçara";"2019";"26438";"9065";"1988";"3418";"9432";"2535";3517208
"Guapiara";"2019";"33953";"20483";"1586";"2790";"6925";"2169";3517604
"Guapiaçu";"2019";"78663";"38419";"5058";"12426";"18510";"4250";3517505
"Guará";"2019";"33230";"3841";"7289";"1393";"15640";"5067";3517703
"Guaraci";"2019";"20820";"2383";"1777";"4328";"9131";"3201";3517901
"Guarani d'Oeste";"2019";"4261";"459";"309";"709";"1561";"1223";3518008
"Guarantã";"2019";"18503";"8260";"1843";"2129";"4709";"1562";3518107
"Guararapes";"2019";"95323";"30630";"9143";"15717";"32623";"7210";3518206
"Guararema";"2019";"202840";"142746";"15904";"3098";"28290";"12801";3518305
"Guaratinguetá";"2019";"414678";"207819";"59030";"5234";"109571";"33025";3518404
"Guaraçaí";"2019";"16043";"3049";"2103";"2925";"6393";"1573";3517802
"Guareí";"2019";"21594";"2854";"1284";"6282";"7610";"3564";3518503
"Guariba";"2019";"56083";"6171";"7612";"1822";"30527";"9951";3518602
"Guarujá";"2019";"844156";"113717";"326511";"1141";"315007";"87780";3518701
"Guarulhos";"2019";"3364850";"1323341";"908696";"795";"938726";"193292";3518800
"Guatapará";"2019";"15353";"1686";"2237";"3517";"6523";"1389";3518859
"Guzolândia";"2019";"6776";"160";"798";"1449";"3073";"1295";3518909
"Herculândia";"2019";"21471";"7439";"2298";"2183";"7442";"2108";3519006
"Holambra";"2019";"80930";"19869";"8817";"37070";"9738";"5436";3519055
"Hortolândia";"2019";"584962";"161831";"196881";"492";"191479";"34279";3519071
"Iacanga";"2019";"24946";"2872";"4279";"5268";"9807";"2719";3519105
"Iacri";"2019";"12116";"3108";"1421";"1820";"4079";"1688";3519204
"Iaras";"2019";"10917";"182";"1350";"3666";"2602";"3116";3519253
"Ibaté";"2019";"57946";"13876";"7657";"4341";"24285";"7786";3519303
"Ibirá";"2019";"22863";"2821";"3565";"2096";"11091";"3290";3519402
"Ibirarema";"2019";"16913";"7244";"1632";"1163";"4811";"2063";3519501
"Ibitinga";"2019";"129007";"24141";"22845";"5905";"56998";"19118";3519600
"Ibiúna";"2019";"229892";"24400";"19869";"82055";"37494";"66074";3519709
"Icém";"2019";"16850";"5697";"1455";"1094";"5824";"2780";3519808
"Iepê";"2019";"16696";"461";"3849";"4071";"6016";"2300";3519907
"Igarapava";"2019";"45832";"4952";"9402";"1752";"23077";"6649";3520103
"Igaratá";"2019";"21247";"2122";"2905";"1553";"12254";"2413";3520202
"Igaraçu do Tietê";"2019";"38834";"7811";"4266";"281";"18380";"8097";3520004
"Iguape";"2019";"39772";"862";"6436";"2009";"24082";"6384";3520301
"Ilha Comprida";"2019";"30422";"327";"5150";"2";"20065";"4878";3520426
"Ilha Solteira";"2019";"61971";"2139";"12851";"2962";"30164";"13856";3520442
"Ilhabela";"2019";"85840";"780";"25903";"236";"48700";"10221";3520400
"Indaiatuba";"2019";"890233";"379004";"160026";"10583";"267075";"73545";3520509
"Indiana";"2019";"7323";"186";"815";"1198";"3981";"1142";3520608
"Indiaporã";"2019";"8433";"70";"1189";"2415";"3250";"1509";3520707
"Inúbia Paulista";"2019";"8049";"12";"2918";"1064";"2775";"1281";3520806
"Ipaussu";"2019";"24678";"5993";"3607";"1120";"10434";"3524";3520905
"Iperó";"2019";"76085";"24586";"6741";"1497";"22001";"21260";3521002
"Ipeúna";"2019";"33000";"17740";"1869";"5584";"5498";"2308";3521101
"Ipiguá";"2019";"12992";"2240";"367";"5968";"3454";"963";3521150
"Iporanga";"2019";"3969";"2";"598";"402";"2146";"821";3521200
"Ipuã";"2019";"36698";"3801";"3460";"12373";"13075";"3989";3521309
"Iracemápolis";"2019";"56216";"19180";"9832";"3290";"18386";"5528";3521408
"Irapuã";"2019";"13445";"232";"1812";"4445";"5378";"1578";3521507
"Irapuru";"2019";"10588";"115";"1586";"1570";"4263";"3054";3521606
"Itaberá";"2019";"42821";"1214";"6279";"23915";"8534";"2879";3521705
"Itaí";"2019";"102127";"317";"5389";"77741";"13649";"5031";3521804
"Itajobi";"2019";"44658";"8952";"6550";"10912";"14642";"3603";3521903
"Itaju";"2019";"9455";"1565";"609";"2970";"3047";"1262";3522000
"Itanhaém";"2019";"216242";"1458";"43861";"13856";"128657";"28408";3522109
"Itaoca";"2019";"2641";"7";"291";"356";"1621";"366";3522158
"Itapecerica da Serra";"2019";"262762";"56408";"61247";"9391";"114945";"20770";3522208
"Itapetininga";"2019";"521074";"291127";"47503";"26968";"119530";"35946";3522307
"Itapeva";"2019";"413334";"276806";"28344";"34033";"55642";"18509";3522406
"Itapevi";"2019";"476828";"206184";"89989";"50";"151484";"29121";3522505
"Itapira";"2019";"257908";"139785";"27718";"9051";"61849";"19504";3522604
"Itapirapuã Paulista";"2019";"3107";"15";"396";"365";"1787";"543";3522653
"Itápolis";"2019";"110174";"33065";"14827";"11953";"39197";"11132";3522703
"Itaporanga";"2019";"18058";"460";"2835";"3934";"8292";"2538";3522802
"Itapuí";"2019";"55256";"26024";"5587";"9083";"11159";"3402";3522901
"Itapura";"2019";"11092";"494";"783";"5176";"3368";"1272";3523008
"Itaquaquecetuba";"2019";"554771";"194124";"106058";"521";"206198";"47871";3523107
"Itararé";"2019";"68683";"12938";"16477";"3868";"27111";"8288";3523206
"Itariri";"2019";"17728";"417";"5080";"3038";"7479";"1714";3523305
"Itatiba";"2019";"406804";"188729";"57871";"11749";"115493";"32962";3523404
"Itatinga";"2019";"27717";"3048";"3091";"5473";"11924";"4181";3523503
"Itirapina";"2019";"55663";"21591";"6302";"11357";"10765";"5647";3523602
"Itirapuã";"2019";"8298";"178";"655";"2337";"3872";"1256";3523701
"Itobi";"2019";"20237";"3756";"1631";"8156";"5181";"1513";3523800
"Itu";"2019";"621711";"281251";"107530";"15527";"179771";"37632";3523909
"Itupeva";"2019";"357047";"216071";"49077";"7279";"69546";"15074";3524006
"Ituverava";"2019";"85129";"11656";"18217";"6369";"38648";"10238";3524105
"Jaborandi";"2019";"10135";"38";"1203";"1682";"5409";"1803";3524204
"Jaboticabal";"2019";"188757";"34474";"44458";"14377";"75255";"20192";3524303
"Jacareí";"2019";"1117501";"762034";"108297";"3793";"194720";"48657";3524402
"Jaci";"2019";"31802";"17276";"2962";"3062";"6277";"2225";3524501
"Jacupiranga";"2019";"23238";"2030";"5418";"2255";"10494";"3041";3524600
"Jaguariúna";"2019";"393544";"267054";"44116";"3541";"57618";"21215";3524709
"Jales";"2019";"127127";"23615";"31823";"8826";"50070";"12794";3524808
"Jambeiro";"2019";"7714";"2764";"764";"430";"2729";"1027";3524907
"Jandira";"2019";"243592";"75047";"51259";"2";"96913";"20370";3525003
"Jardinópolis";"2019";"96872";"17325";"16422";"9218";"41938";"11969";3525102
"Jarinu";"2019";"125772";"44791";"36734";"7377";"31262";"5607";3525201
"Jaú";"2019";"343103";"69804";"82188";"5977";"137549";"47585";3525300
"Jeriquara";"2019";"7204";"165";"526";"3389";"2397";"727";3525409
"Joanópolis";"2019";"23239";"2688";"5223";"3408";"9773";"2148";3525508
"João Ramalho";"2019";"6002";"42";"717";"1017";"2863";"1363";3525607
"José Bonifácio";"2019";"95645";"26927";"12322";"10070";"36440";"9886";3525706
"Júlio Mesquita";"2019";"5040";"22";"609";"421";"2900";"1089";3525805
"Jumirim";"2019";"22787";"15163";"662";"3887";"2025";"1050";3525854
"Jundiaí";"2019";"2125354";"1103446";"452743";"10151";"438687";"120327";3525904
"Junqueirópolis";"2019";"35090";"997";"7982";"2802";"16480";"6828";3526001
"Juquiá";"2019";"21631";"884";"4003";"2517";"11005";"3222";3526100
"Juquitiba";"2019";"42752";"5713";"6907";"537";"25646";"3948";3526209
"Lagoinha";"2019";"6840";"60";"709";"2375";"2889";"808";3526308
"Laranjal Paulista";"2019";"187755";"142054";"11906";"5893";"20535";"7367";3526407
"Lavínia";"2019";"11578";"16";"1481";"1766";"4017";"4298";3526506
"Lavrinhas";"2019";"8833";"1061";"1149";"727";"4609";"1286";3526605
"Leme";"2019";"253243";"98844";"40171";"7759";"73858";"32611";3526704
"Lençóis Paulista";"2019";"197016";"87450";"23515";"4747";"58197";"23107";3526803
"Limeira";"2019";"1455551";"908333";"183303";"29122";"258090";"76703";3526902
"Lindóia";"2019";"31793";"17965";"3715";"1281";"6457";"2375";3527009
"Lins";"2019";"189595";"44967";"41501";"4218";"78654";"20254";3527108
"Lorena";"2019";"246103";"114934";"36395";"2787";"72090";"19896";3527207
"Lourdes";"2019";"3769";"111";"541";"1010";"1440";"667";3527256
"Louveira";"2019";"282436";"179765";"40508";"5745";"44555";"11864";3527306
"Lucélia";"2019";"32924";"2955";"5429";"2570";"15534";"6436";3527405
"Lucianópolis";"2019";"3772";"106";"414";"891";"1582";"779";3527504
"Luís Antônio";"2019";"265048";"242661";"1789";"6204";"10507";"3888";3527603
"Luiziânia";"2019";"6516";"55";"630";"853";"3755";"1222";3527702
"Lupércio";"2019";"7042";"1969";"556";"866";"2728";"924";3527801
"Lutécia";"2019";"4952";"526";"409";"1211";"1802";"1004";3527900
"Macatuba";"2019";"36576";"13858";"4003";"1171";"12802";"4743";3528007
"Macaubal";"2019";"18031";"2199";"2152";"4668";"6877";"2136";3528106
"Macedônia";"2019";"6834";"847";"565";"1930";"2635";"857";3528205
"Magda";"2019";"6390";"272";"914";"1761";"2474";"969";3528304
"Mairinque";"2019";"139757";"77484";"8052";"1552";"43471";"9199";3528403
"Mairiporã";"2019";"472402";"40800";"32896";"1677";"87229";"309800";3528502
"Manduri";"2019";"17648";"1181";"2440";"5129";"6136";"2761";3528601
"Marabá Paulista";"2019";"6220";"160";"459";"2499";"1657";"1445";3528700
"Maracaí";"2019";"24406";"2560";"3969";"5235";"9631";"3010";3528809
"Marapoama";"2019";"10261";"2519";"879";"2695";"3075";"1093";3528858
"Mariápolis";"2019";"4707";"49";"477";"852";"2470";"859";3528908
"Marília";"2019";"577462";"120524";"131350";"7655";"227637";"90298";3529005
"Marinópolis";"2019";"3932";"15";"488";"1537";"1461";"431";3529104
"Martinópolis";"2019";"41965";"2075";"7312";"5789";"19086";"7703";3529203
"Matão";"2019";"418544";"260536";"38189";"20002";"73112";"26706";3529302
"Mauá";"2019";"1209844";"681094";"159159";"33";"324695";"44863";3529401
"Mendonça";"2019";"12417";"3351";"1874";"315";"4947";"1930";3529500
"Meridiano";"2019";"9961";"161";"2869";"2317";"3170";"1444";3529609
"Mesópolis";"2019";"3528";"4";"335";"1313";"1316";"560";3529658
"Miguelópolis";"2019";"50250";"185";"5472";"21433";"18854";"4306";3529708
"Mineiros do Tietê";"2019";"18460";"1645";"2407";"1285";"9693";"3429";3529807
"Mira Estrela";"2019";"7693";"226";"935";"2418";"3035";"1079";3530003
"Miracatu";"2019";"30524";"1383";"10531";"2805";"12405";"3400";3529906
"Mirandópolis";"2019";"49236";"2788";"8706";"6733";"21561";"9449";3530102
"Mirante do Paranapanema";"2019";"24454";"133";"4553";"8444";"8209";"3116";3530201
"Mirassol";"2019";"157849";"43743";"26062";"4614";"65559";"17870";3530300
"Mirassolândia";"2019";"15075";"4608";"669";"4772";"3766";"1260";3530409
"Mococa";"2019";"176151";"48115";"24501";"29883";"57776";"15877";3530508
"Mogi das Cruzes";"2019";"1316460";"615622";"209912";"17079";"341334";"132513";3530607
"Mogi Guaçu";"2019";"726613";"457651";"82904";"34652";"112696";"38710";3530706
"Mogi Mirim";"2019";"442293";"185630";"120921";"33797";"75685";"26260";3530805
"Mombuca";"2019";"12366";"4623";"2707";"1232";"2631";"1173";3530904
"Mongaguá";"2019";"111851";"1979";"23777";"201";"69043";"16850";3531100
"Monte Alegre do Sul";"2019";"16762";"1365";"2697";"4830";"6106";"1763";3531209
"Monte Alto";"2019";"184658";"91305";"15633";"16364";"45690";"15666";3531308
"Monte Aprazível";"2019";"40771";"6109";"6045";"2662";"20595";"5361";3531407
"Monte Azul Paulista";"2019";"40472";"1378";"7052";"9759";"16744";"5539";3531506
"Monte Castelo";"2019";"6859";"1017";"487";"1320";"3148";"888";3531605
"Monte Mor";"2019";"174788";"86835";"15106";"7441";"52866";"12539";3531803
"Monteiro Lobato";"2019";"6003";"549";"810";"823";"3173";"649";3531704
"Monções";"2019";"6242";"2310";"617";"746";"1743";"826";3531001
"Morro Agudo";"2019";"52727";"4966";"7099";"6764";"25163";"8734";3531902
"Morungaba";"2019";"90745";"70768";"2814";"3900";"10305";"2958";3532009
"Motuca";"2019";"6667";"647";"603";"1211";"2808";"1398";3532058
"Murutinga do Sul";"2019";"6514";"38";"641";"1907";"3086";"841";3532108
"Nantes";"2019";"4910";"18";"1235";"637";"2060";"960";3532157
"Narandiba";"2019";"10351";"1116";"3509";"1083";"3258";"1386";3532207
"Natividade da Serra";"2019";"9086";"60";"1035";"1977";"4814";"1200";3532306
"Nazaré Paulista";"2019";"36017";"8374";"5793";"3044";"16475";"2331";3532405
"Neves Paulista";"2019";"21515";"3066";"4303";"2771";"8858";"2517";3532504
"Nhandeara";"2019";"20951";"1386";"4357";"3999";"8479";"2730";3532603
"Nipoã";"2019";"9315";"1782";"972";"2089";"3446";"1027";3532702
"Nova Aliança";"2019";"11684";"518";"2343";"1285";"5268";"2270";3532801
"Nova Campina";"2019";"33019";"26111";"1047";"500";"3895";"1466";3532827
"Nova Canaã Paulista";"2019";"3708";"32";"308";"1572";"1232";"564";3532843
"Nova Castilho";"2019";"2759";"33";"246";"1257";"745";"478";3532868
"Nova Europa";"2019";"12771";"710";"1406";"1004";"7322";"2328";3532900
"Nova Granada";"2019";"39507";"1426";"4326";"14388";"15189";"4178";3533007
"Nova Guataporanga";"2019";"3098";"-";"390";"461";"1654";"593";3533106
"Nova Independência";"2019";"6929";"92";"808";"946";"3118";"1965";3533205
"Nova Luzitânia";"2019";"4743";"84";"582";"848";"2370";"858";3533304
"Nova Odessa";"2019";"393826";"284367";"34448";"1194";"57752";"16065";3533403
"Novais";"2019";"6365";"56";"1744";"525";"3063";"977";3533254
"Novo Horizonte";"2019";"84517";"8292";"26934";"2652";"37720";"8918";3533502
"Nuporanga";"2019";"50277";"32384";"4558";"4199";"6412";"2724";3533601
"Ocauçu";"2019";"7712";"200";"904";"2634";"2968";"1006";3533700
"Óleo";"2019";"5744";"44";"221";"3108";"1502";"868";3533809
"Olímpia";"2019";"179049";"35192";"57953";"9722";"57815";"18368";3533908
"Onda Verde";"2019";"12165";"945";"4246";"2009";"3783";"1181";3534005
"Oriente";"2019";"9629";"1209";"1315";"688";"4931";"1486";3534104
"Orindiúva";"2019";"14678";"255";"5082";"2203";"5111";"2028";3534203
"Orlândia";"2019";"187512";"109957";"18592";"4283";"36967";"17712";3534302
"Osasco";"2019";"1508952";"218322";"576245";"-";"635767";"78618";3534401
"Oscar Bressane";"2019";"4725";"725";"575";"896";"1781";"749";3534500
"Osvaldo Cruz";"2019";"62286";"5581";"12264";"6500";"27033";"10908";3534609
"Ourinhos";"2019";"220638";"34678";"49160";"2596";"95527";"38676";3534708
"Ouro Verde";"2019";"10575";"195";"1483";"1097";"5896";"1904";3534807
"Ouroeste";"2019";"21201";"1940";"4044";"3845";"9010";"2361";3534757
"Pacaembu";"2019";"20280";"152";"2957";"2508";"8441";"6222";3534906
"Palestina";"2019";"22409";"1736";"1690";"7496";"9070";"2417";3535002
"Palmares Paulista";"2019";"11125";"126";"1585";"270";"7621";"1523";3535101
"Palmeira d'Oeste";"2019";"18122";"246";"3076";"5338";"7326";"2136";3535200
"Palmital";"2019";"88848";"45996";"8558";"9771";"18140";"6383";3535309
"Panorama";"2019";"43378";"17793";"5596";"1311";"13415";"5263";3535408
"Paraguaçu Paulista";"2019";"81130";"18903";"12748";"6361";"33246";"9872";3535507
"Paraibuna";"2019";"25724";"118";"2457";"14573";"6354";"2222";3535606
"Paraíso";"2019";"13363";"3131";"1128";"2076";"5437";"1592";3535705
"Paranapanema";"2019";"42172";"134";"1856";"31644";"6123";"2415";3535804
"Paranapuã";"2019";"10621";"59";"927";"5391";"3231";"1014";3535903
"Parapuã";"2019";"16343";"1498";"3180";"1085";"7686";"2895";3536000
"Pardinho";"2019";"23172";"4736";"6318";"3265";"6412";"2441";3536109
"Pariquera-Açu";"2019";"28852";"1185";"7573";"2546";"12937";"4610";3536208
"Parisi";"2019";"5789";"462";"554";"2006";"2025";"742";3536257
"Patrocínio Paulista";"2019";"55745";"32565";"3889";"5583";"10521";"3187";3536307
"Paulicéia";"2019";"20199";"4351";"3575";"1030";"8603";"2639";3536406
"Paulínia";"2019";"1227363";"957964";"82689";"3311";"114150";"69249";3536505
"Paulistânia";"2019";"3657";"100";"186";"1561";"1188";"620";3536570
"Paulo de Faria";"2019";"15233";"187";"2098";"4444";"6045";"2460";3536604
"Pederneiras";"2019";"155741";"84367";"15481";"4509";"37633";"13750";3536703
"Pedra Bela";"2019";"10516";"802";"1115";"4809";"2708";"1082";3536802
"Pedranópolis";"2019";"6790";"54";"482";"3932";"1673";"648";3536901
"Pedregulho";"2019";"25660";"514";"2767";"8728";"10331";"3319";3537008
"Pedreira";"2019";"202084";"127962";"19273";"2229";"41343";"11277";3537107
"Pedrinhas Paulista";"2019";"8507";"136";"2794";"1476";"2758";"1343";3537156
"Pedro de Toledo";"2019";"15966";"125";"2237";"4746";"6993";"1865";3537206
"Penápolis";"2019";"143672";"31069";"25938";"6108";"65077";"15481";3537305
"Pereira Barreto";"2019";"52820";"2276";"10346";"10317";"22896";"6985";3537404
"Pereiras";"2019";"28292";"2859";"1454";"17058";"5224";"1696";3537503
"Peruíbe";"2019";"142314";"1095";"33354";"3375";"81228";"23263";3537602
"Piacatu";"2019";"8839";"236";"1053";"1054";"4592";"1904";3537701
"Piedade";"2019";"94008";"6036";"13910";"36787";"29540";"7735";3537800
"Pilar do Sul";"2019";"42495";"2785";"8689";"9263";"17691";"4067";3537909
"Pindamonhangaba";"2019";"1389945";"1154933";"67177";"5694";"125460";"36681";3538006
"Pindorama";"2019";"32074";"11383";"3422";"1617";"12340";"3312";3538105
"Pinhalzinho";"2019";"27722";"5077";"3913";"5150";"11455";"2127";3538204
"Piquerobi";"2019";"6251";"52";"594";"1931";"2315";"1359";3538303
"Piquete";"2019";"17959";"4156";"2165";"738";"9177";"1723";3538501
"Piracaia";"2019";"52787";"13147";"6844";"4855";"22797";"5144";3538600
"Piracicaba";"2019";"2172572";"1307345";"269983";"13730";"420301";"161214";3538709
"Piraju";"2019";"51404";"4492";"8824";"5820";"23330";"8938";3538808
"Pirajuí";"2019";"39416";"1727";"5814";"6228";"17201";"8446";3538907
"Pirangi";"2019";"31302";"8389";"2992";"6180";"10108";"3633";3539004
"Pirapora do Bom Jesus";"2019";"62399";"44657";"1875";"26";"11625";"4217";3539103
"Pirapozinho";"2019";"71223";"28340";"8912";"5848";"21288";"6835";3539202
"Pirassununga";"2019";"191548";"35214";"45975";"8729";"64560";"37070";3539301
"Piratininga";"2019";"25213";"779";"3697";"3551";"14218";"2968";3539400
"Pitangueiras";"2019";"56245";"6901";"8805";"4111";"28717";"7711";3539509
"Planalto";"2019";"7396";"159";"1059";"1306";"3671";"1201";3539608
"Platina";"2019";"5504";"145";"362";"2420";"1795";"781";3539707
"Poá";"2019";"255381";"83431";"37834";"65";"83636";"50415";3539806
"Poloni";"2019";"17811";"8156";"1001";"2128";"5091";"1434";3539905
"Pompéia";"2019";"81581";"46422";"7975";"2524";"18137";"6523";3540002
"Pongaí";"2019";"6030";"51";"1180";"1067";"2823";"909";3540101
"Pontal";"2019";"53284";"3096";"7749";"1259";"31674";"9506";3540200
"Pontalinda";"2019";"5405";"40";"640";"1554";"2423";"749";3540259
"Pontes Gestal";"2019";"6761";"111";"1823";"1855";"2097";"875";3540309
"Populina";"2019";"8374";"74";"1005";"2937";"3303";"1055";3540408
"Porangaba";"2019";"21471";"1344";"2334";"6328";"8918";"2546";3540507
"Porto Feliz";"2019";"224492";"109717";"26840";"17545";"58344";"12046";3540606
"Porto Ferreira";"2019";"284577";"188339";"22063";"26448";"37458";"10268";3540705
"Potim";"2019";"30801";"10900";"2074";"335";"13132";"4360";3540754
"Potirendaba";"2019";"45456";"15010";"3909";"4535";"16598";"5404";3540804
"Pracinha";"2019";"2700";"46";"159";"264";"954";"1278";3540853
"Pradópolis";"2019";"30793";"4797";"2884";"1489";"16012";"5611";3540903
"Praia Grande";"2019";"587085";"8426";"146277";"-";"376566";"55815";3541000
"Pratânia";"2019";"10937";"259";"2149";"4084";"3633";"812";3541059
"Presidente Alves";"2019";"6604";"302";"846";"1656";"2865";"936";3541109
"Presidente Bernardes";"2019";"22774";"507";"3887";"3341";"10092";"4947";3541208
"Presidente Epitácio";"2019";"95120";"25477";"15610";"5895";"37288";"10850";3541307
"Presidente Prudente";"2019";"603802";"71647";"197095";"8662";"242884";"83513";3541406
"Presidente Venceslau";"2019";"70869";"1255";"14859";"5828";"35946";"12980";3541505
"Promissão";"2019";"52166";"2036";"9390";"4897";"29500";"6342";3541604
"Quadra";"2019";"11049";"175";"1153";"6651";"2241";"829";3541653
"Quatá";"2019";"60947";"39909";"3165";"4206";"10130";"3536";3541703
"Queiroz";"2019";"8970";"2270";"349";"2945";"2514";"892";3541802
"Queluz";"2019";"14641";"1292";"4936";"999";"5886";"1527";3541901
"Quintana";"2019";"20658";"10164";"1772";"1439";"5326";"1957";3542008
"Rafard";"2019";"26618";"12125";"2907";"1284";"7182";"3119";3542107
"Rancharia";"2019";"76944";"26384";"10443";"9086";"23971";"7060";3542206
"Redenção da Serra";"2019";"6940";"10";"764";"2573";"2951";"642";3542305
"Regente Feijó";"2019";"46588";"10965";"9717";"4888";"15512";"5506";3542404
"Reginópolis";"2019";"14088";"98";"1002";"5502";"4855";"2630";3542503
"Registro";"2019";"102095";"5274";"30137";"4178";"45226";"17279";3542602
"Restinga";"2019";"16634";"4708";"1334";"2901";"4447";"3244";3542701
"Ribeira";"2019";"3223";"16";"348";"331";"1954";"574";3542800
"Ribeirão Bonito";"2019";"33047";"1432";"14724";"5971";"8550";"2370";3542909
"Ribeirão Branco";"2019";"15938";"1034";"2566";"2751";"7548";"2039";3543006
"Ribeirão Corrente";"2019";"8247";"560";"580";"2862";"2877";"1368";3543105
"Ribeirão do Sul";"2019";"8605";"167";"2178";"2139";"3086";"1035";3543204
"Ribeirão dos Índios";"2019";"3647";"140";"295";"955";"1505";"752";3543238
"Ribeirão Grande";"2019";"8678";"2221";"612";"1429";"3404";"1013";3543253
"Ribeirão Pires";"2019";"221836";"74024";"34179";"78";"94272";"19284";3543303
"Ribeirão Preto";"2019";"1961336";"196771";"644555";"5033";"803732";"311244";3543402
"Rifaina";"2019";"14120";"2210";"1260";"2087";"6069";"2494";3543600
"Rincão";"2019";"22996";"3627";"1676";"7223";"8194";"2275";3543709
"Rinópolis";"2019";"17587";"2560";"2001";"3454";"7070";"2502";3543808
"Rio Claro";"2019";"1019461";"648370";"117988";"18763";"172649";"61691";3543907
"Rio das Pedras";"2019";"102595";"58174";"10196";"1534";"26265";"6426";3544004
"Rio Grande da Serra";"2019";"57915";"4717";"16355";"29";"29863";"6952";3544103
"Riolândia";"2019";"18209";"658";"2006";"4982";"6382";"4181";3544202
"Riversul";"2019";"6198";"228";"649";"1693";"2755";"873";3543501
"Rosana";"2019";"31496";"576";"6300";"3656";"14758";"6206";3544251
"Roseira";"2019";"21949";"4763";"4836";"775";"8041";"3534";3544301
"Rubiácea";"2019";"4540";"1";"324";"1202";"2093";"920";3544400
"Rubinéia";"2019";"10650";"67";"1024";"3473";"4475";"1611";3544509
"Sabino";"2019";"10124";"58";"1208";"1798";"5323";"1737";3544608
"Sagres";"2019";"3102";"103";"318";"624";"1456";"601";3544707
"Sales";"2019";"14955";"566";"2288";"1777";"7518";"2806";3544806
"Sales Oliveira";"2019";"29887";"7723";"2906";"3774";"11106";"4377";3544905
"Salesópolis";"2019";"20688";"35";"2821";"4365";"11225";"2243";3545001
"Salmourão";"2019";"5212";"23";"691";"245";"3129";"1124";3545100
"Saltinho";"2019";"23922";"8588";"2318";"2449";"8596";"1970";3545159
"Salto";"2019";"624664";"422255";"48838";"2112";"125427";"26031";3545209
"Salto de Pirapora";"2019";"359450";"302870";"9332";"1767";"36298";"9183";3545308
"Salto Grande";"2019";"18072";"2394";"2340";"3787";"6919";"2632";3545407
"Sandovalina";"2019";"6866";"359";"2028";"1375";"2108";"996";3545506
"Santa Adélia";"2019";"27456";"217";"5555";"3506";"13832";"4347";3545605
"Santa Albertina";"2019";"12373";"154";"2802";"2102";"5587";"1728";3545704
"Santa Bárbara d'Oeste";"2019";"661341";"363550";"77163";"1628";"169263";"49737";3545803
"Santa Branca";"2019";"25149";"5466";"2941";"1021";"11773";"3948";3546009
"Santa Clara d'Oeste";"2019";"9159";"604";"1884";"3844";"2108";"718";3546108
"Santa Cruz da Conceição";"2019";"30639";"21530";"1207";"2525";"3370";"2007";3546207
"Santa Cruz da Esperança";"2019";"3745";"120";"370";"966";"1656";"634";3546256
"Santa Cruz das Palmeiras";"2019";"47670";"1793";"13415";"5021";"20698";"6744";3546306
"Santa Cruz do Rio Pardo";"2019";"146557";"59978";"23676";"10130";"40564";"12210";3546405
"Santa Ernestina";"2019";"7652";"27";"993";"513";"4452";"1668";3546504
"Santa Fé do Sul";"2019";"98984";"26396";"20054";"4742";"37254";"10538";3546603
"Santa Gertrudes";"2019";"400059";"369836";"6460";"487";"17350";"5925";3546702
"Santa Isabel";"2019";"223599";"38169";"29027";"5230";"42617";"108557";3546801
"Santa Lúcia";"2019";"9479";"29";"958";"589";"5718";"2185";3546900
"Santa Maria da Serra";"2019";"15334";"4497";"2879";"1783";"4919";"1256";3547007
"Santa Mercedes";"2019";"4766";"38";"544";"1093";"2225";"866";3547106
"Santa Rita d'Oeste";"2019";"5440";"188";"577";"1752";"2054";"869";3547403
"Santa Rita do Passa Quatro";"2019";"65461";"20272";"10135";"5421";"21498";"8135";3547502
"Santa Rosa de Viterbo";"2019";"196879";"163435";"5801";"3158";"19566";"4919";3547601
"Santa Salete";"2019";"4963";"15";"437";"2983";"1046";"483";3547650
"Santana da Ponte Pensa";"2019";"3461";"19";"482";"1302";"1062";"597";3547205
"Santana de Parnaíba";"2019";"559232";"174653";"176872";"75";"180509";"27123";3547304
"Santo Anastácio";"2019";"32989";"2644";"6333";"3344";"16228";"4440";3547700
"Santo André";"2019";"2803407";"1421927";"564630";"1";"702746";"114104";3547809
"Santo Antônio da Alegria";"2019";"10573";"412";"826";"2969";"4827";"1539";3547908
"Santo Antônio de Posse";"2019";"53606";"3319";"15575";"13236";"15395";"6082";3548005
"Santo Antônio do Aracanguá";"2019";"23959";"490";"3178";"7715";"9595";"2981";3548054
"Santo Antônio do Jardim";"2019";"10085";"903";"991";"4406";"2868";"916";3548104
"Santo Antônio do Pinhal";"2019";"12802";"108";"2507";"2120";"6291";"1776";3548203
"Santo Expedito";"2019";"4418";"18";"619";"464";"2414";"903";3548302
"Santópolis do Aguapeí";"2019";"5738";"15";"788";"288";"3207";"1440";3548401
"Santos";"2019";"1415304";"128335";"613530";"-";"589977";"83463";3548500
"São Bento do Sapucaí";"2019";"15320";"226";"2770";"2879";"7799";"1646";3548609
"São Bernardo do Campo";"2019";"2604463";"1174980";"508136";"97";"723563";"197687";3548708
"São Caetano do Sul";"2019";"760496";"280655";"194643";"-";"194818";"90380";3548807
"São Carlos";"2019";"896783";"372205";"143712";"27210";"247273";"106384";3548906
"São Francisco";"2019";"4553";"55";"462";"1316";"1970";"750";3549003
"São João da Boa Vista";"2019";"382919";"222308";"50302";"14233";"75686";"20390";3549102
"São João das Duas Pontes";"2019";"3755";"17";"450";"760";"1902";"626";3549201
"São João de Iracema";"2019";"3015";"24";"257";"885";"1225";"624";3549250
"São João do Pau d'Alho";"2019";"4301";"48";"765";"757";"1900";"831";3549300
"São Joaquim da Barra";"2019";"129393";"46411";"18778";"2688";"45003";"16513";3549409
"São José da Bela Vista";"2019";"11162";"110";"1069";"3527";"5310";"1147";3549508
"São José do Barreiro";"2019";"5628";"362";"694";"1302";"2542";"728";3549607
"São José do Rio Pardo";"2019";"187966";"81334";"25272";"16554";"45850";"18954";3549706
"São José do Rio Preto";"2019";"1240150";"91575";"404246";"43745";"558804";"141780";3549805
"São José dos Campos";"2019";"1920110";"694725";"456219";"4004";"580434";"184728";3549904
"São Lourenço da Serra";"2019";"23879";"613";"2816";"7684";"10721";"2044";3549953
"São Luiz do Paraitinga";"2019";"16175";"359";"2061";"5243";"6672";"1840";3550001
"São Manuel";"2019";"67961";"10022";"12024";"4465";"30766";"10684";3550100
"São Miguel Arcanjo";"2019";"42740";"2071";"5628";"12859";"17323";"4859";3550209
"São Paulo";"2019";"27511918";"2531285";"10726895";"2479";"11231739";"3019519";3550308
"São Pedro";"2019";"74939";"3821";"14887";"6031";"39111";"11088";3550407
"São Pedro do Turvo";"2019";"18531";"8688";"1095";"2790";"4231";"1727";3550506
"São Roque";"2019";"210766";"54668";"46477";"4798";"78978";"25845";3550605
"São Sebastião";"2019";"359616";"140566";"62332";"88";"126438";"30191";3550704
"São Sebastião da Grama";"2019";"16321";"1469";"1861";"4251";"6808";"1932";3550803
"São Simão";"2019";"39884";"16871";"5177";"2547";"11569";"3720";3550902
"São Vicente";"2019";"494276";"33791";"103423";"-";"308260";"48803";3551009
"Sarapuí";"2019";"21869";"5114";"1438";"5494";"7136";"2687";3551108
"Sarutaiá";"2019";"4456";"43";"599";"836";"2139";"840";3551207
"Sebastianópolis do Sul";"2019";"9426";"721";"3646";"1647";"2413";"1000";3551306
"Serra Azul";"2019";"15263";"165";"1204";"1665";"7829";"4400";3551405
"Serra Negra";"2019";"61923";"2907";"15897";"6219";"27684";"9217";3551603
"Serrana";"2019";"62405";"7092";"8536";"908";"35594";"10274";3551504
"Sertãozinho";"2019";"336391";"93457";"63682";"2405";"130074";"46773";3551702
"Sete Barras";"2019";"14861";"109";"2031";"3734";"7261";"1726";3551801
"Severínia";"2019";"24307";"1743";"3983";"3016";"11475";"4090";3551900
"Silveiras";"2019";"7304";"187";"772";"1620";"3727";"997";3552007
"Socorro";"2019";"92940";"20243";"15724";"18368";"32060";"6545";3552106
"Sorocaba";"2019";"2097824";"846482";"424589";"5464";"681161";"140128";3552205
"Sud Mennucci";"2019";"15598";"186";"2927";"4581";"6032";"1872";3552304
"Sumaré";"2019";"979301";"556760";"124915";"11836";"243209";"42582";3552403
"Suzanápolis";"2019";"9163";"2276";"598";"2763";"2430";"1095";3552551
"Suzano";"2019";"1407991";"873293";"111072";"7761";"211571";"204294";3552502
"Tabapuã";"2019";"22166";"338";"3398";"4633";"10478";"3319";3552601
"Tabatinga";"2019";"31410";"6800";"2911";"5971";"12049";"3679";3552700
"Taboão da Serra";"2019";"550773";"180578";"118247";"7";"230066";"21875";3552809
"Taciba";"2019";"9357";"257";"953";"2040";"4365";"1742";3552908
"Taguaí";"2019";"17053";"2255";"2821";"1998";"7775";"2203";3553005
"Taiaçu";"2019";"9657";"91";"917";"2565";"4504";"1579";3553104
"Taiúva";"2019";"12451";"1799";"1803";"1270";"4804";"2776";3553203
"Tambaú";"2019";"76504";"40704";"6910";"7762";"15664";"5463";3553302
"Tanabi";"2019";"56763";"13242";"8679";"5581";"22359";"6901";3553401
"Tapiraí";"2019";"11865";"833";"2287";"2536";"4694";"1515";3553500
"Tapiratiba";"2019";"22583";"394";"1964";"9683";"8660";"1882";3553609
"Taquaral";"2019";"8785";"43";"398";"5513";"1946";"885";3553658
"Taquaritinga";"2019";"111158";"13853";"20099";"10916";"48341";"17949";3553708
"Taquarituba";"2019";"40258";"4816";"5867";"8394";"15320";"5861";3553807
"Taquarivaí";"2019";"15659";"1310";"2693";"7793";"2799";"1064";3553856
"Tarabai";"2019";"12400";"3925";"1485";"1144";"4270";"1576";3553906
"Tarumã";"2019";"34092";"14855";"3392";"1719";"10605";"3522";3553955
"Tatuí";"2019";"384025";"186140";"60258";"19756";"92378";"25493";3554003
"Taubaté";"2019";"860746";"375790";"163053";"3636";"258943";"59324";3554102
"Tejupá";"2019";"6315";"93";"340";"2723";"2245";"913";3554201
"Teodoro Sampaio";"2019";"34912";"2739";"7219";"4537";"15845";"4572";3554300
"Terra Roxa";"2019";"14637";"3205";"1497";"1101";"6789";"2046";3554409
"Tietê";"2019";"160293";"82384";"16793";"17610";"31146";"12361";3554508
"Timburi";"2019";"3790";"1";"381";"1106";"1301";"1002";3554607
"Torre de Pedra";"2019";"3600";"18";"339";"908";"1721";"615";3554656
"Torrinha";"2019";"18382";"1024";"1981";"5513";"6798";"3066";3554706
"Trabiju";"2019";"7358";"2283";"773";"2351";"1249";"702";3554755
"Tremembé";"2019";"98526";"25216";"8394";"2109";"33864";"28942";3554805
"Três Fronteiras";"2019";"12524";"1215";"1363";"2623";"5646";"1677";3554904
"Tuiuti";"2019";"11136";"79";"898";"3820";"4968";"1371";3554953
"Tupã";"2019";"149192";"23160";"32585";"13761";"58533";"21153";3555000
"Tupi Paulista";"2019";"29284";"969";"5406";"4731";"12833";"5345";3555109
"Turiúba";"2019";"3784";"38";"414";"1145";"1656";"532";3555208
"Turmalina";"2019";"5530";"25";"297";"3230";"1351";"628";3555307
"Ubarana";"2019";"14753";"2981";"1068";"4696";"4723";"1286";3555356
"Ubatuba";"2019";"225663";"5719";"63487";"1235";"134894";"20328";3555406
"Ubirajara";"2019";"8620";"524";"734";"3178";"3160";"1024";3555505
"Uchoa";"2019";"34652";"19378";"2024";"1834";"8492";"2924";3555604
"União Paulista";"2019";"2805";"2";"350";"900";"1023";"529";3555703
"Urânia";"2019";"20096";"3233";"2576";"5825";"6811";"1651";3555802
"Uru";"2019";"2776";"2";"242";"528";"1190";"813";3555901
"Urupês";"2019";"35023";"2361";"5660";"9880";"13394";"3728";3556008
"Valentim Gentil";"2019";"40949";"17313";"4205";"3873";"11555";"4003";3556107
"Valinhos";"2019";"476900";"215965";"83539";"5671";"139831";"31894";3556206
"Valparaíso";"2019";"76463";"41360";"4483";"2160";"19026";"9435";3556305
"Vargem";"2019";"15777";"1812";"2309";"2548";"7658";"1450";3556354
"Vargem Grande do Sul";"2019";"99486";"26848";"21076";"12059";"30270";"9233";3556404
"Vargem Grande Paulista";"2019";"202112";"105015";"25324";"854";"49941";"20979";3556453
"Várzea Paulista";"2019";"291820";"151301";"24761";"185";"93740";"21834";3556503
"Vera Cruz";"2019";"16901";"432";"2951";"2524";"7609";"3385";3556602
"Vinhedo";"2019";"458004";"272333";"67919";"1761";"92040";"23950";3556701
"Viradouro";"2019";"29599";"1844";"4470";"2423";"16565";"4295";3556800
"Vista Alegre do Alto";"2019";"23040";"6236";"1865";"5942";"7035";"1963";3556909
"Vitória Brasil";"2019";"3115";"64";"358";"968";"1270";"456";3556958
"Votorantim";"2019";"472873";"295259";"43554";"345";"106103";"27612";3557006
"Votuporanga";"2019";"243680";"29334";"63950";"31515";"92229";"26652";3557105
"Zacarias";"2019";"7695";"732";"631";"2771";"2568";"993";3557154
