Localidades;Períodos;Frota de Veículos  Total ;Número de Habitantes por Total de Veículos ;Frota de Automóveis ;Número de Habitantes por Automóvel ;Frota de Ônibus ;Frota de Caminhões ;Frota de Reboques ;Frota de Motocicletas e Assemelhados ;Frota de Microônibus e Camionetas ;Frota de Veículos de Outro Tipo ;Cód. IBGE
Adamantina;2020;28403;1.19;15575;2.18;91;1067;1377;6726;3559;8;3500105
Adolfo;2020;2617;1.32;1514;2.28;28;99;229;437;308;2;3500204
Aguaí;2020;22952;1.55;12004;2.97;224;1225;620;6214;2658;7;3500303
Águas da Prata;2020;4984;1.56;2969;2.63;13;151;86;1002;761;2;3500402
Águas de Lindóia;2020;13982;1.31;8013;2.29;106;227;134;3800;1700;2;3500501
Águas de Santa Bárbara;2020;4462;1.33;2675;2.22;34;195;237;655;664;2;3500550
Águas de São Pedro;2020;2744;1.14;1798;1.74;6;44;100;362;428;6;3500600
Agudos;2020;23385;1.55;13756;2.63;115;883;692;5234;2691;14;3500709
Alambari;2020;2674;2.16;1372;4.21;9;121;61;761;347;3;3500758
Alfredo Marcondes;2020;2578;1.52;1552;2.53;10;87;83;449;397;;3500808
Altair;2020;1731;2.33;1142;3.53;36;84;77;182;209;1;3500907
Altinópolis;2020;10497;1.48;6637;2.34;130;586;435;973;1732;4;3501004
Alto Alegre;2020;2600;1.55;1343;2.99;45;158;180;483;391;;3501103
Alumínio;2020;9253;1.94;6414;2.8;65;353;132;1309;968;12;3501152
Álvares Florence;2020;2069;1.75;1188;3.05;20;75;106;384;296;;3501202
Álvares Machado;2020;16389;1.45;8929;2.66;34;612;441;4350;2020;3;3501301
Álvaro de Carvalho;2020;1493;3.38;995;5.07;26;41;24;233;174;;3501400
Alvinlândia;2020;1583;2.01;1011;3.14;16;59;48;233;216;;3501509
Americana;2020;187605;1.24;117482;1.99;578;4363;3964;34978;26169;71;3501608
Américo Brasiliense;2020;26483;1.52;14735;2.73;224;1221;1465;6259;2496;83;3501707
Américo de Campos;2020;3935;1.46;2341;2.45;37;169;162;703;523;;3501806
Amparo;2020;56882;1.22;31006;2.25;166;1749;781;16063;7104;13;3501905
Analândia;2020;2782;1.74;1701;2.85;19;168;137;375;380;2;3502002
Andradina;2020;47399;1.18;23665;2.37;176;1592;1936;14990;5024;16;3502101
Angatuba;2020;14120;1.74;7838;3.13;129;620;465;3269;1797;2;3502200
Anhembi;2020;2576;2.59;1635;4.08;33;125;88;277;417;1;3502309
Anhumas;2020;2090;1.9;1189;3.33;10;92;61;395;343;;3502408
Aparecida;2020;22667;1.58;12894;2.77;547;791;330;4819;3274;12;3502507
Aparecida d'Oeste;2020;3375;1.22;1974;2.09;33;124;169;642;433;;3502606
Apiaí;2020;12261;2.01;6369;3.87;103;550;274;3444;1514;7;3502705
Aramina;2020;3238;1.7;2170;2.53;30;144;170;261;462;1;3503000
Arandu;2020;2871;2.15;1736;3.55;33;80;73;552;396;1;3503109
Arapeí;2020;1184;2.09;720;3.43;11;49;21;227;156;;3503158
Araraquara;2020;188529;1.21;109216;2.08;1227;5522;5878;45524;21099;63;3503208
Araras;2020;106034;1.24;57955;2.26;403;3139;2168;30789;11513;67;3503307
Araçariguama;2020;11455;1.83;6707;3.13;63;689;359;2106;1506;25;3502754
Araçatuba;2020;177307;1.07;84008;2.27;828;4773;6396;62370;18876;56;3502804
Araçoiaba da Serra;2020;22208;1.46;12935;2.5;34;666;491;5083;2970;29;3502903
ArcoÍris;2020;1007;1.8;515;3.53;11;76;37;231;137;;3503356
Arealva;2020;4755;1.72;2553;3.21;38;232;164;914;852;2;3503406
Areias;2020;1699;2.26;1059;3.63;8;61;30;332;209;;3503505
Areiópolis;2020;5575;1.95;3558;3.05;160;224;266;761;605;1;3503604
Ariranha;2020;6035;1.54;3344;2.79;170;370;562;807;779;3;3503703
Artur Nogueira;2020;39994;1.32;22756;2.31;190;1320;902;9738;5081;7;3503802
Arujá;2020;58405;1.54;36368;2.47;398;3542;1382;7687;8908;120;3503901
Aspásia;2020;1173;1.5;666;2.65;5;30;85;242;145;;3503950
Assis;2020;82836;1.22;42524;2.38;412;2751;2982;24411;9713;43;3504008
Atibaia;2020;120354;1.16;70699;1.97;381;3241;2481;26960;16538;54;3504107
Auriflama;2020;11317;1.28;5913;2.45;66;447;517;2798;1573;3;3504206
Avaí;2020;2172;2.43;1268;4.17;29;132;148;284;310;1;3504305
Avanhandava;2020;6213;1.95;3373;3.59;82;258;431;1469;598;2;3504404
Avaré;2020;67607;1.29;38654;2.26;299;1786;2222;16101;8537;8;3504503
Bady Bassitt;2020;14292;1.14;8151;2;66;667;810;2659;1919;20;3504602
Balbinos;2020;796;4.65;530;6.99;7;28;22;112;97;;3504701
Bálsamo;2020;6683;1.28;3845;2.22;26;316;272;1185;1037;2;3504800
Bananal;2020;4966;2.14;2988;3.56;41;241;138;826;730;2;3504909
Barão de Antonina;2020;1423;2.38;875;3.87;13;41;34;276;184;;3505005
Barbosa;2020;3397;2.14;1952;3.73;47;137;164;774;323;;3505104
Bariri;2020;25679;1.32;14018;2.42;107;1114;949;6149;3328;14;3505203
Barra Bonita;2020;29790;1.17;17295;2.02;256;1169;1366;6036;3653;15;3505302
Barra do Chapéu;2020;2362;2.34;970;5.7;22;74;31;942;323;;3505351
Barra do Turvo;2020;1911;4.02;1005;7.65;55;84;64;455;246;2;3505401
Barretos;2020;99213;1.19;50148;2.35;548;2735;2369;32271;11110;32;3505500
Barrinha;2020;16467;1.96;9141;3.54;235;629;491;4083;1854;34;3505609
Barueri;2020;187911;1.41;115424;2.29;1252;7749;3335;30195;29820;136;3505708
Bastos;2020;17579;1.15;8893;2.28;130;1200;734;4594;2023;5;3505807
Batatais;2020;44039;1.37;25475;2.36;199;1574;1636;9066;6082;7;3505906
Bauru;2020;291598;1.25;178373;2.04;1408;7498;8584;60438;35147;150;3506003
Bebedouro;2020;66857;1.11;32987;2.25;348;2681;3008;20204;7616;13;3506102
Bento de Abreu;2020;1512;1.95;911;3.23;15;68;73;267;177;1;3506201
Bernardino de Campos;2020;7477;1.44;4447;2.43;41;462;294;1110;1120;3;3506300
Bertioga;2020;27596;2.29;14414;4.39;89;559;762;8031;3696;45;3506359
Bilac;2020;5707;1.37;3128;2.5;25;205;200;1470;669;10;3506409
Birigui;2020;104356;1.16;47946;2.53;181;2342;2774;41195;9896;22;3506508
Biritiba Mirim;2020;13851;2.33;9220;3.51;57;513;165;2076;1800;20;3506607
Boa Esperança do Sul;2020;8022;1.82;5160;2.83;119;465;322;886;1067;3;3506706
Bocaina;2020;7700;1.58;4634;2.62;43;228;278;1410;1104;3;3506805
Bofete;2020;6038;1.83;3701;2.99;59;282;168;819;1007;2;3506904
Boituva;2020;48413;1.18;28081;2.04;158;3356;2833;7696;6227;62;3507001
Bom Jesus dos Perdões;2020;16378;1.48;9773;2.49;72;722;275;3505;2016;15;3507100
Bom Sucesso de Itararé;2020;1689;2.29;871;4.43;16;105;45;421;231;;3507159
Borá;2020;550;1.48;263;3.09;7;47;53;87;93;;3507209
Boracéia;2020;2819;1.69;1511;3.15;23;273;215;356;441;;3507308
Borborema;2020;11182;1.37;6116;2.51;122;613;720;2048;1555;8;3507407
Borebi;2020;1329;1.94;780;3.31;7;59;48;237;197;1;3507456
Botucatu;2020;106689;1.32;65185;2.17;496;2334;3229;21468;13915;62;3507506
Bragança Paulista;2020;134740;1.22;76388;2.15;456;3519;1826;35429;17057;65;3507605
Braúna;2020;3145;1.77;1751;3.17;86;125;158;516;509;;3507704
Brejo Alegre;2020;1593;1.74;668;4.14;20;185;280;286;154;;3507753
Brodowski;2020;16693;1.43;9834;2.43;62;776;517;2556;2944;4;3507803
Brotas;2020;17838;1.34;10009;2.38;227;912;982;3071;2627;10;3507902
Buri;2020;10804;1.82;5801;3.39;126;686;385;2325;1478;3;3508009
Buritama;2020;12167;1.36;5944;2.79;86;452;654;3568;1460;3;3508108
Buritizal;2020;3120;1.38;1602;2.69;37;182;356;480;462;1;3508207
Cabrália Paulista;2020;2709;1.59;1594;2.7;20;197;122;460;315;1;3508306
Cabreúva;2020;30808;1.6;18833;2.62;70;1246;397;6408;3843;11;3508405
Cachoeira Paulista;2020;17044;1.89;10588;3.04;32;459;314;3627;2022;2;3508603
Caconde;2020;10836;1.74;7002;2.69;79;299;129;1674;1651;2;3508702
Cafelândia;2020;10870;1.59;6599;2.61;92;418;553;1921;1281;6;3508801
Caiabu;2020;2117;1.94;1372;2.99;46;48;48;346;257;;3508900
Caieiras;2020;48187;2.09;31980;3.15;454;1316;607;7241;6555;34;3509007
Caiuá;2020;1918;2.92;1033;5.42;24;70;110;420;261;;3509106
Cajamar;2020;45910;1.69;29355;2.64;391;1983;744;7077;6340;20;3509205
Cajati;2020;15649;1.85;7662;3.78;226;901;559;4636;1657;8;3509254
Cajobi;2020;5879;1.72;3701;2.73;104;328;235;709;801;1;3509304
Cajuru;2020;16351;1.57;9895;2.59;128;649;568;2638;2470;3;3509403
Campina do Monte Alegre;2020;2972;1.96;1757;3.31;35;123;92;583;382;;3509452
Campinas;2020;922266;1.27;618993;1.9;5702;24334;15403;138156;119334;344;3509502
Campo Limpo Paulista;2020;49195;1.68;32628;2.54;66;861;507;9655;5466;12;3509601
Campos do Jordão;2020;37051;1.35;22776;2.2;75;775;410;8032;4970;13;3509700
Campos Novos Paulista;2020;2506;1.92;1306;3.69;48;153;74;545;380;;3509809
Cananéia;2020;3989;3.09;2038;6.06;16;110;124;1125;574;2;3509908
Canas;2020;2054;2.47;1155;4.38;10;165;50;407;264;3;3509957
Cândido Mota;2020;21447;1.4;11720;2.56;81;1338;798;4517;2980;13;3510005
Cândido Rodrigues;2020;1937;1.38;1167;2.29;14;129;81;251;294;1;3510104
Canitar;2020;2096;2.38;1361;3.67;23;71;107;339;195;;3510153
Capão Bonito;2020;27287;1.7;13678;3.39;230;1354;821;8016;3182;6;3510203
Capela do Alto;2020;12954;1.59;6998;2.94;55;693;307;3224;1662;15;3510302
Capivari;2020;38012;1.43;22488;2.41;314;1685;1212;7678;4628;7;3510401
Caraguatatuba;2020;73194;1.59;40062;2.9;145;1873;1595;20338;9088;93;3510500
Carapicuíba;2020;206001;1.92;133642;2.95;998;4593;1229;43178;22305;56;3510609
Cardoso;2020;7788;1.51;4570;2.56;64;259;485;1374;1033;3;3510708
Casa Branca;2020;20077;1.47;10984;2.68;124;718;346;5212;2675;18;3510807
Cássia dos Coqueiros;2020;1592;1.57;1031;2.42;17;34;33;203;274;;3510906
Castilho;2020;10311;2.01;5670;3.66;121;310;547;2559;1098;6;3511003
Catanduva;2020;111414;1.05;57350;2.04;544;3868;4473;32739;12371;69;3511102
Catiguá;2020;4139;1.82;2628;2.86;34;158;268;643;407;1;3511201
Caçapava;2020;59740;1.53;37974;2.4;165;1933;1123;12064;6434;47;3508504
Cedral;2020;6639;1.33;3855;2.29;26;300;325;1163;967;3;3511300
Cerqueira César;2020;12940;1.48;7771;2.47;172;554;617;2176;1647;3;3511409
Cerquilho;2020;32161;1.44;19020;2.44;126;1262;1088;6650;4008;7;3511508
Cesário Lange;2020;12881;1.34;7908;2.18;69;428;249;2836;1386;5;3511607
Charqueada;2020;9997;1.69;5928;2.86;102;554;517;1538;1355;3;3511706
Chavantes;2020;6142;1.99;4046;3.02;69;169;233;903;720;2;3557204
Clementina;2020;5469;1.52;2716;3.06;67;449;654;1063;519;1;3511904
Colina;2020;12781;1.38;6608;2.66;99;513;707;3351;1501;2;3512001
Colômbia;2020;3545;1.71;2066;2.93;72;176;176;575;480;;3512100
Conchal;2020;19429;1.4;10418;2.62;306;1073;565;4393;2667;7;3512209
Conchas;2020;11133;1.54;6769;2.53;50;463;252;1969;1611;19;3512308
Cordeirópolis;2020;18237;1.34;10531;2.31;63;1149;843;3404;2239;8;3512407
Coroados;2020;3288;1.8;1832;3.23;26;144;147;772;367;;3512506
Coronel Macedo;2020;1954;2.48;1159;4.18;26;119;55;339;255;1;3512605
Corumbataí;2020;2939;1.35;1544;2.57;12;315;203;441;424;;3512704
Cosmópolis;2020;41444;1.72;24823;2.87;230;1187;1021;9573;4598;12;3512803
Cosmorama;2020;5759;1.21;3178;2.2;50;286;248;1218;778;1;3512902
Cotia;2020;152558;1.62;99793;2.48;831;3563;1504;24872;21886;109;3513009
Cravinhos;2020;24291;1.42;13778;2.5;191;1414;1122;4436;3343;7;3513108
Cristais Paulista;2020;4484;1.88;2622;3.21;33;200;163;720;746;;3513207
Cruzália;2020;1457;1.45;835;2.54;6;101;60;236;218;1;3513306
Cruzeiro;2020;44426;1.8;26375;3.03;54;934;732;11257;5061;13;3513405
Cubatão;2020;60060;2.15;30407;4.25;401;5031;4604;13685;5674;258;3513504
Cunha;2020;13718;1.58;6954;3.12;49;417;95;4427;1772;4;3513603
Descalvado;2020;25932;1.25;14346;2.26;199;1478;928;5584;3366;31;3513702
Diadema;2020;221565;1.83;136251;2.97;643;5850;3109;53722;21918;72;3513801
Dirce Reis;2020;1004;1.71;507;3.39;8;74;40;260;115;;3513850
Divinolândia;2020;8889;1.22;5123;2.12;68;531;137;1342;1683;5;3513900
Dobrada;2020;4130;2.16;2497;3.57;88;111;117;924;391;2;3514007
Dois Córregos;2020;18055;1.49;10100;2.67;184;931;652;3667;2511;10;3514106
Dolcinópolis;2020;1697;1.2;1053;1.94;12;47;113;283;188;1;3514205
Dourado;2020;6063;1.4;3659;2.32;69;281;272;878;904;;3514304
Dracena;2020;37745;1.19;19867;2.26;162;1473;1800;9800;4633;10;3514403
Duartina;2020;8147;1.47;4949;2.42;86;334;261;1425;1088;4;3514502
Dumont;2020;5463;1.75;3134;3.05;58;472;274;627;896;2;3514601
Echaporã;2020;3447;1.8;2167;2.87;34;215;70;424;536;1;3514700
Eldorado;2020;5437;2.8;2645;5.76;66;312;138;1553;711;12;3514809
Elias Fausto;2020;9136;1.9;5069;3.42;97;462;272;2096;1133;7;3514908
Elisiário;2020;1752;2;1086;3.22;9;73;84;299;201;;3514924
Embaúba;2020;1364;1.77;850;2.83;30;84;73;135;192;;3514957
Embu das Artes;2020;122346;2.21;73213;3.7;873;3733;2849;27684;13927;67;3515004
EmbuGuaçu;2020;41456;1.64;25364;2.68;373;2563;540;6690;5888;38;3515103
Emilianópolis;2020;1823;1.68;1053;2.91;16;56;46;415;236;1;3515129
Engenheiro Coelho;2020;11172;1.84;5834;3.52;205;570;292;2744;1524;3;3515152
Espírito Santo do Pinhal;2020;31109;1.37;18230;2.34;97;822;418;7243;4295;4;3515186
Espírito Santo do Turvo;2020;2489;1.93;1421;3.38;37;208;127;309;387;;3515194
Estiva Gerbi;2020;7595;1.46;4215;2.63;33;440;305;1772;829;1;3557303
Estrela d'Oeste;2020;6890;1.17;3611;2.24;36;372;460;1527;884;;3515202
Estrela do Norte;2020;1286;2.07;906;2.94;9;34;40;126;171;;3515301
Euclides da Cunha Paulista;2020;4673;2.04;2553;3.74;60;132;147;1310;471;;3515350
Fartura;2020;9984;1.57;6048;2.59;46;448;346;1711;1378;7;3515400
Fernando Prestes;2020;4229;1.32;2396;2.33;22;317;169;581;742;2;3515608
Fernandópolis;2020;62586;1.06;31356;2.11;250;2088;3131;18674;7075;12;3515509
Fernão;2020;899;1.83;505;3.27;13;43;34;165;139;;3515657
Ferraz de Vasconcelos;2020;75021;2.57;52143;3.7;532;2224;460;10789;8810;63;3515707
Flora Rica;2020;875;1.82;548;2.9;13;34;45;117;117;1;3515806
Floreal;2020;2030;1.41;1218;2.34;8;82;105;329;287;1;3515905
Flórida Paulista;2020;6914;1.75;4336;2.8;131;436;379;874;757;1;3516002
Florínea;2020;1543;1.75;924;2.93;10;72;57;286;193;1;3516101
Franca;2020;275260;1.24;161397;2.12;697;4796;5307;70020;32978;65;3516200
Francisco Morato;2020;53531;3.26;36874;4.73;246;632;207;10683;4882;7;3516309
Franco da Rocha;2020;63141;2.41;42795;3.56;232;1284;429;11242;7131;28;3516408
Gabriel Monteiro;2020;1872;1.43;1001;2.68;15;83;89;364;320;;3516507
Gália;2020;3869;1.7;2294;2.86;49;206;123;660;536;1;3516606
Garça;2020;30503;1.39;17420;2.44;120;932;715;7986;3323;7;3516705
Gastão Vidigal;2020;2384;2;1403;3.4;66;84;84;491;256;;3516804
Gavião Peixoto;2020;2169;2.13;1442;3.2;31;82;87;192;335;;3516853
General Salgado;2020;7760;1.37;4498;2.37;112;404;536;1280;928;2;3516903
Getulina;2020;5111;2.12;3204;3.39;79;156;158;889;621;4;3517000
Glicério;2020;2421;1.96;1313;3.62;38;183;101;502;284;;3517109
Guaimbê;2020;2620;2.11;1713;3.23;40;155;58;347;307;;3517307
Guaíra;2020;30966;1.26;14975;2.61;237;2028;2252;7438;4033;3;3517406
Guaiçara;2020;6199;1.93;3356;3.56;41;156;573;1541;531;1;3517208
Guapiara;2020;7477;2.38;3856;4.61;66;444;94;2033;982;2;3517604
Guapiaçu;2020;13221;1.58;7177;2.9;82;551;503;3197;1708;3;3517505
Guará;2020;10473;1.99;6393;3.26;200;331;299;1970;1279;1;3517703
Guaraci;2020;5962;1.84;3382;3.25;120;263;410;1085;701;1;3517901
Guarani d'Oeste;2020;1205;1.6;705;2.73;8;52;53;240;147;;3518008
Guarantã;2020;3461;1.87;2061;3.14;49;130;177;640;404;;3518107
Guararapes;2020;23656;1.36;12041;2.66;164;997;1224;6733;2492;5;3518206
Guararema;2020;19467;1.51;11471;2.57;107;785;946;3522;2597;39;3518305
Guaratinguetá;2020;77733;1.52;46709;2.53;249;1674;918;17803;10310;70;3518404
Guaraçaí;2020;5914;1.42;3157;2.66;34;318;211;1304;888;2;3517802
Guareí;2020;6810;2.31;3631;4.34;105;345;114;1777;835;3;3518503
Guariba;2020;22739;1.72;13493;2.89;346;1004;854;4538;2491;13;3518602
Guarujá;2020;148825;2.13;66307;4.77;518;3730;2969;61109;14108;84;3518701
Guarulhos;2020;723860;1.87;477968;2.83;4058;27887;16860;107396;89135;556;3518800
Guatapará;2020;3726;2;2293;3.24;66;255;162;496;454;;3518859
Guzolândia;2020;2610;1.96;1671;3.06;43;101;99;368;327;1;3518909
Herculândia;2020;5570;1.66;2863;3.23;35;616;160;978;918;;3519006
Holambra;2020;10702;1.35;5561;2.61;176;508;345;2113;1995;4;3519055
Hortolândia;2020;127260;1.81;85316;2.7;791;3432;1864;22010;13823;24;3519071
Iacanga;2020;7305;1.55;4083;2.77;52;375;578;1243;972;2;3519105
Iacri;2020;3592;1.75;2202;2.85;22;202;109;605;451;1;3519204
Iaras;2020;2368;2.91;1411;4.89;34;78;70;465;308;2;3519253
Ibaté;2020;19748;1.76;11962;2.9;293;859;624;3575;2432;3;3519303
Ibirá;2020;7225;1.67;4358;2.77;56;219;276;1369;942;5;3519402
Ibirarema;2020;3972;1.89;2031;3.7;33;298;225;836;549;;3519501
Ibitinga;2020;44358;1.32;23958;2.44;245;1262;1498;12499;4879;17;3519600
Ibiúna;2020;52225;1.46;29351;2.6;134;2623;905;10918;8273;21;3519709
Icém;2020;4783;1.68;2751;2.92;76;305;314;712;619;6;3519808
Iepê;2020;4883;1.62;2851;2.78;38;273;218;859;642;2;3519907
Igarapava;2020;16153;1.82;10249;2.87;141;653;980;2187;1918;25;3520103
Igaratá;2020;6476;1.44;3921;2.37;18;176;176;1257;919;9;3520202
Igaraçu do Tietê;2020;13819;1.75;8540;2.83;100;504;387;2966;1316;6;3520004
Iguape;2020;11416;2.58;6251;4.71;124;289;322;2996;1425;9;3520301
Ilha Comprida;2020;6244;1.65;3257;3.16;96;212;212;1652;814;1;3520426
Ilha Solteira;2020;19999;1.29;10432;2.47;96;329;998;6169;1964;11;3520442
Ilhabela;2020;22846;1.47;9220;3.63;74;474;411;8726;3931;10;3520400
Indaiatuba;2020;201643;1.2;118465;2.05;518;4457;2327;50415;25388;73;3520509
Indiana;2020;3234;1.48;1909;2.5;14;176;122;611;401;1;3520608
Indiaporã;2020;2867;1.34;1762;2.19;19;90;155;497;342;2;3520707
Inúbia Paulista;2020;2252;1.73;1437;2.71;17;72;83;373;270;;3520806
Ipaussu;2020;7303;1.99;4396;3.3;67;261;438;1367;768;6;3520905
Iperó;2020;11801;2.91;7245;4.74;56;333;265;2542;1356;4;3521002
Ipeúna;2020;4593;1.65;2647;2.86;50;225;216;770;682;3;3521101
Ipiguá;2020;2185;2.39;1157;4.52;14;81;112;487;333;1;3521150
Iporanga;2020;1213;3.63;662;6.66;9;37;22;281;202;;3521200
Ipuã;2020;8280;1.92;4798;3.31;98;356;214;1773;1041;;3521309
Iracemápolis;2020;16773;1.41;9334;2.53;115;1015;989;3247;2072;1;3521408
Irapuã;2020;4228;1.83;2577;3;101;184;203;593;570;;3521507
Irapuru;2020;3467;2.12;2199;3.34;30;137;133;503;464;1;3521606
Itaberá;2020;9034;1.95;4802;3.67;80;503;418;2090;1138;3;3521705
Itaí;2020;14557;1.82;8685;3.05;221;769;738;2009;2112;23;3521804
Itajobi;2020;12596;1.16;6947;2.1;70;725;525;2248;2079;2;3521903
Itaju;2020;1626;2.25;952;3.84;23;91;66;203;289;2;3522000
Itanhaém;2020;50972;1.94;28923;3.41;150;1926;1114;13031;5776;52;3522109
Itaoca;2020;1112;2.87;548;5.81;10;54;22;348;130;;3522158
Itapecerica da Serra;2020;81840;2.07;49866;3.4;813;3057;1246;16928;9889;41;3522208
Itapetininga;2020;105910;1.51;56822;2.82;550;3616;2730;30626;11515;51;3522307
Itapeva;2020;64889;1.41;34578;2.65;472;3138;2848;16367;7466;20;3522406
Itapevi;2020;105888;2.24;67512;3.52;207;2747;1052;23199;11139;32;3522505
Itapira;2020;59768;1.2;30644;2.33;249;2109;914;18546;7278;28;3522604
Itapirapuã Paulista;2020;1518;2.75;677;6.17;22;57;21;507;234;;3522653
Itápolis;2020;33820;1.23;19072;2.18;248;1638;1244;6931;4677;10;3522703
Itaporanga;2020;8064;1.82;4515;3.25;92;416;325;1669;1045;2;3522802
Itapuí;2020;7470;1.84;4220;3.27;67;457;188;1633;903;2;3522901
Itapura;2020;1738;2.83;1065;4.62;19;34;131;320;169;;3523008
Itaquaquecetuba;2020;134586;2.75;91150;4.07;480;4337;1517;22520;14490;92;3523107
Itararé;2020;26304;1.86;15049;3.26;256;1285;765;5997;2946;6;3523206
Itariri;2020;4894;3.53;2537;6.81;28;479;143;1026;673;8;3523305
Itatiba;2020;86678;1.36;53844;2.19;399;3002;1571;15893;11928;41;3523404
Itatinga;2020;9910;2.07;6074;3.38;133;387;372;1621;1321;2;3523503
Itirapina;2020;9297;1.85;5470;3.14;71;463;398;1631;1259;5;3523602
Itirapuã;2020;3100;2.03;2014;3.12;24;104;49;456;453;;3523701
Itobi;2020;4641;1.64;2525;3.01;114;192;57;1145;605;3;3523800
Itu;2020;130326;1.3;75511;2.25;696;4743;4028;29062;16138;148;3523909
Itupeva;2020;41918;1.41;24446;2.42;124;2688;1573;7042;6029;16;3524006
Ituverava;2020;28397;1.42;15587;2.58;156;1092;1053;7165;3338;6;3524105
Jaborandi;2020;4035;1.65;1968;3.39;52;269;154;1086;506;;3524204
Jaboticabal;2020;60409;1.23;31570;2.35;226;2526;2245;16147;7676;19;3524303
Jacareí;2020;145823;1.56;96268;2.37;338;3780;3052;25811;16462;112;3524402
Jaci;2020;4692;1.49;2471;2.82;18;322;241;966;674;;3524501
Jacupiranga;2020;9097;1.89;4440;3.88;378;534;376;2308;1039;22;3524600
Jaguariúna;2020;43214;1.27;24553;2.23;129;1266;824;11095;5327;20;3524709
Jales;2020;47562;0.99;22276;2.12;103;1617;2474;15627;5423;42;3524808
Jambeiro;2020;3047;2.04;1813;3.43;18;147;93;451;517;8;3524907
Jandira;2020;60486;2.04;38506;3.21;184;1543;679;12358;7195;21;3525003
Jardinópolis;2020;26546;1.62;14990;2.86;167;1426;1049;5468;3443;3;3525102
Jarinu;2020;21260;1.4;12765;2.34;65;765;378;4347;2935;5;3525201
Jaú;2020;108452;1.36;60287;2.45;528;3111;2569;29220;12689;48;3525300
Jeriquara;2020;1814;1.73;1123;2.8;21;96;67;219;286;2;3525409
Joanópolis;2020;10490;1.21;5644;2.24;24;488;149;2728;1454;3;3525508
João Ramalho;2020;2049;2.14;1307;3.35;40;44;45;346;266;1;3525607
José Bonifácio;2020;30781;1.17;14454;2.49;176;1381;1869;9243;3650;8;3525706
Júlio Mesquita;2020;1862;2.49;1245;3.73;32;64;79;221;221;;3525805
Jumirim;2020;1772;1.87;1042;3.17;8;142;58;215;303;4;3525854
Jundiaí;2020;337668;1.21;218773;1.86;1240;10871;7876;53680;45018;210;3525904
Junqueirópolis;2020;13616;1.47;7394;2.71;237;722;705;3000;1556;2;3526001
Juquiá;2020;8141;2.31;4498;4.19;56;537;244;1804;994;8;3526100
Juquitiba;2020;17390;1.75;10569;2.88;120;830;311;2967;2578;15;3526209
Lagoinha;2020;3968;1.21;1872;2.57;27;181;43;1288;556;1;3526308
Laranjal Paulista;2020;19421;1.43;11298;2.46;284;985;593;3459;2798;4;3526407
Lavínia;2020;2864;2.97;1539;5.52;20;107;138;678;382;;3526506
Lavrinhas;2020;3462;2.07;2088;3.43;14;109;55;817;377;2;3526605
Leme;2020;75224;1.34;38161;2.65;616;3162;1618;22931;8705;31;3526704
Lençóis Paulista;2020;50752;1.31;28498;2.33;393;2062;1975;11888;5908;28;3526803
Limeira;2020;228677;1.3;134757;2.2;852;7417;6625;50975;28005;46;3526902
Lindóia;2020;5503;1.4;3203;2.41;31;236;83;1234;715;1;3527009
Lins;2020;61907;1.21;32564;2.31;211;2702;4417;16485;5494;34;3527108
Lorena;2020;49116;1.76;29262;2.96;58;1190;723;12342;5522;19;3527207
Lourdes;2020;1168;1.87;673;3.24;16;23;26;298;132;;3527256
Louveira;2020;33843;1.43;19329;2.5;101;1574;628;7921;4283;7;3527306
Lucélia;2020;13297;1.58;7455;2.82;216;624;672;3005;1324;1;3527405
Lucianópolis;2020;1347;1.68;839;2.69;24;65;32;141;246;;3527504
Luís Antônio;2020;7402;1.91;4456;3.18;229;418;444;923;928;4;3527603
Luiziânia;2020;2331;2.47;1368;4.21;41;92;78;478;274;;3527702
Lupércio;2020;1962;2.25;1251;3.53;33;61;34;340;243;;3527801
Lutécia;2020;1518;1.73;943;2.78;16;64;39;217;239;;3527900
Macatuba;2020;11076;1.53;6570;2.58;95;592;573;2085;1158;3;3528007
Macaubal;2020;5591;1.39;3304;2.35;26;172;235;1123;730;1;3528106
Macedônia;2020;2199;1.63;1252;2.85;14;58;106;460;309;;3528205
Magda;2020;2300;1.34;1356;2.28;17;151;136;284;356;;3528304
Mairinque;2020;31402;1.48;20387;2.27;95;737;463;6020;3677;23;3528403
Mairiporã;2020;54893;1.8;33982;2.9;197;2344;826;9599;7886;59;3528502
Manduri;2020;6830;1.39;4126;2.31;117;332;315;1029;906;5;3528601
Marabá Paulista;2020;1800;2.74;1026;4.81;22;49;60;388;253;2;3528700
Maracaí;2020;9082;1.49;4950;2.73;57;446;408;2152;1067;2;3528809
Marapoama;2020;2574;1.13;1158;2.51;16;214;306;452;427;1;3528858
Mariápolis;2020;1814;2.19;1113;3.57;30;59;42;335;235;;3528908
Marília;2020;176718;1.31;100975;2.29;613;4480;3756;47654;19150;90;3529005
Marinópolis;2020;1339;1.57;723;2.9;14;77;110;250;165;;3529104
Martinópolis;2020;15178;1.69;8839;2.9;147;635;649;2991;1914;3;3529203
Matão;2020;69377;1.15;38425;2.08;449;2381;2781;17502;7814;25;3529302
Mauá;2020;240194;1.92;163543;2.81;1597;5298;2605;43377;23687;87;3529401
Mendonça;2020;3745;1.35;2094;2.41;30;180;346;604;489;2;3529500
Meridiano;2020;3437;1.09;1594;2.35;22;293;618;545;365;;3529609
Mesópolis;2020;1111;1.7;611;3.1;13;27;86;250;124;;3529658
Miguelópolis;2020;12015;1.78;6967;3.08;98;351;528;2683;1380;8;3529708
Mineiros do Tietê;2020;7247;1.74;4513;2.79;55;353;397;1064;862;3;3529807
Mira Estrela;2020;1934;1.52;1170;2.51;30;54;117;256;307;;3530003
Miracatu;2020;9771;2.04;4949;4.03;47;894;317;2342;1217;5;3529906
Mirandópolis;2020;19168;1.49;9540;3;232;922;1342;4853;2273;6;3530102
Mirante do Paranapanema;2020;8956;1.98;5004;3.55;102;360;243;2115;1129;3;3530201
Mirassol;2020;46760;1.24;24962;2.32;110;1771;1981;12063;5856;17;3530300
Mirassolândia;2020;2736;1.72;1532;3.07;11;87;120;550;436;;3530409
Mococa;2020;47110;1.42;26487;2.52;372;1717;1151;11817;5530;36;3530508
Mogi das Cruzes;2020;258647;1.67;172814;2.51;1385;8285;7122;35316;33431;294;3530607
Mogi Guaçu;2020;121127;1.22;65822;2.25;595;3982;3206;34369;13122;31;3530706
Mogi Mirim;2020;75641;1.2;42156;2.15;220;2435;1559;19633;9609;29;3530805
Mombuca;2020;2167;1.54;1317;2.53;21;132;98;331;267;1;3530904
Mongaguá;2020;24873;2.2;15029;3.63;112;667;512;5498;3025;30;3531100
Monte Alegre do Sul;2020;6395;1.21;3298;2.35;48;273;114;1656;1004;2;3531209
Monte Alto;2020;42510;1.14;19517;2.48;117;1838;776;15181;5069;12;3531308
Monte Aprazível;2020;17549;1.34;9708;2.42;283;837;951;3312;2439;19;3531407
Monte Azul Paulista;2020;14545;1.25;7758;2.34;187;670;488;3276;2164;2;3531506
Monte Castelo;2020;2504;1.59;1500;2.66;11;150;111;448;283;1;3531605
Monte Mor;2020;34460;1.73;22148;2.69;158;1186;745;6108;4099;16;3531803
Monteiro Lobato;2020;3063;1.46;1660;2.69;15;240;32;591;503;22;3531704
Monções;2020;1838;1.18;800;2.72;13;116;385;283;241;;3531001
Morro Agudo;2020;19256;1.68;9217;3.51;204;1116;1201;5048;2468;2;3531902
Morungaba;2020;10579;1.25;6619;2;34;484;186;1623;1628;5;3532009
Motuca;2020;2559;1.81;1463;3.17;31;177;124;385;379;;3532058
Murutinga do Sul;2020;2544;1.68;1412;3.03;19;94;112;530;373;4;3532108
Nantes;2020;1203;2.55;779;3.94;17;41;62;121;183;;3532157
Narandiba;2020;2462;1.97;1492;3.24;26;128;113;426;277;;3532207
Natividade da Serra;2020;2972;2.25;1556;4.3;10;118;52;719;515;2;3532306
Nazaré Paulista;2020;12963;1.42;6999;2.64;76;906;333;2998;1640;11;3532405
Neves Paulista;2020;6054;1.42;3666;2.35;31;232;258;1038;829;;3532504
Nhandeara;2020;7766;1.39;4520;2.39;66;259;359;1417;1142;3;3532603
Nipoã;2020;3147;1.58;1788;2.78;39;154;215;568;382;1;3532702
Nova Aliança;2020;4046;1.59;2450;2.63;19;189;181;674;532;1;3532801
Nova Campina;2020;2859;3.38;1511;6.4;23;124;53;788;360;;3532827
Nova Canaã Paulista;2020;1243;1.56;784;2.47;10;44;73;184;148;;3532843
Nova Castilho;2020;747;1.57;443;2.65;6;28;44;103;123;;3532868
Nova Europa;2020;5977;1.8;3524;3.05;157;300;476;680;838;2;3532900
Nova Granada;2020;14028;1.49;7456;2.81;146;606;773;3478;1565;4;3533007
Nova Guataporanga;2020;1404;1.56;865;2.53;15;50;77;263;134;;3533106
Nova Independência;2020;2724;1.37;1429;2.61;16;226;380;367;305;1;3533205
Nova Luzitânia;2020;1851;2.18;1225;3.3;26;50;66;299;185;;3533304
Nova Odessa;2020;45186;1.28;28153;2.06;130;1159;692;9276;5766;10;3533403
Novais;2020;2519;2.19;1383;3.98;47;175;185;466;263;;3533254
Novo Horizonte;2020;31203;1.25;15952;2.44;357;1530;1770;7791;3772;31;3533502
Nuporanga;2020;4495;1.62;2681;2.71;95;294;166;495;763;1;3533601
Ocauçu;2020;2625;1.58;1563;2.65;31;136;71;423;398;3;3533700
Óleo;2020;1417;1.78;906;2.79;10;51;46;192;212;;3533809
Olímpia;2020;42001;1.25;23341;2.25;244;1171;1628;10087;5522;8;3533908
Onda Verde;2020;2361;1.79;1289;3.28;34;165;284;325;263;1;3534005
Oriente;2020;3557;1.76;2079;3.01;29;138;291;549;470;1;3534104
Orindiúva;2020;4032;1.7;2171;3.16;61;360;354;495;590;1;3534203
Orlândia;2020;35287;1.2;17215;2.46;343;1587;1162;10617;4343;20;3534302
Osasco;2020;446071;1.53;291785;2.33;2822;12114;5281;78930;54920;219;3534401
Oscar Bressane;2020;1511;1.66;900;2.79;10;81;33;187;300;;3534500
Osvaldo Cruz;2020;24472;1.28;12846;2.43;130;1238;1722;6045;2485;6;3534609
Ourinhos;2020;81085;1.36;41686;2.65;630;3009;2798;23810;9119;33;3534708
Ouro Verde;2020;4232;1.95;2468;3.35;66;160;189;903;444;2;3534807
Ouroeste;2020;6771;1.44;3839;2.55;44;286;485;1296;819;2;3534757
Pacaembu;2020;7473;1.75;4651;2.81;42;344;461;1108;867;;3534906
Palestina;2020;7041;1.73;4431;2.74;49;237;426;915;983;;3535002
Palmares Paulista;2020;4884;2.66;2926;4.44;111;161;254;894;538;;3535101
Palmeira d'Oeste;2020;7570;1.21;4194;2.18;40;336;567;1395;1037;1;3535200
Palmital;2020;15706;1.38;8349;2.59;67;1004;919;3142;2211;14;3535309
Panorama;2020;9882;1.54;4813;3.16;28;519;604;2933;979;6;3535408
Paraguaçu Paulista;2020;31088;1.42;16386;2.7;184;1295;2021;8205;2992;5;3535507
Paraibuna;2020;11074;1.65;6609;2.76;82;307;206;2342;1524;4;3535606
Paraíso;2020;4293;1.46;2446;2.56;109;275;422;451;590;;3535705
Paranapanema;2020;11305;1.77;6458;3.09;94;751;557;1633;1804;8;3535804
Paranapuã;2020;2850;1.37;1518;2.56;26;134;154;615;397;6;3535903
Parapuã;2020;6726;1.56;3753;2.8;70;458;382;1225;835;3;3536000
Pardinho;2020;4172;1.53;2324;2.75;36;258;266;575;713;;3536109
PariqueraAçu;2020;10241;1.88;5155;3.73;31;513;412;2971;1148;11;3536208
Parisi;2020;1610;1.28;881;2.33;15;55;74;403;182;;3536257
Patrocínio Paulista;2020;7824;1.85;4828;3;69;378;262;1157;1129;1;3536307
Paulicéia;2020;5426;1.32;2692;2.65;34;416;416;1312;554;2;3536406
Paulínia;2020;81873;1.28;49190;2.14;367;4660;5917;11415;10286;38;3536505
Paulistânia;2020;1010;1.75;580;3.05;17;49;49;151;164;;3536570
Paulo de Faria;2020;4182;2.04;2788;3.06;57;140;147;520;529;1;3536604
Pederneiras;2020;33483;1.36;17366;2.62;246;1446;1154;9342;3894;35;3536703
Pedra Bela;2020;4515;1.32;2315;2.58;19;295;69;1125;691;1;3536802
Pedranópolis;2020;1878;1.29;1028;2.36;16;65;125;394;249;1;3536901
Pedregulho;2020;9780;1.66;6130;2.66;140;354;252;1417;1483;4;3537008
Pedreira;2020;37111;1.25;17158;2.71;72;912;398;14015;4554;2;3537107
Pedrinhas Paulista;2020;2275;1.32;1055;2.85;12;227;91;410;480;;3537156
Pedro de Toledo;2020;3962;2.77;2249;4.88;22;211;89;877;508;6;3537206
Penápolis;2020;53403;1.14;25071;2.42;328;1863;2352;17926;5849;14;3537305
Pereira Barreto;2020;17726;1.43;9311;2.73;120;535;1060;4897;1789;14;3537404
Pereiras;2020;4274;1.97;2450;3.44;34;298;134;781;576;1;3537503
Peruíbe;2020;38321;1.73;22022;3.01;113;836;771;10057;4464;58;3537602
Piacatu;2020;3310;1.78;1948;3.02;29;133;104;671;424;1;3537701
Piedade;2020;38061;1.41;19847;2.7;123;1930;896;9660;5591;14;3537800
Pilar do Sul;2020;23536;1.2;12278;2.3;107;1563;972;5244;3363;9;3537909
Pindamonhangaba;2020;98307;1.66;60354;2.71;220;2801;1818;22525;10531;58;3538006
Pindorama;2020;9252;1.76;5604;2.9;66;387;291;1807;1097;;3538105
Pinhalzinho;2020;10547;1.4;6185;2.39;28;540;155;2003;1634;2;3538204
Piquerobi;2020;1903;1.86;1121;3.15;12;63;44;368;293;2;3538303
Piquete;2020;6694;2.04;4280;3.19;16;224;93;1260;817;4;3538501
Piracaia;2020;19717;1.33;10770;2.44;28;645;310;5324;2628;12;3538600
Piracicaba;2020;324373;1.2;194502;2;1513;10236;10028;65436;42501;157;3538709
Piraju;2020;21224;1.35;12787;2.23;83;647;701;4190;2799;17;3538808
Pirajuí;2020;13451;1.73;7886;2.95;100;381;451;2958;1669;6;3538907
Pirangi;2020;8142;1.33;4170;2.6;88;695;598;1311;1277;3;3539004
Pirapora do Bom Jesus;2020;9152;2.06;5487;3.44;149;384;76;2003;1051;2;3539103
Pirapozinho;2020;17136;1.59;9578;2.84;109;684;693;4367;1703;2;3539202
Pirassununga;2020;60260;1.22;34111;2.16;247;1805;2468;15093;6454;82;3539301
Piratininga;2020;9258;1.43;5679;2.33;48;373;297;1466;1389;6;3539400
Pitangueiras;2020;21598;1.79;10969;3.52;345;1226;1173;5527;2355;3;3539509
Planalto;2020;3011;1.72;1556;3.32;62;241;309;521;322;;3539608
Platina;2020;1535;2.28;849;4.12;17;78;51;309;231;;3539707
Poá;2020;56107;2.06;38862;2.97;175;1302;776;8097;6865;30;3539806
Poloni;2020;3739;1.52;2152;2.63;62;222;186;571;546;;3539905
Pompéia;2020;14565;1.46;8832;2.41;59;407;333;2999;1932;3;3540002
Pongaí;2020;2391;1.4;1568;2.14;24;77;110;272;339;1;3540101
Pontal;2020;21625;2.28;11728;4.2;578;1369;1484;4213;2250;3;3540200
Pontalinda;2020;1938;2.32;1125;3.99;37;43;69;451;212;1;3540259
Pontes Gestal;2020;1710;1.48;976;2.59;25;90;176;212;231;;3540309
Populina;2020;2645;1.51;1617;2.47;15;68;153;434;355;3;3540408
Porangaba;2020;5485;1.7;3254;2.86;19;230;103;1085;791;3;3540507
Porto Feliz;2020;36257;1.43;21020;2.46;212;1629;810;7694;4856;36;3540606
Porto Ferreira;2020;44094;1.23;22051;2.45;177;1974;1688;13363;4837;4;3540705
Potim;2020;7369;2.81;4130;5.01;30;104;96;2205;803;1;3540754
Potirendaba;2020;13518;1.23;7431;2.23;95;798;890;2519;1783;2;3540804
Pracinha;2020;775;3.76;474;6.15;15;22;5;174;85;;3540853
Pradópolis;2020;10713;1.95;5686;3.68;265;758;1038;1698;1263;5;3540903
Praia Grande;2020;154762;2.05;85750;3.69;367;2774;2330;47119;16322;100;3541000
Pratânia;2020;3836;1.34;1883;2.74;90;391;646;421;405;;3541059
Presidente Alves;2020;2250;1.79;1363;2.95;53;83;108;364;279;;3541109
Presidente Bernardes;2020;8997;1.52;5133;2.67;52;349;326;1837;1297;3;3541208
Presidente Epitácio;2020;30070;1.41;15385;2.76;187;874;1467;9152;2989;16;3541307
Presidente Prudente;2020;178751;1.24;100321;2.2;892;5111;5458;44857;22045;67;3541406
Presidente Venceslau;2020;29075;1.31;14723;2.58;85;1030;1202;8668;3359;8;3541505
Promissão;2020;26373;1.5;14037;2.83;204;1068;1489;6813;2751;11;3541604
Quadra;2020;1577;2.35;721;5.14;19;86;32;453;263;3;3541653
Quatá;2020;8414;1.66;5032;2.77;104;364;568;1482;860;4;3541703
Queiroz;2020;1411;2.32;931;3.52;16;33;38;230;161;2;3541802
Queluz;2020;4241;2.98;2591;4.88;17;178;85;893;468;9;3541901
Quintana;2020;3756;1.73;2241;2.9;35;270;150;511;549;;3542008
Rafard;2020;6559;1.37;3489;2.57;29;324;705;1249;762;1;3542107
Rancharia;2020;20460;1.41;11714;2.46;99;944;742;4643;2315;3;3542206
Redenção da Serra;2020;2231;1.72;1190;3.22;35;118;42;497;349;;3542305
Regente Feijó;2020;13408;1.45;7883;2.47;79;614;749;2434;1641;8;3542404
Reginópolis;2020;3448;2.09;2161;3.34;28;117;193;493;456;;3542503
Registro;2020;37113;1.46;19120;2.84;346;1483;1172;10739;4204;49;3542602
Restinga;2020;3632;2.06;2032;3.69;40;154;79;882;445;;3542701
Ribeira;2020;1015;3.19;494;6.56;23;42;27;297;132;;3542800
Ribeirão Bonito;2020;7404;1.75;4312;3.01;118;406;348;1191;1025;4;3542909
Ribeirão Branco;2020;6315;2.8;3151;5.61;96;331;96;1898;742;1;3543006
Ribeirão Corrente;2020;2624;1.78;1387;3.36;54;137;58;516;472;;3543105
Ribeirão do Sul;2020;2914;1.5;1577;2.76;18;190;99;636;393;1;3543204
Ribeirão dos Índios;2020;1265;1.69;586;3.65;8;42;41;410;178;;3543238
Ribeirão Grande;2020;3747;2;1782;4.21;16;114;75;1301;459;;3543253
Ribeirão Pires;2020;72091;1.65;49759;2.39;461;3320;1175;7911;9235;230;3543303
Ribeirão Preto;2020;550661;1.24;305357;2.24;2277;14581;13474;144553;70281;138;3543402
Rifaina;2020;2543;1.36;1587;2.19;13;63;168;317;394;1;3543600
Rincão;2020;5853;1.79;3668;2.86;53;359;286;822;662;3;3543709
Rinópolis;2020;6774;1.43;3514;2.77;60;493;794;1159;750;4;3543808
Rio Claro;2020;177989;1.13;92402;2.18;546;4450;3586;58038;18936;31;3543907
Rio das Pedras;2020;21708;1.59;12860;2.68;202;1321;1014;3642;2643;26;3544004
Rio Grande da Serra;2020;20453;2.44;14275;3.49;98;628;184;3005;2206;57;3544103
Riolândia;2020;4382;2.61;2635;4.34;68;109;163;835;572;;3544202
Riversul;2020;2577;2.21;1334;4.28;35;133;81;738;255;1;3543501
Rosana;2020;10034;1.83;5746;3.2;77;224;813;2149;1013;12;3544251
Roseira;2020;5853;1.82;3581;2.97;19;170;124;1268;688;3;3544301
Rubiácea;2020;1405;2.21;879;3.53;13;36;72;240;165;;3544400
Rubinéia;2020;2385;1.25;1376;2.17;17;52;291;388;260;1;3544509
Sabino;2020;3118;1.75;1681;3.25;16;81;169;790;377;4;3544608
Sagres;2020;1137;2.08;768;3.08;6;23;25;214;101;;3544707
Sales;2020;3685;1.64;2238;2.7;42;125;232;585;463;;3544806
Sales Oliveira;2020;7530;1.53;4402;2.62;65;392;325;1271;1070;5;3544905
Salesópolis;2020;11750;1.43;6436;2.62;115;921;265;2461;1550;2;3545001
Salmourão;2020;2003;2.55;1265;4.05;54;59;66;344;215;;3545100
Saltinho;2020;5989;1.31;3314;2.37;13;486;407;598;1162;9;3545159
Salto;2020;80598;1.43;51031;2.26;202;3180;1351;15799;8999;36;3545209
Salto de Pirapora;2020;25816;1.71;15874;2.79;113;1099;641;5298;2778;13;3545308
Salto Grande;2020;4548;2;2605;3.49;34;225;211;922;549;2;3545407
Sandovalina;2020;2098;2.01;1279;3.29;23;97;75;346;278;;3545506
Santa Adélia;2020;11440;1.3;6297;2.36;82;842;1234;1785;1195;5;3545605
Santa Albertina;2020;4434;1.28;2327;2.44;26;163;462;918;537;1;3545704
Santa Bárbara d'Oeste;2020;147462;1.28;89681;2.1;407;3131;2496;35780;15931;36;3545803
Santa Branca;2020;7356;1.93;4918;2.88;37;155;140;1190;912;4;3546009
Santa Clara d'Oeste;2020;1445;1.39;833;2.41;11;51;110;276;164;;3546108
Santa Cruz da Conceição;2020;2979;1.46;1671;2.6;18;174;115;449;551;1;3546207
Santa Cruz da Esperança;2020;1012;2.05;623;3.33;6;76;59;64;184;;3546256
Santa Cruz das Palmeiras;2020;19569;1.72;10855;3.11;281;1219;986;4125;2098;5;3546306
Santa Cruz do Rio Pardo;2020;35328;1.31;17784;2.59;128;2138;1494;8952;4816;16;3546405
Santa Ernestina;2020;3306;1.67;2038;2.71;82;95;91;558;442;;3546504
Santa Fé do Sul;2020;28297;1.09;14895;2.07;68;907;2076;7257;3090;4;3546603
Santa Gertrudes;2020;17558;1.49;9323;2.81;43;899;553;4885;1853;2;3546702
Santa Isabel;2020;31574;1.74;18607;2.96;120;1503;548;7054;3710;32;3546801
Santa Lúcia;2020;4430;1.93;2833;3.02;51;155;121;799;469;2;3546900
Santa Maria da Serra;2020;3950;1.55;2111;2.91;38;414;401;389;596;1;3547007
Santa Mercedes;2020;1642;1.71;990;2.84;9;78;102;267;181;15;3547106
Santa Rita d'Oeste;2020;1772;1.36;981;2.45;7;50;114;354;265;1;3547403
Santa Rita do Passa Quatro;2020;19987;1.32;12029;2.19;60;745;587;3732;2831;3;3547502
Santa Rosa de Viterbo;2020;17266;1.48;11100;2.31;114;639;654;2763;1991;5;3547601
Santa Salete;2020;1286;1.12;599;2.4;9;76;164;247;190;1;3547650
Santana da Ponte Pensa;2020;1100;1.37;626;2.41;5;39;75;175;180;;3547205
Santana de Parnaíba;2020;88021;1.57;53414;2.59;275;2334;1072;13974;16894;58;3547304
Santo Anastácio;2020;14583;1.38;7485;2.69;69;715;559;3992;1746;17;3547700
Santo André;2020;547258;1.27;380649;1.82;1805;10913;5881;84210;63535;265;3547809
Santo Antônio da Alegria;2020;3557;1.87;2320;2.86;35;154;90;344;614;;3547908
Santo Antônio de Posse;2020;16503;1.38;8906;2.57;185;1018;321;3777;2292;4;3548005
Santo Antônio do Aracanguá;2020;4248;1.94;2290;3.6;93;225;386;670;583;1;3548054
Santo Antônio do Jardim;2020;3809;1.53;2261;2.58;19;258;66;511;692;2;3548104
Santo Antônio do Pinhal;2020;5011;1.32;2655;2.5;12;193;66;1166;916;3;3548203
Santo Expedito;2020;1507;1.97;970;3.06;20;35;52;239;191;;3548302
Santópolis do Aguapeí;2020;2068;2.26;1307;3.57;36;85;77;316;246;1;3548401
Santos;2020;278459;1.54;142348;3.01;659;10646;12486;78487;32860;973;3548500
São Bento do Sapucaí;2020;6801;1.55;3848;2.74;13;215;92;1483;1145;5;3548609
São Bernardo do Campo;2020;611490;1.33;407508;1.99;4168;19303;16339;92867;70937;368;3548708
São Caetano do Sul;2020;146260;1.03;102761;1.47;539;3344;2085;15682;21783;66;3548807
São Carlos;2020;192867;1.26;121881;1.99;461;4808;4002;37916;23763;36;3548906
São Francisco;2020;1791;1.49;1019;2.63;20;54;91;381;226;;3549003
São João da Boa Vista;2020;74657;1.17;41368;2.11;113;2449;1321;19170;10206;30;3549102
São João das Duas Pontes;2020;1401;1.77;921;2.69;7;33;41;201;197;1;3549201
São João de Iracema;2020;1048;1.77;599;3.09;12;37;39;234;127;;3549250
São João do Pau d'Alho;2020;1479;1.34;870;2.28;9;43;61;250;246;;3549300
São Joaquim da Barra;2020;37138;1.35;18334;2.74;229;1187;1880;11649;3844;15;3549409
São José da Bela Vista;2020;3113;2.8;1936;4.51;53;111;88;507;418;;3549508
São José do Barreiro;2020;1667;2.44;946;4.3;5;48;29;372;265;2;3549607
São José do Rio Pardo;2020;40035;1.33;23919;2.22;176;1737;989;7553;5654;7;3549706
São José do Rio Preto;2020;405608;1.1;220664;2.03;1672;10525;12632;108632;51344;139;3549805
São José dos Campos;2020;454956;1.56;310913;2.29;1869;8773;7503;67298;58311;289;3549904
São Lourenço da Serra;2020;9125;1.71;5722;2.72;38;396;106;1484;1368;11;3549953
São Luiz do Paraitinga;2020;6719;1.57;3651;2.89;29;241;124;1642;1026;6;3550001
São Manuel;2020;28617;1.38;17547;2.26;237;1264;1790;4530;3234;15;3550100
São Miguel Arcanjo;2020;18255;1.75;10350;3.09;104;875;351;3957;2612;6;3550209
São Paulo;2020;8761213;1.35;5955433;1.99;49141;170445;98705;1244978;1237897;4614;3550308
São Pedro;2020;27131;1.26;15996;2.14;114;950;980;5435;3637;19;3550407
São Pedro do Turvo;2020;4006;1.84;2165;3.4;53;232;101;836;615;4;3550506
São Roque;2020;52410;1.67;33044;2.65;242;1502;917;9166;7489;50;3550605
São Sebastião;2020;39564;2.2;20253;4.3;192;1059;943;11288;5766;63;3550704
São Sebastião da Grama;2020;6569;1.82;4124;2.89;58;299;129;948;1003;8;3550803
São Simão;2020;9311;1.59;5975;2.48;56;490;250;1153;1385;2;3550902
São Vicente;2020;150028;2.39;70269;5.09;972;3498;2242;60573;12380;94;3551009
Sarapuí;2020;6329;1.6;3222;3.14;22;206;136;1977;763;3;3551108
Sarutaiá;2020;1926;1.89;1271;2.87;37;73;38;253;253;1;3551207
Sebastianópolis do Sul;2020;3285;1;1500;2.2;16;436;459;518;355;1;3551306
Serra Azul;2020;4580;2.68;3026;4.06;131;221;144;489;568;1;3551405
Serra Negra;2020;22086;1.24;12597;2.18;52;564;277;5665;2924;7;3551603
Serrana;2020;24749;1.8;14517;3.06;282;949;931;5043;3023;4;3551504
Sertãozinho;2020;96110;1.27;47923;2.55;698;3772;4090;28134;11372;121;3551702
Sete Barras;2020;6027;2.1;2732;4.62;42;290;188;1960;811;4;3551801
Severínia;2020;9155;1.87;5542;3.09;285;479;382;1349;1110;8;3551900
Silveiras;2020;3214;1.93;1838;3.38;7;100;41;841;386;1;3552007
Socorro;2020;32957;1.18;16445;2.36;68;1139;392;10259;4645;9;3552106
Sorocaba;2020;493210;1.34;317834;2.07;1666;9974;7178;98310;57924;324;3552205
Sud Mennucci;2020;4496;1.72;2657;2.9;71;180;307;720;558;3;3552304
Sumaré;2020;182275;1.55;118472;2.39;793;5524;4707;33219;19517;43;3552403
Suzanápolis;2020;2318;1.7;1266;3.12;25;141;226;345;315;;3552551
Suzano;2020;150053;1.94;104289;2.79;932;4404;2039;19515;18753;121;3552502
Tabapuã;2020;8531;1.39;4534;2.62;68;512;898;1537;980;2;3552601
Tabatinga;2020;10669;1.49;6340;2.51;219;483;440;1603;1579;5;3552700
Taboão da Serra;2020;138402;2.05;85474;3.32;532;3089;1436;30231;17564;76;3552809
Taciba;2020;3325;1.82;1935;3.13;27;108;100;654;500;1;3552908
Taguaí;2020;5646;2.36;3583;3.72;34;303;210;700;814;2;3553005
Taiaçu;2020;3390;1.78;1964;3.07;37;169;83;565;572;;3553104
Taiúva;2020;3618;1.74;2144;2.93;31;209;152;481;600;1;3553203
Tambaú;2020;15859;1.44;9734;2.34;85;692;291;3034;2019;4;3553302
Tanabi;2020;18639;1.35;10768;2.33;154;633;745;4148;2187;4;3553401
Tapiraí;2020;3889;1.98;2332;3.3;14;239;91;667;545;1;3553500
Tapiratiba;2020;7076;1.78;4589;2.75;92;444;249;860;841;1;3553609
Taquaral;2020;1435;1.92;821;3.35;25;117;108;148;216;;3553658
Taquaritinga;2020;41581;1.31;23869;2.28;384;1981;1285;8644;5411;7;3553708
Taquarituba;2020;16099;1.44;8831;2.63;135;1205;825;2693;2400;10;3553807
Taquarivaí;2020;2265;2.54;1237;4.65;22;125;69;473;339;;3553856
Tarabai;2020;3681;1.97;2242;3.24;35;138;113;784;368;1;3553906
Tarumã;2020;8609;1.72;4746;3.12;194;585;640;1374;1037;33;3553955
Tatuí;2020;89354;1.34;45044;2.67;707;3214;1543;29883;8928;35;3554003
Taubaté;2020;223968;1.37;133633;2.3;517;3980;3305;58849;23625;59;3554102
Tejupá;2020;1515;3.1;928;5.06;12;64;31;203;276;1;3554201
Teodoro Sampaio;2020;13573;1.65;7071;3.17;327;503;610;3677;1384;1;3554300
Terra Roxa;2020;4982;1.83;3013;3.03;93;258;186;818;614;;3554409
Tietê;2020;28988;1.42;16276;2.52;260;1462;868;6063;4039;20;3554508
Timburi;2020;1303;1.96;914;2.8;5;36;46;152;149;1;3554607
Torre de Pedra;2020;1472;1.58;905;2.56;9;62;28;259;209;;3554656
Torrinha;2020;7918;1.23;4418;2.2;53;733;519;960;1232;3;3554706
Trabiju;2020;925;1.84;604;2.82;9;58;23;94;137;;3554755
Tremembé;2020;22638;2.03;13825;3.33;22;567;391;5092;2727;14;3554805
Três Fronteiras;2020;4207;1.32;2280;2.43;14;124;302;1051;436;;3554904
Tuiuti;2020;3698;1.77;2034;3.22;24;133;37;929;539;2;3554953
Tupã;2020;57278;1.1;28996;2.17;285;2081;1808;17985;6106;17;3555000
Tupi Paulista;2020;10670;1.39;5979;2.49;32;413;534;2435;1275;2;3555109
Turiúba;2020;1221;1.57;695;2.75;15;38;42;264;167;;3555208
Turmalina;2020;1269;1.42;730;2.47;10;49;103;150;227;;3555307
Ubarana;2020;3218;1.89;1781;3.41;47;210;249;542;387;2;3555356
Ubatuba;2020;53018;1.68;26740;3.33;95;931;1328;17083;6786;55;3555406
Ubirajara;2020;2913;1.6;1693;2.75;63;146;92;487;432;;3555505
Uchoa;2020;6589;1.47;3871;2.5;51;219;215;1412;821;;3555604
União Paulista;2020;1179;1.47;708;2.46;13;59;59;210;130;;3555703
Urânia;2020;7176;1.2;3880;2.22;40;307;546;1532;864;7;3555802
Uru;2020;832;1.45;538;2.24;8;16;48;118;104;;3555901
Urupês;2020;10759;1.22;5870;2.24;61;789;588;2021;1425;5;3556008
Valentim Gentil;2020;9641;1.32;5066;2.52;51;400;420;2661;1040;3;3556107
Valinhos;2020;104096;1.2;66471;1.88;1967;3158;2123;15197;15139;41;3556206
Valparaíso;2020;13181;1.82;7727;3.1;175;622;839;2265;1552;1;3556305
Vargem;2020;7329;1.36;4369;2.29;30;465;140;1325;998;2;3556354
Vargem Grande do Sul;2020;29461;1.41;15854;2.62;234;1521;654;7123;4056;19;3556404
Vargem Grande Paulista;2020;32918;1.6;21895;2.41;82;1046;380;4704;4799;12;3556453
Várzea Paulista;2020;72220;1.67;45350;2.66;468;1590;1059;16065;7662;26;3556503
Vera Cruz;2020;6645;1.58;4163;2.53;44;195;158;1331;749;5;3556602
Vinhedo;2020;64574;1.2;40874;1.9;165;1912;1039;10677;9887;20;3556701
Viradouro;2020;12418;1.48;7167;2.56;112;492;390;2877;1380;;3556800
Vista Alegre do Alto;2020;5490;1.46;2500;3.21;142;559;604;872;812;1;3556909
Vitória Brasil;2020;1121;1.57;584;3.01;11;50;81;232;163;;3556958
Votorantim;2020;75027;1.6;46991;2.55;237;1739;1321;17134;7557;48;3557006
Votuporanga;2020;89405;1.03;42888;2.14;349;2636;3650;30656;9197;29;3557105
Zacarias;2020;1702;1.5;932;2.75;30;79;78;357;226;;3557154
