Localidades;Períodos;Auxiliares de Enfermagem Registrados no COREN/SP ;Auxiliares de Enfermagem Registrados no COREN/SP (Coeficiente por mil habitantes);Dentistas Registrados no CRO/SP ;Dentistas Registrados no CRO/SP (Coeficiente por dois mil habitantes);Enfermeiros Registrados no COREN/SP ;Enfermeiros Registrados no COREN/SP (Coeficiente por mil habitantes);Fonoaudiólogos registrados no CRFa/SP ;Fonoaudiólogos registrados no CRFa/SP (Coeficiente por mil habitantes);Médicos Registrados no CRM/SP ;Médicos Registrados no CRM/SP (Coeficiente por mil habitantes);Psicólogos Registrados no CRP  6ª Região [Série interrompida] ;Psicólogos Registrados no CRP  6ª Região (Coeficiente por mil habitantes) [Série interrompida] (Coeficiente por mil habitantes);Técnicos de Enfermagem Registrados no COREN/SP ;Técnicos de Enfermagem Registrados no COREN/SP (Coeficiente por mil habitantes);Técnicos de Prótese Dentária Registrados no CRO/SP ;Técnicos de Prótese Dentária Registrados no CRO/SP (Coeficiente por dois mil habitantes);Cód. IBGE
Adamantina;2019;168;4.96;112;6.61;160;4.72;6;0.18;94;2.77;;;62;1.83;8;0.47;3500105
Adolfo;2019;12;3.47;6;3.47;7;2.02;3;0.87;;;;;28;8.1;;;3500204
Aguaí;2019;40;1.13;34;1.93;44;1.25;3;0.09;31;0.88;;;129;3.66;2;0.11;3500303
Águas da Prata;2019;25;3.21;3;0.77;10;1.29;1;0.13;7;0.9;;;29;3.73;1;0.26;3500402
Águas de Lindóia;2019;14;0.77;38;4.16;28;1.53;6;0.33;34;1.86;;;65;3.56;1;0.11;3500501
Águas de Santa Bárbara;2019;16;2.71;6;2.03;14;2.37;2;0.34;;;;;17;2.88;1;0.34;3500550
Águas de São Pedro;2019;5;1.62;9;5.84;7;2.27;;;15;4.87;;;20;6.49;;;3500600
Agudos;2019;115;3.2;33;1.83;71;1.97;10;0.28;40;1.11;;;190;5.28;1;0.06;3500709
Alambari;2019;22;3.87;2;0.7;10;1.76;;;1;0.18;;;40;7.03;;;3500758
Alfredo Marcondes;2019;28;7.14;5;2.55;7;1.78;;;3;0.76;;;21;5.35;;;3500808
Altair;2019;6;1.49;3;1.49;7;1.74;;;;;;;30;7.47;;;3500907
Altinópolis;2019;39;2.51;30;3.86;42;2.7;3;0.19;20;1.29;;;91;5.85;1;0.13;3501004
Alto Alegre;2019;7;1.74;4;1.99;14;3.48;;;2;0.5;;;18;4.47;;;3501103
Alumínio;2019;58;3.25;11;1.23;27;1.51;3;0.17;2;0.11;;;100;5.6;;;3501152
Álvares Florence;2019;3;0.82;6;3.29;5;1.37;;;2;0.55;;;14;3.84;;;3501202
Álvares Machado;2019;145;6.11;35;2.95;68;2.86;4;0.17;42;1.77;;;80;3.37;1;0.08;3501301
Álvaro de Carvalho;2019;10;2;1;0.4;3;0.6;1;0.2;1;0.2;;;17;3.4;;;3501400
Alvinlândia;2019;19;6.01;;;6;1.9;;;;;;;25;7.91;;;3501509
Americana;2019;478;2.07;589;5.09;439;1.9;81;0.35;656;2.84;;;1083;4.68;48;0.41;3501608
Américo Brasiliense;2019;67;1.69;18;0.91;54;1.36;4;0.1;12;0.3;;;357;9;;;3501707
Américo de Campos;2019;7;1.22;11;3.84;13;2.27;2;0.35;2;0.35;;;17;2.96;;;3501806
Amparo;2019;78;1.13;155;4.47;153;2.21;22;0.32;155;2.24;;;425;6.13;17;0.49;3501905
Analândia;2019;5;1.04;1;0.42;9;1.88;1;0.21;2;0.42;;;16;3.33;;;3502002
Andradina;2019;304;5.43;110;3.93;131;2.34;9;0.16;165;2.95;;;180;3.21;7;0.25;3502101
Angatuba;2019;62;2.55;17;1.4;25;1.03;3;0.12;14;0.58;;;78;3.21;;;3502200
Anhembi;2019;3;0.46;;;24;3.65;;;;;;;20;3.05;;;3502309
Anhumas;2019;24;6.09;;;5;1.27;2;0.51;2;0.51;;;10;2.54;;;3502408
Aparecida;2019;37;1.04;65;3.65;73;2.05;6;0.17;32;0.9;;;220;6.17;3;0.17;3502507
Aparecida d'Oeste;2019;4;0.96;5;2.4;16;3.84;1;0.24;7;1.68;;;31;7.45;;;3502606
Apiaí;2019;64;2.59;20;1.62;32;1.3;1;0.04;20;0.81;;;76;3.08;2;0.16;3502705
Aramina;2019;2;0.37;11;4.03;7;1.28;2;0.37;3;0.55;;;23;4.21;;;3503000
Arandu;2019;25;4.06;1;0.32;5;0.81;;;2;0.32;;;4;0.65;1;0.32;3503109
Arapeí;2019;6;2.43;;;2;0.81;;;;;;;3;1.21;;;3503158
Araraquara;2019;354;1.57;827;7.32;665;2.94;93;0.41;729;3.23;;;1791;7.92;61;0.54;3503208
Araras;2019;467;3.6;334;5.14;471;3.63;32;0.25;316;2.43;;;913;7.03;17;0.26;3503307
Araçariguama;2019;24;1.17;8;0.78;23;1.12;3;0.15;8;0.39;;;66;3.2;1;0.1;3502754
Araçatuba;2019;1159;6.11;757;7.98;627;3.31;44;0.23;639;3.37;;;629;3.32;52;0.55;3502804
Araçoiaba da Serra;2019;150;4.71;46;2.89;56;1.76;10;0.31;98;3.07;;;81;2.54;4;0.25;3502903
ArcoÍris;2019;16;8.77;;;2;1.1;;;;;;;1;0.55;;;3503356
Arealva;2019;18;2.21;17;4.17;19;2.33;6;0.74;1;0.12;;;27;3.31;2;0.49;3503406
Areias;2019;7;1.83;2;1.05;8;2.09;1;0.26;2;0.52;;;13;3.4;;;3503505
Areiópolis;2019;13;1.2;7;1.29;14;1.29;1;0.09;;;;;77;7.12;1;0.18;3503604
Ariranha;2019;50;5.41;9;1.95;11;1.19;2;0.22;4;0.43;;;29;3.14;;;3503703
Artur Nogueira;2019;69;1.33;69;2.66;123;2.37;8;0.15;57;1.1;;;224;4.32;1;0.04;3503802
Arujá;2019;533;6.04;219;4.96;241;2.73;14;0.16;207;2.35;;;330;3.74;6;0.14;3503901
Aspásia;2019;;;2;2.26;6;3.39;;;1;0.57;;;10;5.65;;;3503950
Assis;2019;592;5.87;249;4.94;353;3.5;31;0.31;293;2.91;;;359;3.56;23;0.46;3504008
Atibaia;2019;513;3.71;376;5.44;352;2.54;43;0.31;364;2.63;;;617;4.46;27;0.39;3504107
Auriflama;2019;16;1.11;33;4.57;38;2.63;2;0.14;31;2.15;;;59;4.08;3;0.42;3504206
Avaí;2019;8;1.52;1;0.38;6;1.14;;;;;;;30;5.71;;;3504305
Avanhandava;2019;44;3.66;15;2.49;23;1.91;;;11;0.91;;;43;3.57;1;0.17;3504404
Avaré;2019;430;4.94;178;4.09;171;1.96;21;0.24;180;2.07;;;114;1.31;9;0.21;3504503
Bady Bassitt;2019;82;5.07;17;2.1;80;4.94;5;0.31;9;0.56;;;142;8.78;1;0.12;3504602
Balbinos;2019;4;1.08;;;5;1.35;;;;;;;19;5.13;1;0.54;3504701
Bálsamo;2019;33;3.89;17;4;47;5.53;1;0.12;8;0.94;;;38;4.47;;;3504800
Bananal;2019;3;0.28;11;2.07;11;1.04;1;0.09;7;0.66;;;26;2.45;;;3504909
Barão de Antonina;2019;8;2.38;1;0.6;1;0.3;;;;;;;6;1.79;;;3505005
Barbosa;2019;10;1.39;3;0.83;9;1.25;;;2;0.28;;;33;4.58;;;3505104
Bariri;2019;55;1.63;65;3.85;73;2.16;13;0.39;56;1.66;;;144;4.26;7;0.41;3505203
Barra Bonita;2019;69;1.97;71;4.06;66;1.89;11;0.31;50;1.43;;;278;7.96;6;0.34;3505302
Barra do Chapéu;2019;5;0.91;2;0.73;2;0.36;;;;;;;8;1.45;;;3505351
Barra do Turvo;2019;6;0.78;3;0.78;11;1.43;1;0.13;2;0.26;;;22;2.86;;;3505401
Barretos;2019;288;2.45;371;6.31;575;4.89;28;0.24;690;5.87;;;1319;11.22;20;0.34;3505500
Barrinha;2019;157;4.91;13;0.81;53;1.66;1;0.03;6;0.19;;;236;7.39;2;0.13;3505609
Barueri;2019;457;1.74;553;4.22;828;3.16;58;0.22;621;2.37;;;2022;7.72;25;0.19;3505708
Bastos;2019;36;1.77;18;1.77;34;1.68;8;0.39;21;1.03;;;41;2.02;2;0.2;3505807
Batatais;2019;157;2.62;111;3.71;127;2.12;17;0.28;96;1.6;;;293;4.89;9;0.3;3505906
Bauru;2019;723;2;1693;9.34;1207;3.33;308;0.85;1217;3.36;;;2371;6.54;92;0.51;3506003
Bebedouro;2019;68;0.92;126;3.39;200;2.69;17;0.23;190;2.56;;;358;4.82;10;0.27;3506102
Bento de Abreu;2019;11;3.77;1;0.69;8;2.74;;;;;;;3;1.03;;;3506201
Bernardino de Campos;2019;31;2.87;13;2.41;18;1.67;1;0.09;6;0.56;;;34;3.15;;;3506300
Bertioga;2019;146;2.37;60;1.95;64;1.04;1;0.02;40;0.65;;;176;2.85;3;0.1;3506359
Bilac;2019;14;1.81;14;3.62;16;2.07;;;9;1.16;;;49;6.33;1;0.26;3506409
Birigui;2019;421;3.5;207;3.45;215;1.79;17;0.14;209;1.74;;;480;4;11;0.18;3506508
Biritiba Mirim;2019;94;2.94;17;1.06;28;0.88;1;0.03;4;0.13;;;107;3.35;1;0.06;3506607
Boa Esperança do Sul;2019;18;1.24;5;0.69;20;1.38;2;0.14;6;0.41;;;55;3.8;;;3506706
Bocaina;2019;22;1.83;25;4.16;16;1.33;3;0.25;12;1;;;117;9.74;1;0.17;3506805
Bofete;2019;15;1.37;3;0.55;11;1.01;;;;;;;22;2.01;1;0.18;3506904
Boituva;2019;82;1.45;76;2.69;84;1.49;10;0.18;69;1.22;;;120;2.13;4;0.14;3507001
Bom Jesus dos Perdões;2019;62;2.6;15;1.26;37;1.55;5;0.21;7;0.29;;;119;4.99;2;0.17;3507100
Bom Sucesso de Itararé;2019;6;1.57;;;3;0.78;1;0.26;;;;;14;3.66;;;3507159
Borá;2019;1;1.23;;;2;2.47;;;;;;;6;7.4;;;3507209
Boracéia;2019;8;1.7;2;0.85;18;3.82;;;6;1.27;;;49;10.4;;;3507308
Borborema;2019;9;0.59;28;3.67;23;1.51;1;0.07;27;1.77;;;54;3.54;3;0.39;3507407
Borebi;2019;6;2.35;1;0.78;3;1.18;;;;;;;6;2.35;;;3507456
Botucatu;2019;484;3.46;296;4.23;730;5.22;45;0.32;1118;7.99;;;1258;8.99;26;0.37;3507506
Bragança Paulista;2019;288;1.77;448;5.52;408;2.51;57;0.35;671;4.13;;;1278;7.87;45;0.55;3507605
Braúna;2019;12;2.18;5;1.82;10;1.82;;;3;0.55;;;21;3.82;;;3507704
Brejo Alegre;2019;30;10.91;;;3;1.09;1;0.36;;;;;11;4;;;3507753
Brodowski;2019;95;4.01;38;3.21;80;3.38;9;0.38;21;0.89;;;151;6.38;1;0.08;3507803
Brotas;2019;34;1.44;27;2.28;34;1.44;6;0.25;24;1.02;;;101;4.27;3;0.25;3507902
Buri;2019;20;1.02;13;1.33;19;0.97;1;0.05;9;0.46;;;37;1.89;2;0.2;3508009
Buritama;2019;76;4.61;25;3.03;57;3.46;5;0.3;34;2.06;;;47;2.85;1;0.12;3508108
Buritizal;2019;9;2.1;6;2.8;10;2.34;2;0.47;2;0.47;;;14;3.27;2;0.93;3508207
Cabrália Paulista;2019;12;2.78;2;0.93;4;0.93;;;1;0.23;;;19;4.41;;;3508306
Cabreúva;2019;124;2.55;34;1.4;49;1.01;4;0.08;17;0.35;;;111;2.28;1;0.04;3508405
Cachoeira Paulista;2019;40;1.25;83;5.18;83;2.59;12;0.37;67;2.09;;;231;7.21;3;0.19;3508603
Caconde;2019;27;1.43;23;2.44;22;1.17;7;0.37;17;0.9;;;104;5.53;;;3508702
Cafelândia;2019;69;4.02;39;4.54;60;3.49;2;0.12;26;1.51;;;77;4.48;1;0.12;3508801
Caiabu;2019;15;3.66;1;0.49;4;0.98;1;0.24;3;0.73;;;4;0.98;;;3508900
Caieiras;2019;718;7.24;120;2.42;326;3.29;21;0.21;54;0.54;;;654;6.59;7;0.14;3509007
Caiuá;2019;16;2.89;2;0.72;6;1.08;;;;;;;3;0.54;;;3509106
Cajamar;2019;307;4.03;61;1.6;198;2.6;6;0.08;41;0.54;;;359;4.71;3;0.08;3509205
Cajati;2019;25;0.87;17;1.18;33;1.14;2;0.07;14;0.48;;;63;2.18;2;0.14;3509254
Cajobi;2019;9;0.89;10;1.98;17;1.69;;;19;1.89;;;40;3.97;;;3509304
Cajuru;2019;95;3.74;56;4.4;48;1.89;3;0.12;20;0.79;;;67;2.63;6;0.47;3509403
Campina do Monte Alegre;2019;18;3.11;1;0.35;9;1.55;;;4;0.69;;;14;2.42;1;0.35;3509452
Campinas;2019;2450;2.1;3358;5.75;3861;3.31;607;0.52;7041;6.03;;;8668;7.43;259;0.44;3509502
Campo Limpo Paulista;2019;373;4.55;83;2.02;171;2.09;7;0.09;41;0.5;;;351;4.28;9;0.22;3509601
Campos do Jordão;2019;111;2.22;71;2.85;91;1.82;3;0.06;63;1.26;;;226;4.53;3;0.12;3509700
Campos Novos Paulista;2019;10;2.09;7;2.92;6;1.25;;;4;0.84;;;7;1.46;;;3509809
Cananéia;2019;26;2.11;13;2.11;15;1.22;1;0.08;6;0.49;;;55;4.47;;;3509908
Canas;2019;5;1;4;1.6;4;0.8;;;1;0.2;;;49;9.81;;;3509957
Cândido Mota;2019;117;3.9;55;3.67;45;1.5;1;0.03;26;0.87;;;63;2.1;3;0.2;3510005
Cândido Rodrigues;2019;5;1.87;5;3.74;6;2.24;;;1;0.37;;;11;4.11;;;3510104
Canitar;2019;11;2.23;;;3;0.61;;;;;;;17;3.45;;;3510153
Capão Bonito;2019;120;2.59;53;2.29;55;1.19;5;0.11;53;1.14;;;83;1.79;5;0.22;3510203
Capela do Alto;2019;79;3.91;10;0.99;31;1.53;;;5;0.25;;;53;2.62;1;0.1;3510302
Capivari;2019;111;2.07;73;2.72;53;0.99;16;0.3;75;1.4;;;111;2.07;8;0.3;3510401
Caraguatatuba;2019;540;4.71;191;3.33;391;3.41;24;0.21;203;1.77;;;669;5.84;23;0.4;3510500
Carapicuíba;2019;1085;2.77;223;1.14;888;2.26;21;0.05;158;0.4;;;2497;6.37;29;0.15;3510609
Cardoso;2019;34;2.9;17;2.9;30;2.56;3;0.26;9;0.77;;;58;4.94;2;0.34;3510708
Casa Branca;2019;175;5.96;54;3.68;72;2.45;4;0.14;30;1.02;;;209;7.12;3;0.2;3510807
Cássia dos Coqueiros;2019;14;5.59;5;3.99;7;2.79;;;2;0.8;;;9;3.59;;;3510906
Castilho;2019;73;3.57;10;0.98;44;2.15;2;0.1;9;0.44;;;89;4.35;;;3511003
Catanduva;2019;678;5.8;330;5.65;347;2.97;26;0.22;648;5.55;;;417;3.57;22;0.38;3511102
Catiguá;2019;32;4.27;5;1.33;11;1.47;;;1;0.13;;;15;2;;;3511201
Caçapava;2019;416;4.59;142;3.13;161;1.78;21;0.23;175;1.93;;;263;2.9;12;0.26;3508504
Cedral;2019;47;5.37;9;2.06;26;2.97;3;0.34;10;1.14;;;50;5.71;;;3511300
Cerqueira César;2019;53;2.78;16;1.68;24;1.26;3;0.16;16;0.84;;;21;1.1;2;0.21;3511409
Cerquilho;2019;97;2.12;75;3.28;67;1.46;13;0.28;52;1.14;;;72;1.57;5;0.22;3511508
Cesário Lange;2019;22;1.29;16;1.87;24;1.4;1;0.06;7;0.41;;;40;2.34;2;0.23;3511607
Charqueada;2019;20;1.19;5;0.6;13;0.78;2;0.12;3;0.18;;;74;4.42;;;3511706
Chavantes;2019;39;3.19;16;2.62;18;1.47;3;0.25;10;0.82;;;39;3.19;1;0.16;3557204
Clementina;2019;15;1.83;9;2.19;17;2.07;;;3;0.37;;;19;2.32;;;3511904
Colina;2019;32;1.82;39;4.44;55;3.13;3;0.17;23;1.31;;;129;7.34;2;0.23;3512001
Colômbia;2019;17;2.81;6;1.99;16;2.65;;;2;0.33;;;40;6.62;;;3512100
Conchal;2019;38;1.4;32;2.36;31;1.14;4;0.15;13;0.48;;;97;3.58;2;0.15;3512209
Conchas;2019;47;2.76;20;2.35;26;1.52;4;0.23;19;1.11;;;26;1.52;1;0.12;3512308
Cordeirópolis;2019;24;1;27;2.25;44;1.83;2;0.08;10;0.42;;;74;3.08;2;0.17;3512407
Coroados;2019;7;1.19;2;0.68;6;1.02;;;2;0.34;;;12;2.05;;;3512506
Coronel Macedo;2019;8;1.65;5;2.06;7;1.44;;;;;;;11;2.27;;;3512605
Corumbataí;2019;13;3.29;2;1.01;5;1.26;;;;;;;12;3.04;;;3512704
Cosmópolis;2019;89;1.27;53;1.51;65;0.93;3;0.04;36;0.51;;;274;3.91;5;0.14;3512803
Cosmorama;2019;27;3.85;10;2.85;20;2.85;1;0.14;5;0.71;;;26;3.71;;;3512902
Cotia;2019;1069;4.4;405;3.34;821;3.38;54;0.22;392;1.61;;;1355;5.58;34;0.28;3513009
Cravinhos;2019;104;3.04;44;2.58;44;1.29;4;0.12;20;0.59;;;131;3.83;3;0.18;3513108
Cristais Paulista;2019;24;2.88;9;2.16;9;1.08;1;0.12;3;0.36;;;42;5.03;;;3513207
Cruzália;2019;4;1.88;1;0.94;3;1.41;;;;;;;12;5.63;;;3513306
Cruzeiro;2019;127;1.59;164;4.12;134;1.68;25;0.31;162;2.03;;;413;5.18;9;0.23;3513405
Cubatão;2019;499;3.9;59;0.92;200;1.56;6;0.05;9;0.07;;;865;6.75;9;0.14;3513504
Cunha;2019;16;0.74;21;1.94;26;1.2;;;8;0.37;;;54;2.49;;;3513603
Descalvado;2019;39;1.21;74;4.58;68;2.11;6;0.19;44;1.36;;;121;3.75;3;0.19;3513702
Diadema;2019;2668;6.62;216;1.07;1103;2.74;43;0.11;86;0.21;;;2600;6.45;35;0.17;3513801
Dirce Reis;2019;2;1.17;1;1.17;3;1.75;1;0.58;;;;;11;6.41;;;3513850
Divinolândia;2019;28;2.57;21;3.85;32;2.93;5;0.46;21;1.92;;;144;13.2;1;0.18;3513900
Dobrada;2019;56;6.36;6;1.36;16;1.82;1;0.11;2;0.23;;;49;5.56;;;3514007
Dois Córregos;2019;36;1.35;55;4.11;36;1.35;2;0.07;41;1.53;;;142;5.31;5;0.37;3514106
Dolcinópolis;2019;2;0.98;4;3.91;7;3.42;2;0.98;1;0.49;;;13;6.35;;;3514205
Dourado;2019;13;1.53;18;4.24;9;1.06;;;1;0.12;;;32;3.77;1;0.24;3514304
Dracena;2019;193;4.3;112;5;101;2.25;18;0.4;157;3.5;;;80;1.78;13;0.58;3514403
Duartina;2019;40;3.33;31;5.17;29;2.42;8;0.67;25;2.08;;;120;10;1;0.17;3514502
Dumont;2019;16;1.69;7;1.48;11;1.16;2;0.21;1;0.11;;;26;2.75;;;3514601
Echaporã;2019;41;6.59;8;2.57;22;3.53;1;0.16;3;0.48;;;24;3.85;1;0.32;3514700
Eldorado;2019;21;1.39;15;1.98;24;1.58;2;0.13;2;0.13;;;61;4.03;2;0.26;3514809
Elias Fausto;2019;20;1.16;11;1.28;16;0.93;;;2;0.12;;;69;4.01;;;3514908
Elisiário;2019;16;4.62;6;3.46;7;2.02;1;0.29;3;0.87;;;11;3.18;2;1.15;3514924
Embaúba;2019;21;8.72;3;2.49;5;2.08;;;;;;;8;3.32;1;0.83;3514957
Embu das Artes;2019;1388;5.18;122;0.91;567;2.12;13;0.05;56;0.21;;;1311;4.9;15;0.11;3515004
EmbuGuaçu;2019;451;6.68;70;2.07;167;2.47;8;0.12;24;0.36;;;239;3.54;7;0.21;3515103
Emilianópolis;2019;19;6.2;3;1.96;11;3.59;1;0.33;5;1.63;;;26;8.48;;;3515129
Engenheiro Coelho;2019;1;0.05;28;2.79;10;0.5;4;0.2;34;1.69;;;14;0.7;;;3515152
Espírito Santo do Pinhal;2019;280;6.59;68;3.2;101;2.38;11;0.26;76;1.79;;;186;4.37;4;0.19;3515186
Espírito Santo do Turvo;2019;18;3.8;3;1.27;7;1.48;;;;;;;14;2.95;;;3515194
Estiva Gerbi;2019;31;2.82;5;0.91;10;0.91;;;1;0.09;;;65;5.92;;;3557303
Estrela d'Oeste;2019;18;2.22;19;4.69;25;3.08;2;0.25;12;1.48;;;33;4.07;;;3515202
Estrela do Norte;2019;4;1.5;1;0.75;6;2.25;;;1;0.38;;;11;4.13;1;0.75;3515301
Euclides da Cunha Paulista;2019;28;2.94;9;1.89;11;1.15;2;0.21;7;0.73;;;2;0.21;1;0.21;3515350
Fartura;2019;63;4.04;24;3.08;28;1.79;4;0.26;16;1.03;;;34;2.18;1;0.13;3515400
Fernando Prestes;2019;19;3.41;13;4.67;12;2.15;1;0.18;7;1.26;;;4;0.72;;;3515608
Fernandópolis;2019;111;1.68;210;6.36;365;5.53;42;0.64;323;4.89;;;369;5.59;21;0.64;3515509
Fernão;2019;1;0.61;;;;;;;;;;;6;3.66;;;3515657
Ferraz de Vasconcelos;2019;1780;9.34;122;1.28;487;2.56;9;0.05;22;0.12;;;1093;5.74;22;0.23;3515707
Flora Rica;2019;7;4.37;1;1.25;3;1.87;;;1;0.62;;;1;0.62;;;3515806
Floreal;2019;6;2.09;7;4.88;13;4.53;;;5;1.74;;;13;4.53;;;3515905
Flórida Paulista;2019;45;3.69;9;1.48;28;2.3;;;13;1.07;;;12;0.98;1;0.16;3516002
Florínea;2019;14;5.16;1;0.74;9;3.32;;;1;0.37;;;5;1.84;;;3516101
Franca;2019;677;1.99;853;5.02;562;1.65;174;0.51;931;2.74;;;1672;4.92;62;0.36;3516200
Francisco Morato;2019;1175;6.82;58;0.67;233;1.35;3;0.02;11;0.06;;;946;5.49;8;0.09;3516309
Franco da Rocha;2019;2234;14.88;85;1.13;683;4.55;8;0.05;32;0.21;;;1506;10.03;9;0.12;3516408
Gabriel Monteiro;2019;5;1.86;2;1.49;7;2.6;;;2;0.74;;;5;1.86;;;3516507
Gália;2019;21;3.18;5;1.52;13;1.97;2;0.3;3;0.45;;;27;4.09;;;3516606
Garça;2019;177;4.16;77;3.62;77;1.81;12;0.28;73;1.72;;;263;6.18;5;0.24;3516705
Gastão Vidigal;2019;9;1.91;4;1.7;8;1.7;2;0.42;;;;;8;1.7;;;3516804
Gavião Peixoto;2019;5;1.09;4;1.74;8;1.74;;;1;0.22;;;45;9.8;;;3516853
General Salgado;2019;9;0.84;20;3.75;26;2.44;3;0.28;9;0.84;;;36;3.38;1;0.19;3516903
Getulina;2019;10;0.92;27;4.98;22;2.03;;;3;0.28;;;56;5.17;6;1.11;3517000
Glicério;2019;18;3.8;1;0.42;7;1.48;;;1;0.21;;;16;3.38;;;3517109
Guaimbê;2019;17;3.08;5;1.81;12;2.17;;;2;0.36;;;14;2.54;;;3517307
Guaíra;2019;68;1.75;83;4.27;90;2.31;10;0.26;57;1.46;;;216;5.55;6;0.31;3517406
Guaiçara;2019;37;3.13;15;2.54;29;2.45;;;3;0.25;;;102;8.63;2;0.34;3517208
Guapiara;2019;52;2.93;6;0.68;26;1.46;;;4;0.23;;;33;1.86;;;3517604
Guapiaçu;2019;66;3.21;24;2.33;49;2.38;5;0.24;7;0.34;;;128;6.22;;;3517505
Guará;2019;38;1.83;39;3.76;24;1.16;4;0.19;25;1.21;;;99;4.78;3;0.29;3517703
Guaraci;2019;13;1.19;17;3.13;16;1.47;2;0.18;3;0.28;;;47;4.32;;;3517901
Guarani d'Oeste;2019;9;4.67;2;2.08;5;2.59;2;1.04;2;1.04;;;4;2.08;;;3518008
Guarantã;2019;39;6.03;10;3.09;9;1.39;;;3;0.46;;;27;4.17;;;3518107
Guararapes;2019;264;8.26;38;2.38;84;2.63;4;0.13;44;1.38;;;67;2.1;4;0.25;3518206
Guararema;2019;73;2.51;46;3.17;35;1.2;5;0.17;36;1.24;;;121;4.16;;;3518305
Guaratinguetá;2019;103;0.87;319;5.42;276;2.34;45;0.38;372;3.16;;;842;7.15;32;0.54;3518404
Guaraçaí;2019;42;4.99;8;1.9;17;2.02;1;0.12;6;0.71;;;25;2.97;;;3517802
Guareí;2019;28;1.79;7;0.9;18;1.15;1;0.06;5;0.32;;;50;3.2;;;3518503
Guariba;2019;50;1.29;38;1.96;47;1.22;5;0.13;19;0.49;;;198;5.12;1;0.05;3518602
Guarujá;2019;1685;5.37;291;1.85;601;1.92;31;0.1;293;0.93;;;1680;5.35;23;0.15;3518701
Guarulhos;2019;10886;8.13;2234;3.34;4819;3.6;214;0.16;1120;0.84;;;5538;4.14;134;0.2;3518800
Guatapará;2019;18;2.44;4;1.08;12;1.62;;;1;0.14;;;15;2.03;;;3518859
Guzolândia;2019;9;1.77;3;1.18;7;1.38;;;4;0.79;;;7;1.38;;;3518909
Herculândia;2019;36;3.91;9;1.96;12;1.3;1;0.11;1;0.11;;;7;0.76;1;0.22;3519006
Holambra;2019;10;0.7;27;3.8;26;1.83;7;0.49;39;2.75;;;47;3.31;1;0.14;3519055
Hortolândia;2019;606;2.68;113;1;481;2.12;25;0.11;70;0.31;;;2181;9.63;18;0.16;3519071
Iacanga;2019;11;0.98;15;2.68;24;2.15;2;0.18;4;0.36;;;46;4.11;;;3519105
Iacri;2019;10;1.59;5;1.59;19;3.02;1;0.16;6;0.95;;;13;2.07;;;3519204
Iaras;2019;9;1.32;1;0.29;1;0.15;;;;;;;8;1.17;;;3519253
Ibaté;2019;107;3.12;24;1.4;39;1.14;6;0.17;9;0.26;;;156;4.54;2;0.12;3519303
Ibirá;2019;39;3.26;26;4.35;24;2.01;1;0.08;15;1.26;;;29;2.43;4;0.67;3519402
Ibirarema;2019;12;1.62;8;2.15;9;1.21;1;0.13;;;;;34;4.58;1;0.27;3519501
Ibitinga;2019;76;1.31;102;3.52;67;1.16;7;0.12;112;1.93;;;159;2.74;6;0.21;3519600
Ibiúna;2019;213;2.81;67;1.77;74;0.97;4;0.05;34;0.45;;;216;2.85;6;0.16;3519709
Icém;2019;11;1.38;12;3.01;11;1.38;2;0.25;5;0.63;;;34;4.26;2;0.5;3519808
Iepê;2019;39;4.94;10;2.53;17;2.15;2;0.25;4;0.51;;;6;0.76;;;3519907
Igarapava;2019;27;0.92;63;4.3;42;1.43;4;0.14;30;1.02;;;110;3.75;5;0.34;3520103
Igaratá;2019;39;4.21;7;1.51;9;0.97;;;4;0.43;;;18;1.94;1;0.22;3520202
Igaraçu do Tietê;2019;35;1.45;24;2;18;0.75;2;0.08;4;0.17;;;159;6.61;2;0.17;3520004
Iguape;2019;142;4.83;23;1.57;70;2.38;6;0.2;27;0.92;;;123;4.19;2;0.14;3520301
Ilha Comprida;2019;31;3.05;14;2.76;24;2.36;;;8;0.79;;;49;4.82;1;0.2;3520426
Ilha Solteira;2019;70;2.72;56;4.36;66;2.57;6;0.23;64;2.49;;;184;7.16;2;0.16;3520442
Ilhabela;2019;161;4.88;47;2.85;75;2.27;6;0.18;80;2.43;;;145;4.4;4;0.24;3520400
Indaiatuba;2019;483;2.02;465;3.88;487;2.03;84;0.35;518;2.16;;;892;3.73;37;0.31;3520509
Indiana;2019;38;7.95;8;3.35;13;2.72;1;0.21;1;0.21;;;9;1.88;;;3520608
Indiaporã;2019;9;2.33;8;4.15;12;3.11;2;0.52;6;1.56;;;22;5.7;;;3520707
Inúbia Paulista;2019;19;4.91;3;1.55;6;1.55;;;;;;;1;0.26;;;3520806
Ipaussu;2019;53;3.68;28;3.88;27;1.87;;;9;0.62;;;53;3.68;;;3520905
Iperó;2019;60;1.78;14;0.83;20;0.59;;;6;0.18;;;77;2.28;;;3521002
Ipeúna;2019;10;1.35;7;1.89;8;1.08;;;3;0.41;;;21;2.84;;;3521101
Ipiguá;2019;13;2.52;3;1.16;7;1.36;;;3;0.58;;;22;4.27;;;3521150
Iporanga;2019;21;4.78;4;1.82;13;2.96;;;;;;;11;2.5;;;3521200
Ipuã;2019;28;1.78;23;2.93;27;1.72;3;0.19;13;0.83;;;40;2.55;1;0.13;3521309
Iracemápolis;2019;60;2.57;23;1.97;51;2.19;5;0.21;11;0.47;;;103;4.42;;;3521408
Irapuã;2019;16;2.08;14;3.64;6;0.78;2;0.26;4;0.52;;;18;2.34;;;3521507
Irapuru;2019;36;4.88;12;3.25;11;1.49;;;6;0.81;;;1;0.14;;;3521606
Itaberá;2019;29;1.65;19;2.16;39;2.21;2;0.11;7;0.4;;;47;2.67;;;3521705
Itaí;2019;43;1.64;22;1.68;30;1.14;2;0.08;17;0.65;;;53;2.02;1;0.08;3521804
Itajobi;2019;60;4.11;46;6.29;66;4.52;4;0.27;34;2.33;;;36;2.46;3;0.41;3521903
Itaju;2019;8;2.21;4;2.21;7;1.94;;;;;;;15;4.15;;;3522000
Itanhaém;2019;329;3.37;103;2.11;173;1.77;10;0.1;83;0.85;;;380;3.89;8;0.16;3522109
Itaoca;2019;5;1.57;;;7;2.2;;;;;;;5;1.57;;;3522158
Itapecerica da Serra;2019;973;5.79;139;1.66;392;2.33;16;0.1;53;0.32;;;687;4.09;12;0.14;3522208
Itapetininga;2019;357;2.25;248;3.13;276;1.74;28;0.18;245;1.55;;;917;5.78;19;0.24;3522307
Itapeva;2019;304;3.33;112;2.45;266;2.91;16;0.18;167;1.83;;;427;4.68;10;0.22;3522406
Itapevi;2019;555;2.37;123;1.05;329;1.41;11;0.05;48;0.21;;;1626;6.95;9;0.08;3522505
Itapira;2019;310;4.35;129;3.62;195;2.74;8;0.11;177;2.48;;;486;6.82;10;0.28;3522604
Itapirapuã Paulista;2019;6;1.45;2;0.97;4;0.97;;;;;;;12;2.9;;;3522653
Itápolis;2019;28;0.68;54;2.61;66;1.59;9;0.22;64;1.55;;;174;4.2;3;0.14;3522703
Itaporanga;2019;11;0.75;22;3;24;1.64;2;0.14;12;0.82;;;27;1.84;;;3522802
Itapuí;2019;19;1.39;12;1.76;23;1.69;2;0.15;4;0.29;;;73;5.36;1;0.15;3522901
Itapura;2019;13;2.67;1;0.41;2;0.41;;;;;;;13;2.67;;;3523008
Itaquaquecetuba;2019;3003;8.22;148;0.81;498;1.36;6;0.02;22;0.06;;;1249;3.42;19;0.1;3523107
Itararé;2019;83;1.7;53;2.17;46;0.94;7;0.14;45;0.92;;;98;2;13;0.53;3523206
Itariri;2019;27;1.58;4;0.47;15;0.88;1;0.06;4;0.23;;;17;0.99;2;0.23;3523305
Itatiba;2019;163;1.4;200;3.44;180;1.55;33;0.28;225;1.93;;;460;3.95;11;0.19;3523404
Itatinga;2019;32;1.58;11;1.08;21;1.03;1;0.05;7;0.34;;;106;5.22;1;0.1;3523503
Itirapina;2019;28;1.65;12;1.41;17;1;;;5;0.29;;;47;2.76;;;3523602
Itirapuã;2019;20;3.2;6;1.92;4;0.64;7;1.12;2;0.32;;;36;5.77;;;3523701
Itobi;2019;31;4.08;3;0.79;18;2.37;1;0.13;2;0.26;;;45;5.92;1;0.26;3523800
Itu;2019;519;3.08;286;3.4;244;1.45;50;0.3;359;2.13;;;508;3.02;24;0.29;3523909
Itupeva;2019;125;2.17;46;1.59;95;1.65;7;0.12;35;0.61;;;94;1.63;1;0.03;3524006
Ituverava;2019;51;1.27;91;4.54;103;2.57;13;0.32;134;3.34;;;191;4.76;6;0.3;3524105
Jaborandi;2019;15;2.25;11;3.3;25;3.75;2;0.3;8;1.2;;;67;10.04;;;3524204
Jaboticabal;2019;82;1.11;169;4.57;144;1.95;20;0.27;163;2.2;;;324;4.38;12;0.32;3524303
Jacareí;2019;862;3.81;387;3.42;488;2.16;55;0.24;351;1.55;;;1167;5.16;29;0.26;3524402
Jaci;2019;47;6.87;5;1.46;25;3.66;1;0.15;;;;;32;4.68;;;3524501
Jacupiranga;2019;43;2.5;15;1.74;34;1.98;2;0.12;9;0.52;;;54;3.14;2;0.23;3524600
Jaguariúna;2019;11;0.2;79;2.93;52;0.96;12;0.22;82;1.52;;;82;1.52;8;0.3;3524709
Jales;2019;78;1.65;158;6.69;173;3.66;22;0.47;219;4.64;;;292;6.18;14;0.59;3524808
Jambeiro;2019;16;2.61;6;1.96;8;1.3;;;6;0.98;;;8;1.3;;;3524907
Jandira;2019;234;1.92;89;1.46;194;1.59;18;0.15;75;0.61;;;766;6.28;9;0.15;3525003
Jardinópolis;2019;141;3.33;54;2.55;98;2.31;5;0.12;23;0.54;;;169;3.99;4;0.19;3525102
Jarinu;2019;68;2.33;22;1.51;46;1.57;5;0.17;10;0.34;;;82;2.81;1;0.07;3525201
Jaú;2019;289;1.98;291;3.99;456;3.12;34;0.23;438;3;;;1152;7.89;18;0.25;3525300
Jeriquara;2019;4;1.27;;;3;0.95;3;0.95;;;;;19;6.05;;;3525409
Joanópolis;2019;23;1.83;28;4.45;18;1.43;2;0.16;7;0.56;;;55;4.37;1;0.16;3525508
João Ramalho;2019;5;1.15;2;0.92;12;2.75;1;0.23;;;;;5;1.15;1;0.46;3525607
José Bonifácio;2019;62;1.74;58;3.25;71;1.99;5;0.14;53;1.49;;;132;3.7;2;0.11;3525706
Júlio Mesquita;2019;12;2.6;12;5.2;9;1.95;1;0.22;2;0.43;;;9;1.95;;;3525805
Jumirim;2019;3;0.92;1;0.61;1;0.31;1;0.31;1;0.31;;;;;;;3525854
Jundiaí;2019;1141;2.83;1255;6.22;1371;3.4;182;0.45;2000;4.95;;;1235;3.06;52;0.26;3525904
Junqueirópolis;2019;85;4.26;29;2.91;45;2.26;3;0.15;29;1.45;;;54;2.71;2;0.2;3526001
Juquiá;2019;59;3.13;10;1.06;25;1.33;1;0.05;6;0.32;;;66;3.5;2;0.21;3526100
Juquitiba;2019;123;4.07;22;1.46;60;1.99;4;0.13;11;0.36;;;86;2.85;2;0.13;3526209
Lagoinha;2019;37;7.68;1;0.42;11;2.28;;;3;0.62;;;9;1.87;;;3526308
Laranjal Paulista;2019;51;1.85;38;2.76;30;1.09;6;0.22;38;1.38;;;40;1.45;2;0.15;3526407
Lavínia;2019;34;3.99;3;0.7;9;1.06;;;;;;;19;2.23;;;3526506
Lavrinhas;2019;8;1.13;1;0.28;5;0.7;2;0.28;4;0.56;;;45;6.33;;;3526605
Leme;2019;128;1.28;120;2.4;211;2.11;18;0.18;129;1.29;;;427;4.27;15;0.3;3526704
Lençóis Paulista;2019;144;2.19;90;2.73;84;1.28;24;0.36;102;1.55;;;192;2.91;8;0.24;3526803
Limeira;2019;503;1.71;538;3.65;665;2.26;96;0.33;754;2.56;;;1211;4.11;37;0.25;3526902
Lindóia;2019;6;0.79;13;3.41;19;2.49;2;0.26;4;0.52;;;27;3.54;3;0.79;3527009
Lins;2019;169;2.26;304;8.13;206;2.76;12;0.16;186;2.49;;;600;8.03;25;0.67;3527108
Lorena;2019;103;1.19;174;4.04;222;2.57;32;0.37;180;2.09;;;768;8.91;20;0.46;3527207
Lourdes;2019;5;2.29;;;8;3.67;1;0.46;1;0.46;;;10;4.59;;;3527256
Louveira;2019;55;1.16;54;2.29;68;1.44;8;0.17;35;0.74;;;148;3.13;3;0.13;3527306
Lucélia;2019;81;3.87;21;2.01;47;2.25;3;0.14;20;0.96;;;29;1.39;;;3527405
Lucianópolis;2019;12;5.31;4;3.54;6;2.66;;;1;0.44;;;7;3.1;;;3527504
Luís Antônio;2019;43;3.09;12;1.73;15;1.08;2;0.14;2;0.14;;;35;2.52;1;0.14;3527603
Luiziânia;2019;19;3.35;4;1.41;8;1.41;;;4;0.7;;;19;3.35;;;3527702
Lupércio;2019;13;2.95;4;1.81;4;0.91;;;2;0.45;;;12;2.72;;;3527801
Lutécia;2019;5;1.9;2;1.52;10;3.8;2;0.76;;;;;7;2.66;1;0.76;3527900
Macatuba;2019;44;2.61;22;2.61;23;1.36;3;0.18;11;0.65;;;71;4.21;1;0.12;3528007
Macaubal;2019;21;2.71;18;4.65;19;2.45;2;0.26;8;1.03;;;27;3.49;;;3528106
Macedônia;2019;7;1.95;7;3.91;21;5.86;3;0.84;5;1.4;;;19;5.3;;;3528205
Magda;2019;4;1.29;7;4.52;7;2.26;3;0.97;;;;;9;2.9;;;3528304
Mairinque;2019;119;2.59;43;1.87;85;1.85;3;0.07;22;0.48;;;268;5.82;1;0.04;3528403
Mairiporã;2019;462;4.77;192;3.96;242;2.5;8;0.08;132;1.36;;;229;2.36;12;0.25;3528502
Manduri;2019;38;4.01;6;1.27;14;1.48;;;2;0.21;;;9;0.95;;;3528601
Marabá Paulista;2019;16;3.25;;;3;0.61;;;;;;;;;;;3528700
Maracaí;2019;81;6;6;0.89;19;1.41;1;0.07;6;0.44;;;30;2.22;1;0.15;3528809
Marapoama;2019;12;4.17;6;4.17;4;1.39;1;0.35;;;;;6;2.08;;;3528858
Mariápolis;2019;12;3.02;1;0.5;6;1.51;;;;;;;2;0.5;;;3528908
Marília;2019;1426;6.2;694;6.03;952;4.14;137;0.6;1296;5.63;;;1102;4.79;35;0.3;3529005
Marinópolis;2019;2;0.95;2;1.91;7;3.34;1;0.48;2;0.95;;;11;5.24;;;3529104
Martinópolis;2019;142;5.56;36;2.82;42;1.65;4;0.16;25;0.98;;;68;2.66;4;0.31;3529203
Matão;2019;312;3.91;153;3.84;145;1.82;31;0.39;135;1.69;;;299;3.75;16;0.4;3529302
Mauá;2019;3117;6.84;303;1.33;1262;2.77;30;0.07;109;0.24;;;2618;5.74;43;0.19;3529401
Mendonça;2019;20;4;5;2;8;1.6;3;0.6;3;0.6;;;39;7.79;;;3529500
Meridiano;2019;9;2.4;6;3.2;19;5.07;2;0.53;2;0.53;;;33;8.8;;;3529609
Mesópolis;2019;;;1;1.06;1;0.53;1;0.53;;;;;10;5.29;;;3529658
Miguelópolis;2019;15;0.7;44;4.13;39;1.83;5;0.23;40;1.88;;;127;5.95;1;0.09;3529708
Mineiros do Tietê;2019;23;1.83;12;1.91;17;1.36;3;0.24;5;0.4;;;94;7.49;2;0.32;3529807
Mira Estrela;2019;6;2.05;3;2.05;8;2.73;3;1.02;2;0.68;;;18;6.15;;;3530003
Miracatu;2019;29;1.45;7;0.7;26;1.3;1;0.05;5;0.25;;;52;2.61;;;3529906
Mirandópolis;2019;104;3.64;53;3.71;64;2.24;5;0.18;37;1.3;;;57;2;3;0.21;3530102
Mirante do Paranapanema;2019;46;2.6;21;2.37;23;1.3;2;0.11;25;1.41;;;22;1.24;1;0.11;3530201
Mirassol;2019;200;3.48;102;3.55;196;3.41;14;0.24;158;2.75;;;284;4.94;5;0.17;3530300
Mirassolândia;2019;8;1.72;2;0.86;5;1.07;1;0.21;;;;;19;4.08;;;3530409
Mococa;2019;107;1.6;125;3.75;105;1.57;17;0.25;115;1.72;;;442;6.63;6;0.18;3530508
Mogi das Cruzes;2019;2408;5.62;1317;6.15;1369;3.2;100;0.23;1412;3.3;;;2129;4.97;78;0.36;3530607
Mogi Guaçu;2019;487;3.31;229;3.11;322;2.19;25;0.17;253;1.72;;;936;6.36;17;0.23;3530706
Mogi Mirim;2019;202;2.24;230;5.11;201;2.23;40;0.44;267;2.96;;;459;5.09;17;0.38;3530805
Mombuca;2019;5;1.5;4;2.41;4;1.2;;;;;;;9;2.71;;;3530904
Mongaguá;2019;324;6.02;41;1.52;84;1.56;2;0.04;23;0.43;;;282;5.24;6;0.22;3531100
Monte Alegre do Sul;2019;35;4.55;10;2.6;99;12.87;2;0.26;13;1.69;;;225;29.24;2;0.52;3531209
Monte Alto;2019;80;1.66;95;3.94;99;2.05;10;0.21;87;1.8;;;251;5.2;7;0.29;3531308
Monte Aprazível;2019;134;5.75;42;3.6;57;2.44;4;0.17;40;1.72;;;130;5.57;2;0.17;3531407
Monte Azul Paulista;2019;6;0.33;30;3.29;24;1.31;6;0.33;25;1.37;;;74;4.05;2;0.22;3531506
Monte Castelo;2019;21;5.25;3;1.5;13;3.25;;;1;0.25;;;8;2;;;3531605
Monte Mor;2019;112;1.91;38;1.3;60;1.03;12;0.21;28;0.48;;;379;6.48;5;0.17;3531803
Monteiro Lobato;2019;15;3.39;4;1.81;4;0.9;1;0.23;;;;;6;1.35;;;3531704
Monções;2019;5;2.3;3;2.76;6;2.76;;;3;1.38;;;8;3.68;2;1.84;3531001
Morro Agudo;2019;38;1.19;41;2.56;40;1.25;9;0.28;18;0.56;;;127;3.97;3;0.19;3531902
Morungaba;2019;10;0.76;20;3.05;12;0.92;2;0.15;3;0.23;;;45;3.43;;;3532009
Motuca;2019;12;2.61;1;0.43;4;0.87;1;0.22;;;;;24;5.21;;;3532058
Murutinga do Sul;2019;38;8.89;1;0.47;13;3.04;1;0.23;5;1.17;;;24;5.62;2;0.94;3532108
Nantes;2019;12;3.95;;;4;1.32;2;0.66;;;;;2;0.66;;;3532157
Narandiba;2019;41;8.57;1;0.42;10;2.09;3;0.63;2;0.42;;;9;1.88;;;3532207
Natividade da Serra;2019;18;2.69;1;0.3;7;1.05;;;;;;;8;1.2;;;3532306
Nazaré Paulista;2019;41;2.25;11;1.21;18;0.99;1;0.05;5;0.27;;;55;3.02;;;3532405
Neves Paulista;2019;49;5.67;12;2.78;27;3.13;2;0.23;11;1.27;;;60;6.95;;;3532504
Nhandeara;2019;29;2.69;25;4.64;36;3.34;4;0.37;32;2.97;;;56;5.19;;;3532603
Nipoã;2019;3;0.61;4;1.63;3;0.61;;;;;;;17;3.47;;;3532702
Nova Aliança;2019;16;2.5;11;3.44;22;3.44;1;0.16;3;0.47;;;28;4.38;;;3532801
Nova Campina;2019;18;1.89;1;0.21;5;0.52;;;;;;;8;0.84;;;3532827
Nova Canaã Paulista;2019;1;0.51;2;2.05;7;3.58;;;;;;;6;3.07;;;3532843
Nova Castilho;2019;2;1.71;;;2;1.71;;;;;;;2;1.71;;;3532868
Nova Europa;2019;12;1.13;16;3.02;15;1.41;2;0.19;2;0.19;;;50;4.71;;;3532900
Nova Granada;2019;112;5.4;31;2.99;44;2.12;6;0.29;20;0.96;;;115;5.54;;;3533007
Nova Guataporanga;2019;25;11.42;3;2.74;5;2.28;;;;;;;5;2.28;;;3533106
Nova Independência;2019;29;7.91;3;1.64;9;2.45;;;1;0.27;;;11;3;;;3533205
Nova Luzitânia;2019;4;1;5;2.51;4;1;;;1;0.25;;;9;2.26;1;0.5;3533304
Nova Odessa;2019;192;3.35;62;2.16;76;1.32;8;0.14;32;0.56;;;236;4.11;12;0.42;3533403
Novais;2019;24;4.43;1;0.37;8;1.48;;;1;0.18;;;6;1.11;;;3533254
Novo Horizonte;2019;23;0.59;65;3.36;50;1.29;10;0.26;67;1.73;;;122;3.15;8;0.41;3533502
Nuporanga;2019;7;0.97;9;2.49;17;2.35;1;0.14;5;0.69;;;33;4.57;;;3533601
Ocauçu;2019;23;5.55;5;2.41;10;2.41;1;0.24;;;;;4;0.96;;;3533700
Óleo;2019;12;4.73;2;1.58;3;1.18;;;7;2.76;;;3;1.18;;;3533809
Olímpia;2019;47;0.9;124;4.74;102;1.95;13;0.25;125;2.39;;;179;3.42;12;0.46;3533908
Onda Verde;2019;27;6.44;;;11;2.62;2;0.48;1;0.24;;;50;11.93;1;0.48;3534005
Oriente;2019;60;9.6;;;33;5.28;;;1;0.16;;;48;7.68;;;3534104
Orindiúva;2019;5;0.74;5;1.48;10;1.48;2;0.3;7;1.04;;;27;4;;;3534203
Orlândia;2019;50;1.19;84;4;53;1.26;15;0.36;87;2.07;;;162;3.85;11;0.52;3534302
Osasco;2019;2006;2.95;972;2.86;2101;3.09;133;0.2;568;0.84;;;3696;5.44;80;0.24;3534401
Oscar Bressane;2019;9;3.58;1;0.79;12;4.77;;;;;;;12;4.77;;;3534500
Osvaldo Cruz;2019;133;4.26;65;4.16;86;2.75;5;0.16;54;1.73;;;25;0.8;15;0.96;3534609
Ourinhos;2019;267;2.43;194;3.53;273;2.49;15;0.14;257;2.34;;;471;4.29;23;0.42;3534708
Ouro Verde;2019;38;4.62;4;0.97;10;1.22;1;0.12;1;0.12;;;17;2.07;;;3534807
Ouroeste;2019;23;2.38;19;3.94;37;3.84;9;0.93;14;1.45;;;44;4.56;1;0.21;3534757
Pacaembu;2019;46;3.52;21;3.21;24;1.84;;;9;0.69;;;15;1.15;;;3534906
Palestina;2019;7;0.58;19;3.15;15;1.24;2;0.17;12;1;;;40;3.32;;;3535002
Palmares Paulista;2019;95;7.43;6;0.94;13;1.02;;;1;0.08;;;45;3.52;2;0.31;3535101
Palmeira d'Oeste;2019;4;0.44;16;3.49;14;1.53;7;0.76;7;0.76;;;40;4.36;2;0.44;3535200
Palmital;2019;81;3.76;35;3.25;44;2.04;2;0.09;40;1.86;;;63;2.92;5;0.46;3535309
Panorama;2019;73;4.82;19;2.51;53;3.5;;;8;0.53;;;21;1.39;1;0.13;3535408
Paraguaçu Paulista;2019;119;2.7;71;3.23;84;1.91;6;0.14;56;1.27;;;101;2.3;5;0.23;3535507
Paraibuna;2019;79;4.35;18;1.98;24;1.32;5;0.28;9;0.5;;;35;1.93;2;0.22;3535606
Paraíso;2019;32;5.13;12;3.85;8;1.28;2;0.32;5;0.8;;;23;3.69;;;3535705
Paranapanema;2019;21;1.06;12;1.22;15;0.76;;;8;0.41;;;42;2.13;1;0.1;3535804
Paranapuã;2019;2;0.51;6;3.09;13;3.35;1;0.26;2;0.51;;;22;5.66;;;3535903
Parapuã;2019;39;3.7;19;3.61;23;2.18;;;6;0.57;;;9;0.85;1;0.19;3536000
Pardinho;2019;7;1.11;2;0.63;13;2.06;;;6;0.95;;;32;5.07;;;3536109
PariqueraAçu;2019;201;10.48;20;2.09;156;8.14;2;0.1;49;2.56;;;281;14.66;1;0.1;3536208
Parisi;2019;7;3.41;3;2.92;5;2.44;;;;;;;7;3.41;;;3536257
Patrocínio Paulista;2019;29;2.03;15;2.1;12;0.84;6;0.42;7;0.49;;;53;3.7;1;0.14;3536307
Paulicéia;2019;26;3.68;5;1.42;10;1.42;;;1;0.14;;;11;1.56;;;3536406
Paulínia;2019;234;2.27;232;4.51;329;3.2;44;0.43;306;2.97;;;670;6.51;13;0.25;3536505
Paulistânia;2019;7;3.95;;;2;1.13;;;;;;;10;5.65;;;3536570
Paulo de Faria;2019;18;2.11;12;2.82;13;1.52;2;0.23;6;0.7;;;34;3.99;;;3536604
Pederneiras;2019;55;1.22;50;2.21;74;1.64;11;0.24;46;1.02;;;205;4.54;5;0.22;3536703
Pedra Bela;2019;8;1.35;1;0.34;12;2.02;;;;;;;53;8.91;;;3536802
Pedranópolis;2019;1;0.41;2;1.64;6;2.47;2;0.82;;;;;22;9.04;;;3536901
Pedregulho;2019;29;1.79;19;2.34;22;1.36;7;0.43;12;0.74;;;81;4.99;;;3537008
Pedreira;2019;20;0.43;58;2.52;47;1.02;7;0.15;36;0.78;;;161;3.49;6;0.26;3537107
Pedrinhas Paulista;2019;15;4.99;4;2.66;8;2.66;1;0.33;8;2.66;;;10;3.33;;;3537156
Pedro de Toledo;2019;23;2.11;3;0.55;10;0.92;1;0.09;2;0.18;;;27;2.48;;;3537206
Penápolis;2019;196;3.24;130;4.29;185;3.05;11;0.18;136;2.25;;;243;4.01;12;0.4;3537305
Pereira Barreto;2019;83;3.27;33;2.6;38;1.5;4;0.16;30;1.18;;;66;2.6;1;0.08;3537404
Pereiras;2019;28;3.36;5;1.2;8;0.96;2;0.24;1;0.12;;;11;1.32;;;3537503
Peruíbe;2019;181;2.76;96;2.93;140;2.14;7;0.11;102;1.56;;;259;3.95;10;0.31;3537602
Piacatu;2019;7;1.2;8;2.74;14;2.4;2;0.34;;;;;17;2.91;;;3537701
Piedade;2019;286;5.36;68;2.55;81;1.52;3;0.06;32;0.6;;;129;2.42;2;0.07;3537800
Pilar do Sul;2019;58;2.07;27;1.93;47;1.68;3;0.11;21;0.75;;;80;2.85;;;3537909
Pindamonhangaba;2019;846;5.22;316;3.9;370;2.28;34;0.21;299;1.85;;;689;4.25;18;0.22;3538006
Pindorama;2019;92;5.7;24;2.97;51;3.16;2;0.12;19;1.18;;;53;3.28;1;0.12;3538105
Pinhalzinho;2019;14;0.96;11;1.51;22;1.51;1;0.07;;;;;52;3.56;3;0.41;3538204
Piquerobi;2019;22;6.23;3;1.7;4;1.13;;;;;;;7;1.98;;;3538303
Piquete;2019;31;2.27;11;1.61;40;2.92;2;0.15;5;0.37;;;136;9.94;3;0.44;3538501
Piracaia;2019;59;2.25;40;3.06;30;1.15;2;0.08;24;0.92;;;114;4.36;;;3538600
Piracicaba;2019;745;1.92;1119;5.78;934;2.41;152;0.39;1095;2.83;;;2499;6.45;105;0.54;3538709
Piraju;2019;66;2.31;51;3.57;58;2.03;3;0.1;43;1.5;;;117;4.09;6;0.42;3538808
Pirajuí;2019;61;2.63;43;3.7;46;1.98;4;0.17;32;1.38;;;170;7.32;2;0.17;3538907
Pirangi;2019;20;1.85;25;4.63;25;2.31;3;0.28;12;1.11;;;41;3.79;;;3539004
Pirapora do Bom Jesus;2019;24;1.3;7;0.76;20;1.08;;;2;0.11;;;104;5.62;1;0.11;3539103
Pirapozinho;2019;161;5.97;45;3.34;74;2.74;4;0.15;37;1.37;;;59;2.19;2;0.15;3539202
Pirassununga;2019;47;0.64;187;5.1;217;2.96;22;0.3;166;2.26;;;482;6.57;12;0.33;3539301
Piratininga;2019;47;3.59;30;4.58;50;3.82;12;0.92;23;1.76;;;97;7.4;2;0.31;3539400
Pitangueiras;2019;26;0.68;44;2.3;69;1.8;3;0.08;30;0.78;;;159;4.16;1;0.05;3539509
Planalto;2019;12;2.35;1;0.39;7;1.37;;;;;;;40;7.85;;;3539608
Platina;2019;9;2.59;;;2;0.58;;;;;;;3;0.86;;;3539707
Poá;2019;1530;13.35;128;2.23;353;3.08;12;0.1;36;0.31;;;775;6.76;31;0.54;3539806
Poloni;2019;10;1.77;8;2.84;11;1.95;;;5;0.89;;;16;2.84;;;3539905
Pompéia;2019;57;2.69;40;3.78;58;2.74;9;0.43;27;1.28;;;43;2.03;1;0.09;3540002
Pongaí;2019;8;2.38;5;2.98;13;3.87;1;0.3;1;0.3;;;21;6.25;1;0.6;3540101
Pontal;2019;68;1.4;45;1.86;34;0.7;8;0.17;23;0.47;;;147;3.03;1;0.04;3540200
Pontalinda;2019;2;0.45;3;1.35;8;1.8;1;0.22;2;0.45;;;16;3.6;;;3540259
Pontes Gestal;2019;2;0.79;2;1.58;5;1.98;;;;;;;12;4.75;;;3540309
Populina;2019;5;1.25;9;4.48;14;3.49;4;1;2;0.5;;;28;6.97;1;0.5;3540408
Porangaba;2019;6;0.65;9;1.95;8;0.87;;;2;0.22;;;7;0.76;;;3540507
Porto Feliz;2019;174;3.38;48;1.87;85;1.65;11;0.21;50;0.97;;;114;2.22;4;0.16;3540606
Porto Ferreira;2019;56;1.04;99;3.68;79;1.47;13;0.24;84;1.56;;;222;4.12;9;0.33;3540705
Potim;2019;13;0.63;7;0.68;20;0.97;;;;;;;83;4.04;1;0.1;3540754
Potirendaba;2019;55;3.33;21;2.55;36;2.18;1;0.06;19;1.15;;;65;3.94;1;0.12;3540804
Pracinha;2019;7;2.41;;;3;1.03;;;;;;;1;0.34;;;3540853
Pradópolis;2019;31;1.51;12;1.17;25;1.22;3;0.15;3;0.15;;;51;2.48;;;3540903
Praia Grande;2019;1994;6.4;296;1.9;835;2.68;33;0.11;263;0.84;;;1641;5.27;35;0.22;3541000
Pratânia;2019;8;1.57;2;0.78;3;0.59;1;0.2;2;0.39;;;6;1.18;;;3541059
Presidente Alves;2019;8;1.99;5;2.48;8;1.99;1;0.25;;;;;43;10.68;;;3541109
Presidente Bernardes;2019;155;11.31;32;4.67;57;4.16;5;0.36;26;1.9;;;65;4.74;;;3541208
Presidente Epitácio;2019;121;2.86;67;3.17;44;1.04;5;0.12;44;1.04;;;49;1.16;6;0.28;3541307
Presidente Prudente;2019;1365;6.21;677;6.16;824;3.75;130;0.59;1564;7.12;;;682;3.1;54;0.49;3541406
Presidente Venceslau;2019;183;4.82;70;3.68;79;2.08;13;0.34;88;2.32;;;59;1.55;3;0.16;3541505
Promissão;2019;185;4.71;91;4.63;79;2.01;5;0.13;46;1.17;;;152;3.87;5;0.25;3541604
Quadra;2019;3;0.82;;;1;0.27;;;;;;;8;2.18;;;3541653
Quatá;2019;13;0.94;12;1.74;28;2.03;6;0.43;8;0.58;;;26;1.88;;;3541703
Queiroz;2019;6;1.86;3;1.86;8;2.48;1;0.31;1;0.31;;;4;1.24;;;3541802
Queluz;2019;6;0.48;4;0.64;12;0.96;1;0.08;3;0.24;;;45;3.59;;;3541901
Quintana;2019;35;5.43;8;2.48;9;1.4;;;1;0.16;;;7;1.09;;;3542008
Rafard;2019;14;1.57;5;1.12;16;1.79;1;0.11;2;0.22;;;19;2.13;;;3542107
Rancharia;2019;49;1.7;44;3.05;59;2.05;5;0.17;41;1.42;;;138;4.79;2;0.14;3542206
Redenção da Serra;2019;12;3.13;4;2.08;7;1.82;;;2;0.52;;;7;1.82;1;0.52;3542305
Regente Feijó;2019;135;6.96;24;2.47;57;2.94;4;0.21;31;1.6;;;58;2.99;2;0.21;3542404
Reginópolis;2019;17;2.35;9;2.49;19;2.63;1;0.14;10;1.38;;;29;4.01;;;3542503
Registro;2019;183;3.38;86;3.17;147;2.71;13;0.24;138;2.55;;;237;4.37;5;0.18;3542602
Restinga;2019;20;2.7;6;1.62;6;0.81;;;;;;;32;4.32;1;0.27;3542701
Ribeira;2019;11;3.39;2;1.23;2;0.62;;;1;0.31;;;2;0.62;;;3542800
Ribeirão Bonito;2019;24;1.86;16;2.49;20;1.55;;;4;0.31;;;60;4.66;;;3542909
Ribeirão Branco;2019;46;2.6;7;0.79;28;1.58;1;0.06;2;0.11;;;42;2.37;;;3543006
Ribeirão Corrente;2019;10;2.16;;;5;1.08;;;;;;;15;3.24;;;3543105
Ribeirão do Sul;2019;17;3.89;2;0.92;13;2.98;;;2;0.46;;;19;4.35;;;3543204
Ribeirão dos Índios;2019;6;2.8;1;0.93;3;1.4;1;0.47;2;0.93;;;10;4.66;;;3543238
Ribeirão Grande;2019;27;3.6;2;0.53;8;1.07;;;2;0.27;;;12;1.6;;;3543253
Ribeirão Pires;2019;745;6.29;155;2.62;297;2.51;20;0.17;145;1.22;;;781;6.59;17;0.29;3543303
Ribeirão Preto;2019;3428;5.07;2422;7.16;2760;4.08;323;0.48;4958;7.33;;;3633;5.37;148;0.44;3543402
Rifaina;2019;5;1.44;2;1.15;8;2.31;2;0.58;;;;;16;4.62;1;0.58;3543600
Rincão;2019;15;1.43;20;3.81;14;1.34;3;0.29;3;0.29;;;91;8.68;1;0.19;3543709
Rinópolis;2019;9;0.92;11;2.26;15;1.54;2;0.21;9;0.92;;;22;2.26;2;0.41;3543808
Rio Claro;2019;282;1.41;413;4.13;432;2.16;72;0.36;462;2.31;;;1162;5.82;32;0.32;3543907
Rio das Pedras;2019;48;1.41;44;2.59;57;1.68;4;0.12;33;0.97;;;241;7.1;4;0.24;3544004
Rio Grande da Serra;2019;295;5.99;9;0.37;86;1.75;2;0.04;4;0.08;;;275;5.59;1;0.04;3544103
Riolândia;2019;17;1.5;8;1.41;28;2.47;4;0.35;11;0.97;;;27;2.38;;;3544202
Riversul;2019;17;2.96;6;2.09;7;1.22;;;2;0.35;;;9;1.57;;;3543501
Rosana;2019;70;3.79;27;2.92;56;3.03;3;0.16;38;2.06;;;102;5.52;2;0.22;3544251
Roseira;2019;15;1.42;13;2.47;16;1.52;1;0.09;3;0.28;;;53;5.03;1;0.19;3544301
Rubiácea;2019;12;3.91;;;3;0.98;;;;;;;3;0.98;;;3544400
Rubinéia;2019;8;2.69;3;2.01;8;2.69;1;0.34;;;;;14;4.7;1;0.67;3544509
Sabino;2019;4;0.73;12;4.41;6;1.1;;;;;;;17;3.12;1;0.37;3544608
Sagres;2019;16;6.77;;;3;1.27;;;1;0.42;;;2;0.85;;;3544707
Sales;2019;3;0.5;13;4.34;10;1.67;1;0.17;2;0.33;;;18;3;;;3544806
Sales Oliveira;2019;17;1.49;20;3.5;23;2.01;9;0.79;21;1.84;;;62;5.42;;;3544905
Salesópolis;2019;52;3.11;21;2.51;22;1.32;2;0.12;7;0.42;;;76;4.55;2;0.24;3545001
Salmourão;2019;13;2.56;3;1.18;7;1.38;;;1;0.2;;;5;0.98;;;3545100
Saltinho;2019;15;1.93;6;1.54;13;1.67;4;0.51;2;0.26;;;32;4.11;1;0.26;3545159
Salto;2019;442;3.86;128;2.24;225;1.97;27;0.24;139;1.22;;;474;4.14;11;0.19;3545209
Salto de Pirapora;2019;326;7.44;33;1.51;84;1.92;1;0.02;14;0.32;;;236;5.38;2;0.09;3545308
Salto Grande;2019;46;5.08;5;1.1;15;1.66;2;0.22;1;0.11;;;74;8.17;;;3545407
Sandovalina;2019;21;5.05;1;0.48;10;2.4;;;;;;;8;1.92;1;0.48;3545506
Santa Adélia;2019;78;5.26;21;2.83;29;1.95;;;4;0.27;;;44;2.96;1;0.13;3545605
Santa Albertina;2019;1;0.18;12;4.23;16;2.82;2;0.35;4;0.7;;;39;6.87;;;3545704
Santa Bárbara d'Oeste;2019;362;1.93;192;2.04;255;1.36;23;0.12;160;0.85;;;1046;5.57;20;0.21;3545803
Santa Branca;2019;47;3.32;15;2.12;16;1.13;3;0.21;8;0.57;;;57;4.03;1;0.14;3546009
Santa Clara d'Oeste;2019;2;0.99;1;0.99;7;3.47;;;;;;;7;3.47;1;0.99;3546108
Santa Cruz da Conceição;2019;3;0.7;2;0.93;7;1.62;;;1;0.23;;;24;5.56;1;0.46;3546207
Santa Cruz da Esperança;2019;7;3.39;1;0.97;;;;;4;1.94;;;13;6.3;;;3546256
Santa Cruz das Palmeiras;2019;32;0.96;48;2.88;47;1.41;7;0.21;24;0.72;;;85;2.55;6;0.36;3546306
Santa Cruz do Rio Pardo;2019;124;2.7;87;3.79;98;2.14;13;0.28;92;2;;;139;3.03;4;0.17;3546405
Santa Ernestina;2019;34;6.15;7;2.53;12;2.17;;;1;0.18;;;40;7.24;1;0.36;3546504
Santa Fé do Sul;2019;52;1.7;127;8.29;127;4.14;4;0.13;82;2.68;;;137;4.47;11;0.72;3546603
Santa Gertrudes;2019;28;1.09;7;0.54;19;0.74;1;0.04;2;0.08;;;111;4.32;;;3546702
Santa Isabel;2019;298;5.45;70;2.56;120;2.2;6;0.11;28;0.51;;;239;4.37;6;0.22;3546801
Santa Lúcia;2019;23;2.7;1;0.23;16;1.88;;;2;0.23;;;67;7.85;;;3546900
Santa Maria da Serra;2019;7;1.15;4;1.32;11;1.81;;;2;0.33;;;18;2.97;;;3547007
Santa Mercedes;2019;17;6.04;;;8;2.84;;;;;;;6;2.13;;;3547106
Santa Rita d'Oeste;2019;2;0.83;4;3.31;8;3.31;1;0.41;;;;;13;5.38;;;3547403
Santa Rita do Passa Quatro;2019;159;6.02;47;3.56;78;2.95;8;0.3;53;2.01;;;220;8.33;3;0.23;3547502
Santa Rosa de Viterbo;2019;61;2.4;31;2.44;25;0.98;6;0.24;15;0.59;;;45;1.77;2;0.16;3547601
Santa Salete;2019;1;0.69;1;1.39;2;1.39;1;0.69;;;;;9;6.25;;;3547650
Santana da Ponte Pensa;2019;3;1.97;;;6;3.95;;;1;0.66;;;8;5.26;;;3547205
Santana de Parnaíba;2019;150;1.11;477;7.06;251;1.86;48;0.36;671;4.96;;;416;3.08;11;0.16;3547304
Santo Anastácio;2019;104;5.16;39;3.87;29;1.44;5;0.25;25;1.24;;;72;3.57;;;3547700
Santo André;2019;4206;6.08;2019;5.83;3159;4.56;238;0.34;2273;3.28;;;3525;5.09;179;0.52;3547809
Santo Antônio da Alegria;2019;13;1.97;10;3.03;13;1.97;1;0.15;2;0.3;;;20;3.03;1;0.3;3547908
Santo Antônio de Posse;2019;12;0.53;26;2.3;20;0.88;1;0.04;10;0.44;;;97;4.29;1;0.09;3548005
Santo Antônio do Aracanguá;2019;36;4.39;7;1.71;18;2.2;2;0.24;;;;;6;0.73;;;3548054
Santo Antônio do Jardim;2019;16;2.74;2;0.69;6;1.03;;;3;0.51;;;14;2.4;;;3548104
Santo Antônio do Pinhal;2019;32;4.84;6;1.81;7;1.06;;;7;1.06;;;14;2.12;;;3548203
Santo Expedito;2019;25;8.46;2;1.35;7;2.37;1;0.34;1;0.34;;;7;2.37;;;3548302
Santópolis do Aguapeí;2019;12;2.59;2;0.86;12;2.59;;;2;0.43;;;15;3.24;;;3548401
Santos;2019;1803;4.22;2143;10.02;1897;4.44;281;0.66;3531;8.26;;;2204;5.15;122;0.57;3548500
São Bento do Sapucaí;2019;6;0.57;10;1.9;16;1.52;1;0.1;13;1.24;;;43;4.09;1;0.19;3548609
São Bernardo do Campo;2019;4334;5.36;1721;4.26;2830;3.5;276;0.34;1507;1.87;;;4610;5.71;151;0.37;3548708
São Caetano do Sul;2019;629;4.16;807;10.68;763;5.05;102;0.67;938;6.21;;;537;3.55;54;0.71;3548807
São Carlos;2019;683;2.84;580;4.82;653;2.71;81;0.34;681;2.83;;;1127;4.68;37;0.31;3548906
São Francisco;2019;5;1.86;2;1.49;4;1.49;1;0.37;1;0.37;;;12;4.46;;;3549003
São João da Boa Vista;2019;299;3.44;204;4.69;280;3.22;22;0.25;291;3.34;;;418;4.8;25;0.57;3549102
São João das Duas Pontes;2019;7;2.82;2;1.61;5;2.01;;;3;1.21;;;11;4.43;;;3549201
São João de Iracema;2019;5;2.71;1;1.08;5;2.71;;;;;;;5;2.71;1;1.08;3549250
São João do Pau d'Alho;2019;10;5.01;2;2.01;8;4.01;;;;;;;1;0.5;;;3549300
São Joaquim da Barra;2019;127;2.54;99;3.97;67;1.34;14;0.28;99;1.98;;;182;3.65;8;0.32;3549409
São José da Bela Vista;2019;10;1.15;8;1.84;8;0.92;1;0.12;2;0.23;;;44;5.06;;;3549508
São José do Barreiro;2019;11;2.7;5;2.46;7;1.72;;;2;0.49;;;5;1.23;;;3549607
São José do Rio Pardo;2019;86;1.62;108;4.07;96;1.81;8;0.15;162;3.05;;;352;6.63;13;0.49;3549706
São José do Rio Preto;2019;1888;4.25;1394;6.27;1951;4.39;154;0.35;3042;6.85;;;2877;6.47;99;0.45;3549805
São José dos Campos;2019;2745;3.91;1983;5.64;1992;2.83;235;0.33;2793;3.97;;;3264;4.64;112;0.32;3549904
São Lourenço da Serra;2019;83;5.39;13;1.69;28;1.82;4;0.26;4;0.26;;;53;3.44;;;3549953
São Luiz do Paraitinga;2019;35;3.32;4;0.76;14;1.33;;;5;0.47;;;27;2.56;;;3550001
São Manuel;2019;45;1.14;63;3.19;102;2.59;10;0.25;46;1.17;;;190;4.82;5;0.25;3550100
São Miguel Arcanjo;2019;42;1.32;30;1.88;37;1.16;1;0.03;12;0.38;;;102;3.19;1;0.06;3550209
São Paulo;2019;72516;6.14;32006;5.42;47688;4.04;4423;0.37;64840;5.49;;;54326;4.6;2017;0.34;3550308
São Pedro;2019;72;2.12;52;3.06;37;1.09;4;0.12;34;1;;;128;3.77;;;3550407
São Pedro do Turvo;2019;23;3.13;5;1.36;9;1.22;1;0.14;2;0.27;;;30;4.08;;;3550506
São Roque;2019;162;1.87;166;3.83;175;2.02;27;0.31;204;2.35;;;387;4.47;13;0.3;3550605
São Sebastião;2019;307;3.58;127;2.96;193;2.25;12;0.14;128;1.49;;;311;3.62;11;0.26;3550704
São Sebastião da Grama;2019;8;0.67;18;3.01;13;1.09;;;8;0.67;;;58;4.86;1;0.17;3550803
São Simão;2019;34;2.3;21;2.84;21;1.42;2;0.14;9;0.61;;;34;2.3;4;0.54;3550902
São Vicente;2019;1952;5.49;303;1.71;723;2.03;47;0.13;172;0.48;;;2031;5.72;42;0.24;3551009
Sarapuí;2019;31;3.1;5;1;8;0.8;1;0.1;3;0.3;;;26;2.6;1;0.2;3551108
Sarutaiá;2019;31;8.51;2;1.1;2;0.55;;;;;;;8;2.2;;;3551207
Sebastianópolis do Sul;2019;15;4.59;4;2.45;16;4.89;2;0.61;;;;;9;2.75;1;0.61;3551306
Serra Azul;2019;29;2.38;7;1.15;21;1.72;;;2;0.16;;;36;2.96;2;0.33;3551405
Serra Negra;2019;15;0.55;63;4.61;47;1.72;15;0.55;61;2.23;;;119;4.35;4;0.29;3551603
Serrana;2019;71;1.62;27;1.23;31;0.71;2;0.05;8;0.18;;;180;4.1;2;0.09;3551504
Sertãozinho;2019;381;3.14;217;3.58;177;1.46;38;0.31;162;1.34;;;593;4.89;7;0.12;3551702
Sete Barras;2019;25;1.98;3;0.47;20;1.58;1;0.08;5;0.4;;;31;2.45;1;0.16;3551801
Severínia;2019;16;0.94;13;1.53;29;1.71;3;0.18;9;0.53;;;157;9.25;2;0.24;3551900
Silveiras;2019;12;1.95;5;1.62;11;1.79;1;0.16;6;0.97;;;28;4.54;;;3552007
Socorro;2019;33;0.86;91;4.72;57;1.48;11;0.29;53;1.37;;;130;3.37;7;0.36;3552106
Sorocaba;2019;3272;5.02;1518;4.66;2151;3.3;196;0.3;2688;4.13;;;3669;5.63;92;0.28;3552205
Sud Mennucci;2019;20;2.6;7;1.82;14;1.82;1;0.13;3;0.39;;;19;2.47;;;3552304
Sumaré;2019;808;2.89;219;1.57;483;1.73;47;0.17;109;0.39;;;1685;6.04;26;0.19;3552403
Suzanápolis;2019;4;1.03;3;1.54;6;1.54;2;0.51;1;0.26;;;10;2.57;;;3552551
Suzano;2019;2868;9.95;490;3.4;749;2.6;41;0.14;295;1.02;;;1656;5.75;65;0.45;3552502
Tabapuã;2019;72;6.08;17;2.87;17;1.43;3;0.25;9;0.76;;;23;1.94;2;0.34;3552601
Tabatinga;2019;22;1.39;39;4.94;27;1.71;2;0.13;28;1.77;;;58;3.68;;;3552700
Taboão da Serra;2019;1624;5.8;237;1.69;1201;4.29;31;0.11;118;0.42;;;1788;6.39;36;0.26;3552809
Taciba;2019;55;9.14;1;0.33;13;2.16;1;0.17;2;0.33;;;38;6.31;;;3552908
Taguaí;2019;19;1.45;8;1.22;16;1.22;1;0.08;5;0.38;;;30;2.29;;;3553005
Taiaçu;2019;5;0.83;5;1.66;15;2.49;;;2;0.33;;;22;3.65;;;3553104
Taiúva;2019;3;0.48;17;5.41;22;3.5;;;16;2.54;;;42;6.68;4;1.27;3553203
Tambaú;2019;64;2.81;20;1.76;42;1.85;4;0.18;28;1.23;;;105;4.61;3;0.26;3553302
Tanabi;2019;132;5.28;44;3.52;58;2.32;3;0.12;30;1.2;;;185;7.4;3;0.24;3553401
Tapiraí;2019;33;4.28;2;0.52;10;1.3;;;2;0.26;;;13;1.68;;;3553500
Tapiratiba;2019;17;1.35;22;3.49;23;1.82;2;0.16;9;0.71;;;90;7.13;1;0.16;3553609
Taquaral;2019;2;0.73;3;2.18;12;4.37;;;1;0.36;;;27;9.83;;;3553658
Taquaritinga;2019;129;2.37;86;3.16;109;2;8;0.15;92;1.69;;;326;5.99;2;0.07;3553708
Taquarituba;2019;52;2.25;33;2.86;40;1.73;5;0.22;24;1.04;;;31;1.34;1;0.09;3553807
Taquarivaí;2019;3;0.53;;;3;0.53;;;;;;;10;1.76;;;3553856
Tarabai;2019;48;6.66;5;1.39;20;2.78;2;0.28;4;0.56;;;28;3.89;;;3553906
Tarumã;2019;50;3.42;5;0.68;18;1.23;;;2;0.14;;;44;3.01;1;0.14;3553955
Tatuí;2019;377;3.17;196;3.3;253;2.13;23;0.19;214;1.8;;;538;4.53;23;0.39;3554003
Taubaté;2019;1416;4.65;904;5.94;1115;3.66;92;0.3;1242;4.08;;;1362;4.47;69;0.45;3554102
Tejupá;2019;2;0.43;1;0.43;4;0.85;;;;;;;9;1.91;;;3554201
Teodoro Sampaio;2019;40;1.79;27;2.42;40;1.79;4;0.18;22;0.99;;;64;2.87;;;3554300
Terra Roxa;2019;10;1.1;13;2.87;19;2.1;;;6;0.66;;;62;6.84;;;3554409
Tietê;2019;78;1.92;86;4.23;58;1.43;9;0.22;78;1.92;;;36;0.89;11;0.54;3554508
Timburi;2019;10;3.9;;;6;2.34;1;0.39;;;;;7;2.73;;;3554607
Torre de Pedra;2019;2;0.86;;;2;0.86;1;0.43;;;;;9;3.89;;;3554656
Torrinha;2019;14;1.45;20;4.13;15;1.55;1;0.1;9;0.93;;;29;3;;;3554706
Trabiju;2019;3;1.78;2;2.37;2;1.19;;;;;;;8;4.74;;;3554755
Tremembé;2019;243;5.34;125;5.49;126;2.77;8;0.18;203;4.46;;;157;3.45;6;0.26;3554805
Três Fronteiras;2019;6;1.08;8;2.89;13;2.35;2;0.36;4;0.72;;;19;3.43;1;0.36;3554904
Tuiuti;2019;4;0.62;4;1.23;7;1.08;;;;;;;30;4.62;;;3554953
Tupã;2019;482;7.66;133;4.23;187;2.97;16;0.25;178;2.83;;;76;1.21;12;0.38;3555000
Tupi Paulista;2019;122;8.21;30;4.04;63;4.24;3;0.2;37;2.49;;;32;2.15;2;0.27;3555109
Turiúba;2019;8;4.18;2;2.09;5;2.61;;;2;1.04;;;5;2.61;1;1.04;3555208
Turmalina;2019;4;2.2;4;4.39;2;1.1;2;1.1;;;;;12;6.59;;;3555307
Ubarana;2019;10;1.67;;;3;0.5;1;0.17;;;;;17;2.84;1;0.33;3555356
Ubatuba;2019;81;0.92;145;3.3;187;2.13;12;0.14;127;1.45;;;435;4.95;3;0.07;3555406
Ubirajara;2019;30;6.47;9;3.88;13;2.8;1;0.22;2;0.43;;;24;5.17;;;3555505
Uchoa;2019;32;3.31;13;2.69;31;3.21;1;0.1;6;0.62;;;53;5.48;1;0.21;3555604
União Paulista;2019;;;;;4;2.32;;;;;;;7;4.06;;;3555703
Urânia;2019;17;1.97;10;2.32;35;4.05;1;0.12;9;1.04;;;50;5.79;1;0.23;3555802
Uru;2019;4;3.3;2;3.3;5;4.13;;;;;;;9;7.43;;;3555901
Urupês;2019;26;1.98;27;4.12;22;1.68;;;12;0.91;;;24;1.83;3;0.46;3556008
Valentim Gentil;2019;11;0.87;16;2.54;29;2.3;6;0.48;8;0.63;;;61;4.84;;;3556107
Valinhos;2019;160;1.3;334;5.42;323;2.62;64;0.52;539;4.37;;;553;4.49;11;0.18;3556206
Valparaíso;2019;137;5.74;23;1.93;44;1.84;4;0.17;25;1.05;;;71;2.98;1;0.08;3556305
Vargem;2019;15;1.52;5;1.01;15;1.52;;;;;;;45;4.55;1;0.2;3556354
Vargem Grande do Sul;2019;123;2.98;50;2.42;49;1.19;7;0.17;50;1.21;;;186;4.51;2;0.1;3556404
Vargem Grande Paulista;2019;180;3.48;74;2.86;174;3.36;6;0.12;64;1.24;;;245;4.73;6;0.23;3556453
Várzea Paulista;2019;400;3.35;32;0.54;173;1.45;8;0.07;6;0.05;;;385;3.23;15;0.25;3556503
Vera Cruz;2019;70;6.64;25;4.74;35;3.32;4;0.38;8;0.76;;;46;4.36;2;0.38;3556602
Vinhedo;2019;60;0.79;190;4.99;147;1.93;46;0.6;265;3.48;;;248;3.26;7;0.18;3556701
Viradouro;2019;20;1.1;22;2.41;41;2.25;2;0.11;15;0.82;;;65;3.56;3;0.33;3556800
Vista Alegre do Alto;2019;6;0.76;13;3.29;12;1.52;2;0.25;5;0.63;;;13;1.64;;;3556909
Vitória Brasil;2019;2;1.14;3;3.41;1;0.57;2;1.14;;;;;9;5.12;1;1.14;3556958
Votorantim;2019;560;4.72;112;1.89;304;2.56;12;0.1;131;1.1;;;642;5.41;5;0.08;3557006
Votuporanga;2019;250;2.74;209;4.59;303;3.33;29;0.32;299;3.28;;;427;4.69;18;0.4;3557105
Zacarias;2019;1;0.39;1;0.79;7;2.76;;;3;1.18;;;9;3.54;;;3557154
