"Localidades";"Períodos";"Rendimento Médio do Total de Empregos Formais (Em reais correntes)";"Rendimento Médio dos Empregos Formais da Agricultura, Pecuária, Produção Florestal, Pesca e Aquicultura (Em reais correntes)";"Rendimento Médio dos Empregos Formais da Indústria (Em reais correntes)";"Rendimento Médio dos Empregos Formais da Construção (Em reais correntes)";"Rendimento Médio dos Empregos Formais do Comércio Atacadista e Varejista e do Comércio e Reparação de Veículos Automotores e Motocicletas (Em reais correntes)";"Rendimento Médio dos Empregos Formais dos Serviços (Em reais correntes)";"Cód. IBGE"
"Adamantina";"2018";"2184,14";"2569,04";"2105,42";"2017,58";"1990,88";"2303,23";3500105
"Adolfo";"2018";"1966,98";"1841,13";"2889,24";"1118,69";"1692,61";"2056,99";3500204
"Aguaí";"2018";"2463,05";"1892,57";"3091,45";"1676,18";"1785,43";"2644,7";3500303
"Águas da Prata";"2018";"2108,86";"1726,11";"2613,46";"1607,99";"1609,34";"2321,53";3500402
"Águas de Lindóia";"2018";"2091,51";"1285,26";"1955,44";"1542,61";"1730,17";"2256,87";3500501
"Águas de Santa Bárbara";"2018";"1997,29";"1634,24";"2054,46";"1678,05";"1575,06";"2737,5";3500550
"Águas de São Pedro";"2018";"2166,4";"1390,44";"2565,26";"1550,47";"1815,15";"2275,41";3500600
"Agudos";"2018";"2434,36";"2421,87";"3563,29";"1806,69";"1770,77";"2078,51";3500709
"Alambari";"2018";"1842,63";"1552,58";"1654,03";"1596,84";"1537,76";"2251,92";3500758
"Alfredo Marcondes";"2018";"2258,23";"1717,64";"1811,38";"3483,74";"2132,05";"2872,38";3500808
"Altair";"2018";"2525,44";"2567,7";"4425,58";"-";"1658,85";"2640,52";3500907
"Altinópolis";"2018";"1962,17";"1795,65";"2155,03";"1349,13";"1760,35";"2277,5";3501004
"Alto Alegre";"2018";"2208,09";"1604,97";"2457";"2001,31";"1718,43";"2559,1";3501103
"Alumínio";"2018";"4069,31";"1566,67";"4720,53";"2076,43";"1821,03";"2998,83";3501152
"Álvares Florence";"2018";"2006,93";"1771,33";"1908,16";"-";"1625,55";"2136,83";3501202
"Álvares Machado";"2018";"2440,18";"1431,67";"3439,14";"2170,2";"1767,8";"2295";3501301
"Álvaro de Carvalho";"2018";"2230,05";"1627,91";"2716,09";"3415,6";"1757,84";"2452";3501400
"Alvinlândia";"2018";"2070,94";"1771,48";"2107,2";"1549,38";"1562,34";"2302,27";3501509
"Americana";"2018";"2873,93";"2089,51";"3311,54";"2879,09";"2295,37";"2843,06";3501608
"Américo Brasiliense";"2018";"2663,38";"1468,03";"2923,3";"2212,36";"1757,17";"2823,95";3501707
"Américo de Campos";"2018";"2053,55";"1710,28";"1625,79";"2458,61";"1686,08";"2238,67";3501806
"Amparo";"2018";"2624,95";"1905,05";"3072,44";"1991,95";"1996,18";"2480,61";3501905
"Analândia";"2018";"2314,88";"1790,01";"3148,19";"1227,55";"1804,05";"2441,19";3502002
"Andradina";"2018";"2271,01";"2095,21";"2610,29";"1543,9";"1839,57";"2352,3";3502101
"Angatuba";"2018";"2414,56";"2069,56";"3511,39";"2381,99";"1624,33";"2645,88";3502200
"Anhembi";"2018";"2038,43";"1638,2";"2479";"-";"1640,59";"2345,7";3502309
"Anhumas";"2018";"2019,89";"1540,99";"2248,75";"1427";"1577,03";"2227,92";3502408
"Aparecida";"2018";"2001,77";"1366,91";"1997,89";"1816,32";"1642,39";"2135,79";3502507
"Aparecida d'Oeste";"2018";"1901,23";"1427,06";"1820,48";"1551";"1529,39";"2220,61";3502606
"Apiaí";"2018";"1909,05";"1280,07";"3135,46";"1638,53";"1573,24";"2115,34";3502705
"Aramina";"2018";"1965,82";"2005,8";"1741,45";"1528,88";"1607,22";"2128,01";3503000
"Arandu";"2018";"1760,2";"1718,89";"1251";"1416,92";"1716,96";"1841,4";3503109
"Arapeí";"2018";"1659,16";"1278,68";"3231,37";"-";"1414,41";"1736,36";3503158
"Araraquara";"2018";"2707,7";"1896,65";"3261,58";"2394,5";"2058,85";"2824,51";3503208
"Araras";"2018";"2818,79";"2413,46";"3393,67";"2562,77";"2040,44";"2776,67";3503307
"Araçariguama";"2018";"2906,71";"1713,48";"3820,28";"3015,58";"2184,5";"2195,42";3502754
"Araçatuba";"2018";"2536,9";"2193,52";"2647,35";"2420,67";"2150,41";"2734,06";3502804
"Araçoiaba da Serra";"2018";"2236,62";"1565,56";"2666,63";"2451,63";"1807,6";"2265,39";3502903
"Arco-Íris";"2018";"1985,78";"1558,53";"1746,76";"1556,98";"1524,62";"2199,06";3503356
"Arealva";"2018";"1796,96";"1693,11";"1486,62";"2030,06";"1676,63";"2078,37";3503406
"Areias";"2018";"1511,79";"1300,72";"934,2";"-";"1437,53";"1695,05";3503505
"Areiópolis";"2018";"2175,51";"2342,13";"2342,48";"1803,58";"1690,64";"2276,35";3503604
"Ariranha";"2018";"3257,08";"3525,69";"3737,09";"1547,46";"1665,28";"2107,01";3503703
"Artur Nogueira";"2018";"2438,87";"1837,43";"2864,17";"2108,75";"1912,25";"2628,35";3503802
"Arujá";"2018";"2895,72";"1636,99";"3371,47";"2729,83";"2277,86";"2804,72";3503901
"Aspásia";"2018";"2106,3";"1458,99";"6055,29";"-";"1679,06";"2192,89";3503950
"Assis";"2018";"2495,13";"1781,83";"2760,07";"2274,36";"2106,92";"2788,13";3504008
"Atibaia";"2018";"2702,25";"1321,36";"3511,46";"2244,15";"2174,14";"2655,78";3504107
"Auriflama";"2018";"1933,77";"1555,17";"1590,41";"1496,31";"1602,16";"2693,32";3504206
"Avaí";"2018";"1862,25";"1653,47";"2294,9";"-";"1684,1";"2034,59";3504305
"Avanhandava";"2018";"2416,61";"1483,88";"2722,87";"1587,93";"1596,12";"2534,35";3504404
"Avaré";"2018";"2143,38";"1744,72";"2259,42";"2505,09";"1914,23";"2333,82";3504503
"Bady Bassitt";"2018";"2375,6";"2115,81";"2032,8";"2303,41";"1974,67";"2765,27";3504602
"Balbinos";"2018";"1905,27";"1900,43";"1771,03";"-";"1420,2";"1967,41";3504701
"Bálsamo";"2018";"2460,5";"1744,13";"2791,51";"1764,14";"1731,59";"2803,66";3504800
"Bananal";"2018";"1980,55";"1391,35";"2625,32";"2379,44";"1629,21";"2012,67";3504909
"Barão de Antonina";"2018";"1718,97";"1587,63";"1193,97";"2897,67";"1402,21";"2342,14";3505005
"Barbosa";"2018";"1902,09";"1644,17";"1609,66";"1875,65";"1524,51";"2134,7";3505104
"Bariri";"2018";"2192,33";"1788,72";"2366,78";"1828,49";"1845,04";"2320,36";3505203
"Barra Bonita";"2018";"2504,59";"2182,44";"2797,83";"1789,65";"1800,77";"2569,81";3505302
"Barra do Chapéu";"2018";"1479,04";"1275,31";"3800,7";"2128,21";"1382,56";"1718,55";3505351
"Barra do Turvo";"2018";"2001,39";"1394,96";"2867,41";"981,42";"1752,83";"2130,91";3505401
"Barretos";"2018";"2628,82";"2191,76";"3105,05";"3095,06";"1957,72";"2771,43";3505500
"Barrinha";"2018";"2155,03";"2392,34";"2485,91";"2311,17";"1965,16";"2156,08";3505609
"Barueri";"2018";"4139,48";"2803,11";"4091,69";"2755,25";"4750,14";"4081,63";3505708
"Bastos";"2018";"1937,04";"1772,23";"2287,42";"2180,06";"1700,72";"2078,59";3505807
"Batatais";"2018";"2701,87";"1884,48";"3408,77";"2484,1";"1845,53";"2678,58";3505906
"Bauru";"2018";"2756,89";"1806,27";"3017,49";"2922,02";"2118,5";"2952,76";3506003
"Bebedouro";"2018";"2284,63";"1501,48";"2643,23";"2478,57";"2381,64";"2695,94";3506102
"Bento de Abreu";"2018";"3020,18";"2261,03";"3259,55";"-";"1453,86";"2834,18";3506201
"Bernardino de Campos";"2018";"2057,9";"2044,42";"1943,5";"1739,73";"1830,12";"2281,77";3506300
"Bertioga";"2018";"3122,25";"1966,25";"2904,09";"2241,29";"2007,34";"3620,55";3506359
"Bilac";"2018";"2194,52";"2088,07";"1999,05";"1930,29";"1871,64";"2591,2";3506409
"Birigui";"2018";"2199,59";"2347,01";"2020,37";"1921,54";"1887,41";"2700,58";3506508
"Biritiba Mirim";"2018";"2031,41";"1628,63";"3818,02";"1621,1";"1664,28";"2291,16";3506607
"Boa Esperança do Sul";"2018";"2001,95";"2187,98";"1650,11";"1505,56";"1782,97";"1867,56";3506706
"Bocaina";"2018";"2472,25";"2075,82";"2649,6";"1564,98";"1667,74";"2405,72";3506805
"Bofete";"2018";"2218,97";"2235,62";"2582,95";"2292,77";"1722,8";"2255,6";3506904
"Boituva";"2018";"2856,6";"2268,03";"2809,11";"2825,79";"2049,47";"3205,73";3507001
"Bom Jesus dos Perdões";"2018";"2382,79";"1449,68";"2399,28";"1395,37";"2016,28";"2606,23";3507100
"Bom Sucesso de Itararé";"2018";"1980,75";"1348,76";"2735,49";"2464,1";"1415,3";"2341,46";3507159
"Borá";"2018";"2919,64";"1953,14";"2978,68";"-";"1925,57";"2755,78";3507209
"Boracéia";"2018";"2436,62";"2482,16";"2097,69";"1577,85";"2314,99";"3127,4";3507308
"Borborema";"2018";"1892,11";"1705,98";"1692,58";"1446,53";"1768,21";"2141,93";3507407
"Borebi";"2018";"2050,36";"1655,15";"1890,76";"1476";"1795,11";"2720,46";3507456
"Botucatu";"2018";"3015,35";"1667,98";"3410,49";"1839,71";"1881,33";"3604,26";3507506
"Bragança Paulista";"2018";"2625,63";"2759,81";"2988,93";"1909,01";"2092,48";"2753,04";3507605
"Braúna";"2018";"2548,31";"1813,01";"1908,95";"1674,2";"1506,36";"3425,73";3507704
"Brejo Alegre";"2018";"2643,58";"2860,53";"3359,89";"1707,97";"1691,82";"2473,67";3507753
"Brodowski";"2018";"2025,23";"1533,05";"1974,49";"1904,02";"1893,21";"2250,79";3507803
"Brotas";"2018";"2493,6";"2100,63";"2994,51";"2052,05";"1784,4";"2758,77";3507902
"Buri";"2018";"1741,64";"1591,63";"1955,5";"1385,82";"1593,8";"2010,16";3508009
"Buritama";"2018";"2416,48";"1713,49";"2902,21";"2321,68";"1634,79";"2591,93";3508108
"Buritizal";"2018";"3182,25";"1773,79";"3518,78";"1440,87";"1657,31";"3199,24";3508207
"Cabrália Paulista";"2018";"2033,77";"1805,8";"1681,8";"958,92";"1515,01";"2710,27";3508306
"Cabreúva";"2018";"3067,05";"2031,15";"3530,32";"1918,03";"2573,13";"2752,16";3508405
"Cachoeira Paulista";"2018";"2165,42";"1361,32";"2986,19";"2156,3";"1688,19";"2255,13";3508603
"Caconde";"2018";"1817,08";"1311,62";"1570,57";"1643,06";"1920,12";"1997,68";3508702
"Cafelândia";"2018";"2033,05";"1686,88";"1938,43";"1904,95";"1753,78";"2440,39";3508801
"Caiabu";"2018";"2006,56";"1695,84";"2048,14";"1694,79";"1928,72";"2051,82";3508900
"Caieiras";"2018";"2752,45";"3172,52";"3222,24";"3080,77";"2095,39";"2703,61";3509007
"Caiuá";"2018";"2026,59";"1865,71";"1456,74";"1402,77";"1474,37";"2163,87";3509106
"Cajamar";"2018";"3321,56";"1731,68";"4728,51";"2535,57";"3008,66";"2526,9";3509205
"Cajati";"2018";"2486,31";"1335,5";"4068,94";"1949,56";"1705,02";"2442,56";3509254
"Cajobi";"2018";"1897,63";"2169,93";"1781,4";"1716,04";"1692,18";"1871,46";3509304
"Cajuru";"2018";"2233,85";"1633,11";"3352,19";"2128,36";"1594,36";"1969,04";3509403
"Campina do Monte Alegre";"2018";"2538,5";"2452,92";"2255,79";"-";"1528,03";"2906,49";3509452
"Campinas";"2018";"3804,53";"2892,53";"5225,58";"2833,64";"2710,05";"4001,04";3509502
"Campo Limpo Paulista";"2018";"3412,59";"1630,24";"4729,76";"2427,57";"2095,16";"2774,15";3509601
"Campos do Jordão";"2018";"2076,14";"1468,28";"3034,89";"1763,35";"1804,67";"2079,58";3509700
"Campos Novos Paulista";"2018";"2030,08";"1724,8";"2218,69";"1814,16";"1863,99";"2245,59";3509809
"Cananéia";"2018";"2143,26";"1626,48";"2347,04";"1551,95";"1780,41";"2344,1";3509908
"Canas";"2018";"2017,7";"1237,55";"1728,15";"2051,31";"2371,67";"2083,97";3509957
"Cândido Mota";"2018";"2651,87";"2493,89";"3392,27";"2195,06";"2294,32";"2451,66";3510005
"Cândido Rodrigues";"2018";"1977,47";"1443,72";"2264,18";"1657,53";"1625,13";"2128,66";3510104
"Canitar";"2018";"2214,09";"1934,08";"2721,62";"1727,5";"1556,61";"1975,99";3510153
"Capão Bonito";"2018";"1958,28";"1666,77";"1954,65";"2034,41";"1755,45";"2222,98";3510203
"Capela do Alto";"2018";"1753,03";"1467,38";"2130,89";"2364,68";"1718,95";"2236,92";3510302
"Capivari";"2018";"2502,61";"2053,46";"2778,15";"1916,64";"2077,12";"2461,07";3510401
"Caraguatatuba";"2018";"2621,66";"2231,66";"7790,34";"1906,33";"1954,89";"2707,58";3510500
"Carapicuíba";"2018";"2319,78";"-";"2856,66";"2123,58";"1938,67";"2437,58";3510609
"Cardoso";"2018";"2283,8";"1849,32";"2443,18";"1912,27";"1671,66";"2703,91";3510708
"Casa Branca";"2018";"2456,81";"2084,7";"2134,96";"6328,96";"2284,31";"2999,35";3510807
"Cássia dos Coqueiros";"2018";"1694,11";"1562,21";"2575";"1600,62";"1485,4";"1807,28";3510906
"Castilho";"2018";"2583,6";"2059,85";"2901,15";"1576,2";"1717,46";"2887,1";3511003
"Catanduva";"2018";"2531,7";"2475,94";"2864,21";"2239,11";"2239,08";"2525,28";3511102
"Catiguá";"2018";"2311,09";"2552,49";"2355,78";"1237,5";"2024,16";"2342,75";3511201
"Caçapava";"2018";"3110,42";"1379,19";"4488,48";"3281,52";"2068,12";"2338,54";3508504
"Cedral";"2018";"2336,51";"1697,49";"2875,82";"2482,87";"1894,84";"2287,91";3511300
"Cerqueira César";"2018";"2408,25";"1856,25";"2549,56";"2027,78";"1791,47";"2836,91";3511409
"Cerquilho";"2018";"2491,83";"2537,03";"2657,24";"2167,18";"1998,82";"2549,27";3511508
"Cesário Lange";"2018";"2304,97";"1913,37";"2471,81";"2262,58";"1691,72";"2558,32";3511607
"Charqueada";"2018";"2439,82";"2438,88";"2874,8";"2978,8";"1747";"2369,07";3511706
"Chavantes";"2018";"2836,5";"1607,18";"4557,85";"1750,93";"1727,27";"2458,37";3557204
"Clementina";"2018";"3175,28";"1772,12";"3471,88";"1000";"1688,42";"2385,18";3511904
"Colina";"2018";"2375,86";"2241,19";"2708,06";"2355,36";"1750,1";"2172,32";3512001
"Colômbia";"2018";"1939,15";"1639,49";"2935,08";"1533,9";"1480,26";"2378,12";3512100
"Conchal";"2018";"2180,27";"1668,51";"2203,03";"2600,17";"1812,78";"2690,57";3512209
"Conchas";"2018";"2055,83";"1460,98";"1937,04";"2292,04";"1587,04";"2406,59";3512308
"Cordeirópolis";"2018";"3189,19";"1821,76";"3606,77";"2154,92";"2667,56";"2960,39";3512407
"Coroados";"2018";"2209,11";"1827,1";"2351,3";"1819,05";"1935,94";"2426,66";3512506
"Coronel Macedo";"2018";"1619,31";"1603,67";"1522,34";"1605,63";"1434,89";"1716,82";3512605
"Corumbataí";"2018";"2655,96";"1633,68";"1892,56";"-";"3640,37";"2838,58";3512704
"Cosmópolis";"2018";"2731,72";"2445,21";"3849,72";"2450,05";"1928,31";"2431,58";3512803
"Cosmorama";"2018";"2318,31";"1732,35";"2393,5";"1901,11";"1561,64";"2611,43";3512902
"Cotia";"2018";"3270,97";"1692,06";"3943,48";"2339,82";"3461,32";"2884,66";3513009
"Cravinhos";"2018";"3097,76";"2796,83";"3574,86";"2174,87";"1808,23";"3400,93";3513108
"Cristais Paulista";"2018";"1893,87";"1654,58";"1970,02";"-";"1616,76";"2427";3513207
"Cruzália";"2018";"2266,33";"1837,5";"1754,86";"-";"2213,77";"2465,94";3513306
"Cruzeiro";"2018";"3160,89";"1296,86";"4648,9";"2505,54";"1848,58";"2232,14";3513405
"Cubatão";"2018";"4399,63";"1160";"7758,67";"2552,13";"2509,5";"3596,38";3513504
"Cunha";"2018";"1926,58";"1337,02";"1746,89";"1852,33";"1606,6";"2378,21";3513603
"Descalvado";"2018";"2536,94";"2062,88";"3353,35";"1947,3";"1832,76";"2478,95";3513702
"Diadema";"2018";"3299,06";"-";"3732,7";"2705,49";"2411,02";"3342,72";3513801
"Dirce Reis";"2018";"2701,62";"1437,87";"2856,89";"2824,03";"1563,55";"2734,84";3513850
"Divinolândia";"2018";"2231,32";"1417,73";"2099,62";"1693,83";"1636,89";"2675,38";3513900
"Dobrada";"2018";"2539,73";"2288,07";"2317,47";"1789,46";"1791,91";"2991,98";3514007
"Dois Córregos";"2018";"1985,87";"1559,78";"2102,71";"1853,46";"1862,18";"2086,79";3514106
"Dolcinópolis";"2018";"2323,28";"1641,52";"1802,44";"1346,7";"1380,75";"2643,24";3514205
"Dourado";"2018";"2411,07";"2138,95";"2344,06";"1756,11";"2664,34";"2106,38";3514304
"Dracena";"2018";"2105,1";"1912,92";"2260,42";"3329,49";"1899,16";"2124,87";3514403
"Duartina";"2018";"1987,2";"1544,87";"1929,7";"2426,09";"1639,5";"2218,18";3514502
"Dumont";"2018";"2398,37";"2603,43";"2466,14";"1645,75";"2123,43";"2466,56";3514601
"Echaporã";"2018";"1958,41";"1707,34";"2027,36";"1484,2";"1594,26";"2351,88";3514700
"Eldorado";"2018";"1644,22";"1246,63";"1766,43";"1942,49";"1683,66";"2043,59";3514809
"Elias Fausto";"2018";"2638,69";"1949,45";"2964,3";"2034,74";"1970,05";"2577,52";3514908
"Elisiário";"2018";"2433,74";"2361,47";"1724,57";"2063,25";"2170,7";"2711,94";3514924
"Embaúba";"2018";"2241,23";"1767,99";"2804,43";"-";"1554,16";"2336,88";3514957
"Embu das Artes";"2018";"2687,21";"1599,24";"3416,17";"2619,37";"2131,89";"2704,31";3515004
"Embu-Guaçu";"2018";"2339,47";"1756,84";"2626,22";"2156,98";"1787,67";"2489,97";3515103
"Emilianópolis";"2018";"2064,04";"1343,35";"1679,68";"1640,32";"1674,55";"2289,56";3515129
"Engenheiro Coelho";"2018";"2666,31";"1831,86";"3436,19";"1657,25";"1866,1";"2678,21";3515152
"Espírito Santo do Pinhal";"2018";"2393,71";"1923,13";"2581,88";"1791,23";"2094,52";"2509,96";3515186
"Espírito Santo do Turvo";"2018";"2176,91";"1654,89";"2652,22";"1435,11";"2103,28";"2366,42";3515194
"Estiva Gerbi";"2018";"2805,23";"1918,92";"3485";"3973,82";"1838,22";"2188,67";3557303
"Estrela d'Oeste";"2018";"2292,56";"2146,58";"2280";"1630,45";"1551,31";"2638,37";3515202
"Estrela do Norte";"2018";"1916,51";"1700,16";"5023,79";"-";"1419,21";"1996,28";3515301
"Euclides da Cunha Paulista";"2018";"1873,75";"2221,14";"2097,96";"1355,97";"1552,57";"1856,54";3515350
"Fartura";"2018";"1730,5";"1582,52";"1383,49";"1505,63";"1607,01";"2230,03";3515400
"Fernando Prestes";"2018";"2115,62";"1940,28";"2203,62";"4082,9";"1583,81";"2402,94";3515608
"Fernandópolis";"2018";"2259,25";"1729,87";"2257,63";"1873,54";"1973,8";"2537,79";3515509
"Fernão";"2018";"2011,84";"1400,94";"1642,92";"-";"1599,13";"2607,19";3515657
"Ferraz de Vasconcelos";"2018";"2702,33";"-";"2604,7";"1728,75";"1866,7";"3562,1";3515707
"Flora Rica";"2018";"1951,93";"1508,91";"3271,54";"-";"1345,03";"2082,12";3515806
"Floreal";"2018";"2087,42";"1469,11";"1613,76";"1433,28";"1481,49";"2661,67";3515905
"Flórida Paulista";"2018";"2056,94";"1504,61";"1801,37";"2211,14";"2006,45";"2418,18";3516002
"Florínea";"2018";"2157,08";"2500,6";"3651,02";"-";"2013,26";"1992,4";3516101
"Franca";"2018";"2285,66";"1691,42";"2104,21";"1989,75";"2038,68";"2658,83";3516200
"Francisco Morato";"2018";"2325,05";"-";"2389,29";"1856,06";"1855,14";"2591,91";3516309
"Franco da Rocha";"2018";"2728,37";"1408,72";"3295,19";"1845,59";"1904,92";"2984,12";3516408
"Gabriel Monteiro";"2018";"1669,3";"1788,45";"1443,72";"1714,05";"1645,15";"2007,53";3516507
"Gália";"2018";"1896,5";"1813";"1690,64";"3134,68";"1669,08";"2101,74";3516606
"Garça";"2018";"2037,45";"1770,21";"2244,02";"2090,87";"1710,89";"2137,97";3516705
"Gastão Vidigal";"2018";"2437,53";"1651,65";"3126,4";"2183,89";"1985,76";"2824,18";3516804
"Gavião Peixoto";"2018";"5529,98";"2293,49";"7344,8";"1532,45";"1840,43";"2167,22";3516853
"General Salgado";"2018";"2221,96";"2137,21";"2158,46";"1538,12";"1675,77";"2513,91";3516903
"Getulina";"2018";"2010,62";"1555,19";"1714,37";"2036,37";"1657,22";"2630,56";3517000
"Glicério";"2018";"1960,98";"1903,66";"1702,51";"1333,87";"1583,85";"2289,1";3517109
"Guaimbê";"2018";"1822,47";"1647,23";"3598,69";"-";"1487,58";"1998,39";3517307
"Guaíra";"2018";"2839,2";"3155,41";"3012,68";"2091";"1831,04";"2770,25";3517406
"Guaiçara";"2018";"2159,03";"1682,87";"2556,48";"1652,43";"1555,17";"2301,26";3517208
"Guapiara";"2018";"1757,73";"1224,75";"2232,06";"1702,07";"1549,99";"1896,15";3517604
"Guapiaçu";"2018";"2756,47";"6697,86";"2034,12";"1682,2";"2157,56";"2580,04";3517505
"Guará";"2018";"2295,38";"2116,83";"2962,26";"2007,24";"1638,44";"2476,05";3517703
"Guaraci";"2018";"2657,99";"2390,88";"3389,78";"1652,76";"1831,92";"2289,59";3517901
"Guarani d'Oeste";"2018";"1908,69";"1573,11";"1803,01";"-";"1142,41";"2213,81";3518008
"Guarantã";"2018";"1969,78";"1797,61";"2099,47";"-";"1494,48";"2152,14";3518107
"Guararapes";"2018";"2423,27";"2268,37";"2689,33";"1655,89";"1793,78";"2629,32";3518206
"Guararema";"2018";"2876,81";"1376,78";"3963,4";"2412,3";"1950,51";"2575,12";3518305
"Guaratinguetá";"2018";"2922,59";"1295,15";"5310,15";"1924,75";"1888,18";"2860,54";3518404
"Guaraçaí";"2018";"1978,77";"1787,68";"1894,43";"-";"1585,78";"2293,3";3517802
"Guareí";"2018";"1841,87";"1604,79";"1756,39";"1812,86";"1405,89";"2285,01";3518503
"Guariba";"2018";"2609,37";"1893,58";"3277,95";"2428,27";"2038,23";"2269,94";3518602
"Guarujá";"2018";"2997,22";"2375,81";"4674,2";"2234,73";"1969,51";"3327,17";3518701
"Guarulhos";"2018";"3373,59";"1353,29";"3873,56";"2486,52";"2459,84";"3554,6";3518800
"Guatapará";"2018";"2236,85";"1732,01";"2309,03";"1617,4";"1752,18";"2534,35";3518859
"Guzolândia";"2018";"1891,98";"1560,88";"1343,41";"2000";"1720,78";"2381,72";3518909
"Herculândia";"2018";"2183,42";"1665,91";"2604,49";"1416,92";"1614,79";"2554,41";3519006
"Holambra";"2018";"2345,81";"2075,5";"2773,23";"2179,55";"2940,09";"2308,81";3519055
"Hortolândia";"2018";"4271,24";"1629,67";"5553,05";"1953,64";"4566,71";"3116,11";3519071
"Iacanga";"2018";"2272,02";"1664,56";"2481,62";"2157,51";"1815,23";"2474,85";3519105
"Iacri";"2018";"1911,97";"1552,98";"1943,56";"2213,13";"1649,38";"2254,1";3519204
"Iaras";"2018";"2673";"2073,28";"2038,73";"1346,69";"1715,44";"3217,02";3519253
"Ibaté";"2018";"2515,36";"1925,44";"3179,2";"2099,6";"1754,25";"2488,98";3519303
"Ibirá";"2018";"2123,37";"2301,38";"2206,84";"1678,68";"1597,5";"2378,14";3519402
"Ibirarema";"2018";"2270,61";"2147,83";"2550,03";"1420";"1779,5";"2448,21";3519501
"Ibitinga";"2018";"1875,11";"1700,77";"1662,66";"3171,67";"1752,86";"2305,95";3519600
"Ibiúna";"2018";"2205,95";"1402,06";"3401,52";"2385,04";"1720,12";"2503,64";3519709
"Icém";"2018";"2419,99";"1974,73";"3109,73";"-";"1609,98";"2493,59";3519808
"Iepê";"2018";"2328,57";"1834,73";"1971,02";"4746,82";"1928,79";"2552,47";3519907
"Igarapava";"2018";"2572,79";"1989,18";"3038,37";"2106,06";"1728,19";"2836,73";3520103
"Igaratá";"2018";"2002,46";"1358,08";"2409,68";"1744,65";"1732,34";"2048,15";3520202
"Igaraçu do Tietê";"2018";"2004,99";"1600,1";"2263,19";"1517,62";"1743,45";"2179,89";3520004
"Iguape";"2018";"2081,1";"1376,72";"2576,12";"1559,89";"1532,84";"2414,99";3520301
"Ilha Comprida";"2018";"2565,1";"-";"2563,06";"1534";"1699,59";"3008,53";3520426
"Ilha Solteira";"2018";"3262,11";"2046,36";"2374,62";"3636,41";"1916,99";"3902,04";3520442
"Ilhabela";"2018";"2720,34";"1755,74";"3824,35";"3037,49";"1767,92";"2983,07";3520400
"Indaiatuba";"2018";"3439,53";"2359,37";"4623,04";"2266,49";"2432,62";"3111,03";3520509
"Indiana";"2018";"1784,21";"1639,11";"1456,34";"1976,21";"1844,37";"1958,39";3520608
"Indiaporã";"2018";"1908,41";"1491,6";"1917,79";"-";"1595,01";"2150,81";3520707
"Inúbia Paulista";"2018";"2303,58";"2304,6";"1349,86";"2057,61";"2694,31";"2063,87";3520806
"Ipaussu";"2018";"2182,56";"1596,24";"2545,87";"1240,6";"1652,13";"1987,89";3520905
"Iperó";"2018";"2343,89";"1396,01";"2694,86";"2346,65";"1920,55";"2171,6";3521002
"Ipeúna";"2018";"2484,9";"1381,85";"2552,01";"2305,23";"1823,73";"2888,85";3521101
"Ipiguá";"2018";"2174,8";"1867,64";"2680,15";"1710,61";"1639,2";"2298,9";3521150
"Iporanga";"2018";"2158,9";"1452,75";"5022,43";"-";"1590,4";"2273,08";3521200
"Ipuã";"2018";"2017,99";"2234,7";"2010,27";"1294,78";"1497,97";"2205,34";3521309
"Iracemápolis";"2018";"2928,9";"2512,08";"3312,85";"2005,8";"1966,65";"2738,8";3521408
"Irapuã";"2018";"1924,79";"1740,15";"1586,57";"1263,8";"1506,48";"2355,48";3521507
"Irapuru";"2018";"2432,34";"1508,08";"1607,09";"1491,05";"1619,22";"2850,1";3521606
"Itaberá";"2018";"2104,76";"2375,21";"1695,95";"1560,12";"1694,47";"2320,33";3521705
"Itaí";"2018";"2321,16";"2260,36";"3199,95";"1608,85";"2083,64";"2396,14";3521804
"Itajobi";"2018";"2169,77";"1616,3";"2317,47";"2450,06";"1907,11";"2352,89";3521903
"Itaju";"2018";"1954,16";"1745,18";"1967,92";"2195,2";"1691,11";"2075,52";3522000
"Itanhaém";"2018";"2320,12";"1230,84";"2141,36";"1873,85";"1883,6";"2554,18";3522109
"Itaoca";"2018";"2291,35";"1157,84";"3861,61";"2670,03";"1391,85";"2452,69";3522158
"Itapecerica da Serra";"2018";"2653,62";"1558,89";"3402,76";"2172,09";"1918,62";"2852,73";3522208
"Itapetininga";"2018";"2171,76";"2030,46";"2504,05";"2028,74";"1849,39";"2238,03";3522307
"Itapeva";"2018";"2044,23";"1717,69";"2716,64";"1739,86";"1744,83";"2258,4";3522406
"Itapevi";"2018";"4018,83";"1978,28";"6770,11";"1906,14";"2497,15";"3052,54";3522505
"Itapira";"2018";"2741,59";"2461,54";"3214,57";"2341,12";"2192,91";"2536,86";3522604
"Itapirapuã Paulista";"2018";"1674,3";"1343,21";"-";"-";"1435,18";"2063,97";3522653
"Itápolis";"2018";"2078,59";"1824,85";"2043,49";"1685,82";"1783,02";"2610,71";3522703
"Itaporanga";"2018";"1913,86";"1736,96";"2098,51";"1566,08";"1559,28";"2082,84";3522802
"Itapuí";"2018";"2004,62";"1756,31";"1929,74";"2023,49";"1909,42";"2433,18";3522901
"Itapura";"2018";"2074,95";"1904,75";"3920,37";"1162,17";"1576,19";"2324,84";3523008
"Itaquaquecetuba";"2018";"2584,36";"1596,98";"2540,06";"2298,14";"1980,4";"3086,38";3523107
"Itararé";"2018";"1897,86";"2038,75";"1934,98";"1409,22";"1597,42";"2124,59";3523206
"Itariri";"2018";"2058,25";"1335,65";"2657,24";"1934,81";"1571,37";"2493,55";3523305
"Itatiba";"2018";"3011,34";"1734,25";"4023,58";"2730,72";"2075,36";"2575,22";3523404
"Itatinga";"2018";"2035,23";"1734,97";"1941,36";"3001,69";"1616,08";"2536,88";3523503
"Itirapina";"2018";"2110,24";"2632,18";"3279,47";"2147,05";"1693,77";"1785,35";3523602
"Itirapuã";"2018";"1945,96";"1704,22";"1740,09";"-";"1548,51";"2439,44";3523701
"Itobi";"2018";"1861,45";"1671,61";"2655,09";"-";"1708,14";"1961,05";3523800
"Itu";"2018";"2800,83";"1820,05";"3533,68";"2513,45";"2217,8";"2615,32";3523909
"Itupeva";"2018";"3448,75";"1851,59";"4092,28";"3041,15";"2699,54";"3191,92";3524006
"Ituverava";"2018";"2230,96";"1923,15";"2281,77";"1588,11";"1789,84";"2459,42";3524105
"Jaborandi";"2018";"2004,27";"2198,22";"2250,24";"-";"1570,41";"2040,98";3524204
"Jaboticabal";"2018";"2880,69";"2733,8";"3263,73";"2530,96";"2142,8";"3179,37";3524303
"Jacareí";"2018";"3243,26";"4134,34";"5307,15";"2247,6";"1901,57";"2604,82";3524402
"Jaci";"2018";"2304,93";"2152,82";"2079,71";"2548,42";"1810";"2664,21";3524501
"Jacupiranga";"2018";"1843,84";"1450,98";"2307,24";"1605,62";"1718,55";"2034,32";3524600
"Jaguariúna";"2018";"3494,4";"2220,07";"4037,28";"2404,66";"3144,41";"3211,05";3524709
"Jales";"2018";"2185,36";"1544,09";"2475,41";"1868,11";"1877,6";"2376,25";3524808
"Jambeiro";"2018";"3104,21";"1967,42";"3611,98";"3674,15";"1704,79";"2115,13";3524907
"Jandira";"2018";"3118,92";"-";"4215,97";"2270,69";"2222,99";"2697,13";3525003
"Jardinópolis";"2018";"2530,58";"4037,08";"2273,81";"2630,71";"2136,91";"2522,36";3525102
"Jarinu";"2018";"3000,97";"1504,26";"3792,78";"2044,85";"2560,1";"2619,81";3525201
"Jaú";"2018";"2264,12";"1816,06";"2159,62";"2340,62";"2024,45";"2501,44";3525300
"Jeriquara";"2018";"1789,65";"1602,62";"2161,43";"1450,56";"1772,77";"1973,74";3525409
"Joanópolis";"2018";"1829,79";"1347,7";"1622,89";"1491,09";"1534,07";"2263,43";3525508
"João Ramalho";"2018";"2146,97";"1540,77";"1622,41";"1500";"1606,38";"2496,58";3525607
"José Bonifácio";"2018";"2203,68";"2677,97";"2206,73";"1860,84";"1730,99";"2391,54";3525706
"Júlio Mesquita";"2018";"1686,59";"1637,74";"1400";"-";"1489,09";"1728,26";3525805
"Jumirim";"2018";"2287,99";"1822,42";"2222,07";"1579,67";"2015,14";"2793,15";3525854
"Jundiaí";"2018";"3382,49";"1647,63";"4594,87";"2523,27";"2847,16";"3081,78";3525904
"Junqueirópolis";"2018";"2623,6";"2135,21";"2955,02";"2287,9";"2559,57";"2366,4";3526001
"Juquiá";"2018";"1887,11";"1287,09";"2003,03";"1532,47";"1862,92";"2144,64";3526100
"Juquitiba";"2018";"1869,9";"1447,5";"2842,18";"2144,74";"1748,12";"1810,77";3526209
"Lagoinha";"2018";"1688,22";"1304,5";"2316,35";"1385,09";"1527,93";"1833,37";3526308
"Laranjal Paulista";"2018";"2172,99";"1885,66";"2296,84";"1886,03";"1921,33";"2140,16";3526407
"Lavínia";"2018";"2239,96";"1875,66";"-";"-";"1634,75";"2538,08";3526506
"Lavrinhas";"2018";"1862,86";"1212,98";"2512,45";"-";"1655,81";"1723,6";3526605
"Leme";"2018";"2464,65";"2282,02";"2549,8";"1896,36";"2118,29";"2694,7";3526704
"Lençóis Paulista";"2018";"2802,14";"2709,99";"3618,35";"2100,43";"1948,16";"2792,15";3526803
"Limeira";"2018";"2941,74";"1764,1";"3606,54";"2916,44";"2148,51";"2796,02";3526902
"Lindóia";"2018";"2273,94";"1695,55";"2285,99";"2002,89";"1702,7";"2573,22";3527009
"Lins";"2018";"2569,02";"2124,41";"2778,42";"2097,15";"2090,05";"2670,84";3527108
"Lorena";"2018";"2581,24";"1296,61";"3345,03";"2757,61";"1914,33";"2538,7";3527207
"Lourdes";"2018";"2349,41";"1532,38";"2437,91";"1254";"1451,72";"2550,22";3527256
"Louveira";"2018";"3433,04";"1464,49";"4241,85";"2025,05";"2585,32";"3304,34";3527306
"Lucélia";"2018";"1578,97";"1827,42";"2352,59";"1878,37";"1829,16";"1393,55";3527405
"Lucianópolis";"2018";"1637,69";"1335,01";"1503,41";"1556,25";"1413,83";"2786,69";3527504
"Luís Antônio";"2018";"2891,64";"2177,97";"5378,76";"1755,63";"1582,98";"2704,47";3527603
"Luiziânia";"2018";"2169,65";"1656,37";"1666,4";"-";"1641,87";"2553,87";3527702
"Lupércio";"2018";"2216,55";"1790,59";"2350,84";"1123";"1544,77";"2602,92";3527801
"Lutécia";"2018";"1851,29";"1754,18";"2239,29";"1619,09";"1580,49";"1878,59";3527900
"Macatuba";"2018";"2589,29";"3716,61";"2151,77";"1821,68";"1799,58";"2701,61";3528007
"Macaubal";"2018";"2299,18";"1584,19";"1928,94";"-";"1738,55";"2512,53";3528106
"Macedônia";"2018";"2026,82";"1741,18";"2174,11";"-";"1517,07";"2199,83";3528205
"Magda";"2018";"2371,18";"2417,4";"1861,46";"1381,66";"1673,54";"2842,77";3528304
"Mairinque";"2018";"2478,09";"1469,54";"3460,54";"2122,66";"1731,41";"2209,81";3528403
"Mairiporã";"2018";"2373,94";"1599,46";"2720,98";"2408,32";"1860,59";"2423,64";3528502
"Manduri";"2018";"1940,65";"1704,15";"2057,27";"2128,86";"1552,83";"2197,2";3528601
"Marabá Paulista";"2018";"2216,7";"1785,05";"1419,29";"-";"1771,54";"2602,45";3528700
"Maracaí";"2018";"2447,78";"2672,4";"3026,66";"1887,08";"1848,35";"2408,96";3528809
"Marapoama";"2018";"2724,29";"2096,04";"2977,3";"2017,55";"1872,37";"3293,18";3528858
"Mariápolis";"2018";"1996,43";"1905,25";"4619,01";"-";"1621,27";"2070,26";3528908
"Marília";"2018";"2632,27";"1673,98";"2830,72";"2204,69";"2016,03";"2891,25";3529005
"Marinópolis";"2018";"2044,72";"1572,96";"6808,71";"-";"1666,37";"2247,25";3529104
"Martinópolis";"2018";"2150,31";"1859,85";"2507,81";"1533,08";"1770,99";"2296,37";3529203
"Matão";"2018";"2852,25";"1814,91";"4292,22";"2872,59";"1945,82";"2489,67";3529302
"Mauá";"2018";"3085,4";"1405,09";"4162,78";"2403,61";"2361,96";"2713,85";3529401
"Mendonça";"2018";"2607,22";"2838,14";"2303,19";"2300,47";"1837,51";"2609,08";3529500
"Meridiano";"2018";"2786,06";"1905,32";"3015,01";"1880,08";"1953,12";"2441,37";3529609
"Mesópolis";"2018";"2640,56";"1941,94";"5129,87";"-";"1481,47";"2869,37";3529658
"Miguelópolis";"2018";"2377,01";"2160,75";"3136,16";"2455,74";"1525,28";"2831,14";3529708
"Mineiros do Tietê";"2018";"1996,55";"1882,93";"2321,5";"1474,52";"1679,99";"2087,1";3529807
"Mira Estrela";"2018";"2010,35";"1908,93";"2270,22";"954";"1516,13";"2117,42";3530003
"Miracatu";"2018";"1920,29";"1325,75";"2799,23";"1396,29";"1733,79";"2083,76";3529906
"Mirandópolis";"2018";"2321,38";"1536,52";"3040,36";"1763,31";"1645,44";"2667,08";3530102
"Mirante do Paranapanema";"2018";"2502,8";"1516,75";"3070,82";"1704,95";"1616,96";"2161,23";3530201
"Mirassol";"2018";"2509,69";"1980,08";"2250,9";"3313,79";"2079,7";"3086,56";3530300
"Mirassolândia";"2018";"2067,66";"1731,61";"2386,64";"-";"1618,73";"2107,56";3530409
"Mococa";"2018";"2366,52";"1666,64";"2758,86";"2221,54";"2060,98";"2675,69";3530508
"Mogi das Cruzes";"2018";"2608,81";"1404,22";"3578,06";"2370,19";"1997,68";"2607,87";3530607
"Mogi Guaçu";"2018";"2769,88";"1864,28";"3865,58";"2538,86";"2249,93";"2528,88";3530706
"Mogi Mirim";"2018";"2950,58";"1852,31";"3560,81";"2543,83";"2209,83";"3048,04";3530805
"Mombuca";"2018";"2383,66";"1539,25";"2530,67";"1720,94";"1386,73";"2536,9";3530904
"Mongaguá";"2018";"2640,12";"1587,95";"2669,64";"1967,88";"1978,33";"3076,29";3531100
"Monte Alegre do Sul";"2018";"2032,31";"1497,22";"1948,05";"1726,16";"1773,65";"2226,52";3531209
"Monte Alto";"2018";"2482,16";"1713,27";"3135,43";"1787,05";"1847,03";"2250,72";3531308
"Monte Aprazível";"2018";"2524,43";"1722,3";"3195,09";"2887,39";"1793,07";"2584,29";3531407
"Monte Azul Paulista";"2018";"2210,97";"2001,65";"2994,99";"1953,72";"1827,54";"2519,76";3531506
"Monte Castelo";"2018";"2103,91";"1875,02";"1954,39";"1700";"1652,54";"2367,67";3531605
"Monte Mor";"2018";"3343,21";"2086,29";"4668,54";"1969,11";"2009,63";"2611,38";3531803
"Monteiro Lobato";"2018";"1909,55";"1357,05";"2119,65";"1301,41";"1687,29";"2101,86";3531704
"Monções";"2018";"2642,42";"2532,63";"2880,08";"1623,59";"1510,18";"3007,37";3531001
"Morro Agudo";"2018";"2528,87";"2731,13";"2846,35";"1660,3";"1746,44";"2388,03";3531902
"Morungaba";"2018";"1995,93";"1717,57";"2262,34";"2098,48";"1799,35";"1810,08";3532009
"Motuca";"2018";"2421,08";"3164,07";"1730,47";"1592,63";"1710,66";"2954,82";3532058
"Murutinga do Sul";"2018";"2043,59";"1790,49";"2023,83";"-";"1506,3";"2229,56";3532108
"Nantes";"2018";"2493,01";"1845,41";"-";"-";"2146,2";"2873,28";3532157
"Narandiba";"2018";"2717,44";"2589,7";"3296,46";"-";"1751,35";"2322,91";3532207
"Natividade da Serra";"2018";"2189,41";"1410,67";"3208,99";"2085,68";"1481,75";"2583,97";3532306
"Nazaré Paulista";"2018";"2664,76";"1392,61";"3351,58";"3604,78";"1697,14";"2471,61";3532405
"Neves Paulista";"2018";"2170,48";"1653,79";"2134,93";"1895,52";"1951,2";"2751,79";3532504
"Nhandeara";"2018";"2197,6";"1770,5";"2469,54";"2037,88";"1792,01";"2433,93";3532603
"Nipoã";"2018";"2074,08";"1643,01";"1898,92";"1849,84";"1539,4";"2437,44";3532702
"Nova Aliança";"2018";"1981,42";"1921,33";"1883,19";"1595,86";"1580,65";"2371,86";3532801
"Nova Campina";"2018";"2506,18";"1700,92";"3298,93";"1681,11";"1474,49";"2057,72";3532827
"Nova Canaã Paulista";"2018";"2488,01";"1751,06";"6958,29";"-";"1732,43";"2631,07";3532843
"Nova Castilho";"2018";"2917,25";"1722,98";"1107,06";"-";"1332,52";"3516,75";3532868
"Nova Europa";"2018";"2528,95";"2086,53";"2588,55";"3975,68";"2022,45";"2521,69";3532900
"Nova Granada";"2018";"2093,56";"2291,1";"2129,53";"1984,38";"1653,82";"2252,27";3533007
"Nova Guataporanga";"2018";"1993,07";"1367,29";"3122,67";"-";"1806,81";"2067,59";3533106
"Nova Independência";"2018";"2898,64";"1860,05";"3260,55";"2402,71";"1711,35";"2363,71";3533205
"Nova Luzitânia";"2018";"2169,51";"1633,32";"3432,36";"-";"1630,68";"2293,09";3533304
"Nova Odessa";"2018";"3039,47";"2147,9";"3344,05";"2490,17";"2770,76";"2690,39";3533403
"Novais";"2018";"1893,08";"1600,11";"1681,14";"-";"1839,76";"1965,24";3533254
"Novo Horizonte";"2018";"2538,12";"2835,14";"3053,82";"1984,66";"1778,43";"2410,03";3533502
"Nuporanga";"2018";"1938,67";"2287,3";"1720,18";"3326,65";"1788,15";"2258,14";3533601
"Ocauçu";"2018";"2138,47";"1412";"2036,98";"1769,9";"1712,85";"3424,44";3533700
"Óleo";"2018";"2036,61";"1449,67";"-";"2029,25";"1985,64";"2464,75";3533809
"Olímpia";"2018";"2624,97";"2118,76";"3599,69";"2315,65";"1943,54";"2375,49";3533908
"Onda Verde";"2018";"2422,31";"2141,86";"2728,58";"-";"1794,13";"2221,31";3534005
"Oriente";"2018";"2364,64";"1716,02";"2405,34";"1353,77";"1564,85";"2668,71";3534104
"Orindiúva";"2018";"3561,27";"2464,17";"3975,5";"1769,15";"1505,34";"2913,11";3534203
"Orlândia";"2018";"2796,97";"2856,54";"3493,08";"2164,7";"2154,18";"2750,72";3534302
"Osasco";"2018";"3227,04";"1340,25";"4174,99";"2402,18";"2424,79";"3507,71";3534401
"Oscar Bressane";"2018";"1898,49";"1552,45";"2053,24";"-";"1637,55";"1955,09";3534500
"Osvaldo Cruz";"2018";"1904,96";"1502,82";"1912,09";"1830,5";"1720,37";"2033,78";3534609
"Ourinhos";"2018";"2395,93";"2362,48";"2634,72";"2171,67";"2024,35";"2522,1";3534708
"Ouro Verde";"2018";"2249,69";"2012,26";"1524,03";"1774,52";"1765,97";"2577,3";3534807
"Ouroeste";"2018";"2883,4";"1879,26";"2940,83";"2741,07";"1688,32";"3713,88";3534757
"Pacaembu";"2018";"2514,64";"1753,29";"1777,52";"2208,66";"1565,27";"2790,75";3534906
"Palestina";"2018";"2633,79";"3052,62";"2158,74";"1601,42";"1666,71";"2520,11";3535002
"Palmares Paulista";"2018";"2132,93";"2103,95";"1914,07";"-";"1709,38";"2361,98";3535101
"Palmeira d'Oeste";"2018";"1962,13";"1427,57";"2363,79";"1863,2";"1586,95";"2375,51";3535200
"Palmital";"2018";"2505,99";"2291,62";"3214";"1376,45";"1902,36";"2569,85";3535309
"Panorama";"2018";"1973,34";"2010,39";"1840,69";"2017,15";"1657,49";"2265,98";3535408
"Paraguaçu Paulista";"2018";"2605,86";"3098,88";"2863,11";"2296,64";"1652,26";"2201,87";3535507
"Paraibuna";"2018";"2240,42";"1414,4";"3452,46";"1310,78";"2177,56";"2106,15";3535606
"Paraíso";"2018";"3174,72";"2109";"3180,79";"1944,85";"4078,66";"2791,25";3535705
"Paranapanema";"2018";"2151,2";"1788,16";"1911,29";"1839,82";"2266,72";"2492,31";3535804
"Paranapuã";"2018";"2047,75";"1814,64";"4340,17";"2283,72";"1982,09";"2515,89";3535903
"Parapuã";"2018";"2221,51";"1665,59";"2442,24";"2413,7";"2009,79";"2331,63";3536000
"Pardinho";"2018";"2020,14";"2169,64";"2832,8";"1350,39";"1856,47";"1868,71";3536109
"Pariquera-Açu";"2018";"2324,96";"1337,67";"1991,34";"2349,03";"1760,31";"2826,33";3536208
"Parisi";"2018";"2158,93";"1624,94";"1568,58";"1415,78";"1783,59";"2540,41";3536257
"Patrocínio Paulista";"2018";"2623";"1717,25";"2999,71";"1386,61";"1772,04";"2863,67";3536307
"Paulicéia";"2018";"2325,97";"1641,21";"2525,81";"2231,38";"1716,64";"2353,77";3536406
"Paulínia";"2018";"4850,82";"2011,52";"7488,18";"4202,01";"2985,05";"4255,1";3536505
"Paulistânia";"2018";"2454,28";"1589,4";"1730,48";"-";"1499,15";"2897,83";3536570
"Paulo de Faria";"2018";"2355";"2362,11";"2676,31";"1272,97";"1747,95";"2502,64";3536604
"Pederneiras";"2018";"2695,85";"2798,18";"3307,68";"2594,15";"1863,59";"2453,24";3536703
"Pedra Bela";"2018";"1604,12";"1321,58";"1268,6";"1356,32";"1396,78";"2049,43";3536802
"Pedranópolis";"2018";"2063,97";"1728,18";"2344,99";"-";"1559,63";"2195,51";3536901
"Pedregulho";"2018";"2183,32";"1851,81";"3364,32";"1556,52";"1640,72";"2263,62";3537008
"Pedreira";"2018";"2259,44";"1523,62";"2363,34";"1981,82";"1979,2";"2317,01";3537107
"Pedrinhas Paulista";"2018";"2295,81";"1851,19";"2260,18";"1780,66";"2896,49";"2072,42";3537156
"Pedro de Toledo";"2018";"1867,93";"1233,98";"3699,29";"1589,28";"1583,63";"2078,82";3537206
"Penápolis";"2018";"2226,91";"1977,5";"2098,61";"1947,62";"1817,45";"2607,08";3537305
"Pereira Barreto";"2018";"2660,94";"2317,37";"3343,97";"1586,11";"1951,58";"2546,76";3537404
"Pereiras";"2018";"2026,82";"1989,94";"1987,99";"1878";"1656,31";"2296,1";3537503
"Peruíbe";"2018";"2186,52";"1222,72";"2699,42";"2424,14";"1847,65";"2375,04";3537602
"Piacatu";"2018";"1719,32";"2137,01";"1633,04";"1622,44";"1445,85";"1778,58";3537701
"Piedade";"2018";"2075,32";"1511,44";"2787,42";"1805,92";"1797,2";"2251,91";3537800
"Pilar do Sul";"2018";"2049,62";"1871,65";"1949,29";"1536,4";"1864,5";"2250,33";3537909
"Pindamonhangaba";"2018";"3157,73";"1494";"4929,08";"2356,45";"1784,78";"2623,78";3538006
"Pindorama";"2018";"2652,89";"1661,65";"3448,83";"1541,95";"1813,28";"2601,88";3538105
"Pinhalzinho";"2018";"1866,96";"1286,77";"1787,23";"2066,94";"1643,32";"2176,01";3538204
"Piquerobi";"2018";"1948,51";"1817,85";"1965,89";"-";"1408,13";"2071,92";3538303
"Piquete";"2018";"2281,77";"1235,28";"2805,96";"1959,59";"1637,56";"2147,42";3538501
"Piracaia";"2018";"2202,55";"1471,35";"2156,29";"2617,74";"1707,68";"2581,1";3538600
"Piracicaba";"2018";"3390,08";"1921,37";"4087,02";"2564,23";"2418,11";"3538,71";3538709
"Piraju";"2018";"2072,49";"1546,01";"2292,13";"1490,93";"1803,76";"2286,22";3538808
"Pirajuí";"2018";"1982,02";"1656,44";"2090,5";"1647,66";"1589,78";"2322,8";3538907
"Pirangi";"2018";"2238,42";"1875,39";"2122,1";"1700,24";"1575,37";"2722,48";3539004
"Pirapora do Bom Jesus";"2018";"2548,42";"2444,04";"5133,23";"1805,87";"1797,9";"1834,13";3539103
"Pirapozinho";"2018";"2184,84";"1657,83";"2259,43";"1867,24";"1777,44";"2330,66";3539202
"Pirassununga";"2018";"2926,11";"2398,62";"3269,95";"1738,33";"1988,62";"3397,8";3539301
"Piratininga";"2018";"2078,34";"1762,33";"1970,68";"3756,9";"1765,2";"2240,11";3539400
"Pitangueiras";"2018";"2602,24";"2477,72";"3005,48";"1481,02";"1680,43";"2536,62";3539509
"Planalto";"2018";"3306,3";"3388,53";"4498,93";"1379,96";"1582,77";"2271,8";3539608
"Platina";"2018";"2356,77";"2294,21";"2840,14";"869,52";"1460,61";"2414,37";3539707
"Poá";"2018";"2378,26";"1648";"2982,95";"1751,19";"1900,63";"2331,23";3539806
"Poloni";"2018";"1915,72";"1652,08";"1753,48";"1180,19";"1404,48";"2284,29";3539905
"Pompéia";"2018";"4010,35";"1759,92";"4947,55";"1962,06";"1870,26";"3644,97";3540002
"Pongaí";"2018";"1996,01";"1809,56";"2373,11";"1752,91";"1583,61";"2150,95";3540101
"Pontal";"2018";"3530,03";"2305,5";"4458,49";"1865,22";"2249,39";"2758,66";3540200
"Pontalinda";"2018";"2264,07";"1779,21";"1817,6";"-";"1899,58";"2492,44";3540259
"Pontes Gestal";"2018";"2904,2";"2838,19";"2625,72";"1894,84";"1680,58";"4160,47";3540309
"Populina";"2018";"2375,82";"1773,08";"3445,01";"-";"1632,38";"2694,97";3540408
"Porangaba";"2018";"1802,56";"1421,65";"1939,35";"1373,08";"1719,58";"1949,7";3540507
"Porto Feliz";"2018";"2753,43";"1894,96";"3433,87";"2468,91";"1997,85";"2632,68";3540606
"Porto Ferreira";"2018";"2323,93";"2304,22";"2542,04";"1988,51";"1904,4";"2403,82";3540705
"Potim";"2018";"2083,27";"1335,68";"2726,27";"1689,48";"1473,46";"2232,83";3540754
"Potirendaba";"2018";"2747,57";"2001,21";"3241,97";"1804,16";"1553,09";"2590,49";3540804
"Pracinha";"2018";"1693,22";"1908,55";"1377,92";"-";"1687,4";"1723,27";3540853
"Pradópolis";"2018";"3367,46";"2270,36";"3892,83";"2226,26";"1720,1";"2600,17";3540903
"Praia Grande";"2018";"2576,75";"1316,48";"2261,37";"2112,98";"1991,33";"2938,73";3541000
"Pratânia";"2018";"2304,41";"2308,05";"1885,23";"2087,57";"1681,4";"2639,17";3541059
"Presidente Alves";"2018";"1903,72";"1709,13";"3634,3";"1566,5";"1704,03";"1859,55";3541109
"Presidente Bernardes";"2018";"2193,22";"2067,76";"2518,57";"1663,26";"1782,28";"2495,75";3541208
"Presidente Epitácio";"2018";"2109,22";"1939,52";"3623,71";"1890,18";"1699,2";"2094,31";3541307
"Presidente Prudente";"2018";"2668,66";"2186,61";"2514,25";"2143,22";"2103,88";"3019,75";3541406
"Presidente Venceslau";"2018";"1946,73";"1676,51";"1623,42";"2018,44";"1673,4";"2179,79";3541505
"Promissão";"2018";"2378,69";"2799,01";"2215,91";"1922,88";"1877,28";"2794,77";3541604
"Quadra";"2018";"2062,52";"1629,37";"1600,93";"-";"1835,23";"2292,72";3541653
"Quatá";"2018";"2414,8";"1405,55";"2979,54";"1463,19";"1612,43";"2527,66";3541703
"Queiroz";"2018";"2566,8";"1806,67";"3921,99";"1723,67";"1559,73";"2354,8";3541802
"Queluz";"2018";"1938,32";"1496,39";"2704,25";"-";"1689,59";"1866,98";3541901
"Quintana";"2018";"2450,84";"1707,98";"3500,22";"1589,61";"1728,16";"2384,69";3542008
"Rafard";"2018";"2737,26";"1881,53";"2905,01";"2527,5";"1783,99";"2836,16";3542107
"Rancharia";"2018";"2174,36";"2182,55";"2254,85";"1789,8";"1816,69";"2299,36";3542206
"Redenção da Serra";"2018";"1219,45";"1507,16";"1889,69";"1748,87";"1466,88";"1194,96";3542305
"Regente Feijó";"2018";"2304,27";"1694,59";"2408,83";"2545,13";"2404,46";"2239,05";3542404
"Reginópolis";"2018";"2406,14";"1937,5";"1785,05";"1475,38";"1509,13";"3223,59";3542503
"Registro";"2018";"2210,43";"1331,31";"3086,85";"2028,02";"1945,83";"2366,2";3542602
"Restinga";"2018";"2122,8";"1724,9";"2252,99";"3256,17";"1825,78";"1937,49";3542701
"Ribeira";"2018";"1732,52";"1399,12";"2791,15";"-";"1580,74";"1983,42";3542800
"Ribeirão Bonito";"2018";"2137,61";"1681,36";"1942,99";"3770,75";"1981,34";"2189,52";3542909
"Ribeirão Branco";"2018";"1474,35";"1195,67";"1826,65";"1602,01";"1477,9";"2045,77";3543006
"Ribeirão Corrente";"2018";"2024,37";"1717,3";"1884,58";"1725,23";"1485,61";"2596,81";3543105
"Ribeirão do Sul";"2018";"2386,22";"3298,23";"1851,22";"1822,03";"2530,75";"2071,94";3543204
"Ribeirão dos Índios";"2018";"1916,2";"1760,94";"1441,31";"1659";"1652,53";"2023,12";3543238
"Ribeirão Grande";"2018";"1926,13";"1316,39";"2923,24";"1677,81";"1479,08";"2097,15";3543253
"Ribeirão Pires";"2018";"2628,96";"1359,43";"3237,49";"2086,31";"2068,64";"2512,5";3543303
"Ribeirão Preto";"2018";"2915,94";"4045,25";"2896,18";"2350,55";"2403,83";"3199,63";3543402
"Rifaina";"2018";"2564,15";"1694,5";"2012,52";"1436,45";"1847,01";"3382,37";3543600
"Rincão";"2018";"2088,9";"1839,71";"2448,93";"2191,13";"1570,22";"2176,05";3543709
"Rinópolis";"2018";"2104,03";"1530,36";"2606,85";"1619,82";"1785,46";"2344,79";3543808
"Rio Claro";"2018";"2944,08";"2895,6";"3396,25";"2627,62";"2123,94";"2943,72";3543907
"Rio das Pedras";"2018";"2879,39";"2775,81";"3118,37";"2774,61";"2196,64";"2780,09";3544004
"Rio Grande da Serra";"2018";"2417,27";"1184,24";"2954,53";"2413,01";"1900,04";"2230,8";3544103
"Riolândia";"2018";"2113,5";"1845,9";"3801,23";"1108,38";"1431,35";"2303,58";3544202
"Riversul";"2018";"1845,97";"1959,18";"1383,94";"1659,22";"1360,19";"2081,9";3543501
"Rosana";"2018";"2740,56";"2088,29";"8227,92";"2334,72";"1737,48";"2472,46";3544251
"Roseira";"2018";"2021,12";"1413,31";"2382,39";"2621,4";"1654,97";"1908,54";3544301
"Rubiácea";"2018";"2607,61";"2127,11";"2492,59";"1491,12";"1958,49";"2822,69";3544400
"Rubinéia";"2018";"2275,32";"2146,4";"2222,38";"-";"2132,28";"2351,43";3544509
"Sabino";"2018";"2073,31";"2098,36";"3130,25";"-";"1516,24";"2232,3";3544608
"Sagres";"2018";"1671,74";"1490,17";"1526,36";"-";"1709,61";"1720,73";3544707
"Sales";"2018";"2048,39";"1767,2";"1647,98";"1568,82";"1776,09";"2304,29";3544806
"Sales Oliveira";"2018";"2210,16";"2344,36";"2399,96";"1794,71";"1852,83";"2185,77";3544905
"Salesópolis";"2018";"1786,93";"1309,31";"2053,41";"1727,75";"1514,5";"2194,82";3545001
"Salmourão";"2018";"1926,27";"2025,04";"1408,13";"1494,13";"1749,48";"2000,54";3545100
"Saltinho";"2018";"2898,25";"1852,29";"3498,27";"2727,42";"2148,75";"3365,48";3545159
"Salto";"2018";"2924,69";"2721,23";"3665,7";"3465,17";"2739,43";"2385,92";3545209
"Salto de Pirapora";"2018";"2730,86";"1902,38";"3287,82";"2268,18";"1804,34";"2820,6";3545308
"Salto Grande";"2018";"2270,79";"2022,32";"2597,17";"1891,14";"2217,66";"2158,95";3545407
"Sandovalina";"2018";"2838,99";"1966,81";"3120,56";"2126,67";"1584,07";"2288,5";3545506
"Santa Adélia";"2018";"2547,32";"3205,73";"1666,13";"1445,57";"1651,91";"1820,11";3545605
"Santa Albertina";"2018";"2646,12";"2990,16";"2886,73";"1544,85";"1469,48";"2125,86";3545704
"Santa Bárbara d'Oeste";"2018";"2746,82";"2506,54";"3285,3";"3333,71";"2148,64";"2486,57";3545803
"Santa Branca";"2018";"1930,55";"1438,17";"2976,04";"1742,27";"1652,21";"1791,65";3546009
"Santa Clara d'Oeste";"2018";"2138,66";"1877,98";"2259,65";"-";"1683,01";"2378,94";3546108
"Santa Cruz da Conceição";"2018";"2300,55";"1970,09";"1970,6";"1699,85";"1875,72";"3191,56";3546207
"Santa Cruz da Esperança";"2018";"1928,01";"2047,25";"2594,28";"-";"1563,1";"1845,28";3546256
"Santa Cruz das Palmeiras";"2018";"2208,95";"2350,3";"1538,4";"1577,85";"1781,44";"2420,33";3546306
"Santa Cruz do Rio Pardo";"2018";"2362,41";"1666";"3153,13";"1916,63";"1967,79";"2544,42";3546405
"Santa Ernestina";"2018";"2461,18";"1051,58";"1687,6";"2463,59";"1860,42";"2792,97";3546504
"Santa Fé do Sul";"2018";"2001,42";"2152,8";"2053,27";"2311,6";"1733,65";"2095,43";3546603
"Santa Gertrudes";"2018";"3241,78";"1889";"3623,08";"1880,82";"1913,95";"2724,91";3546702
"Santa Isabel";"2018";"2325,88";"1505,49";"2861,22";"2269,98";"1811,38";"2374,41";3546801
"Santa Lúcia";"2018";"2077,61";"1677,49";"2540,55";"1986,41";"1685,27";"2236,96";3546900
"Santa Maria da Serra";"2018";"2168,46";"1415,9";"1954,37";"3119,7";"1606,36";"2856,25";3547007
"Santa Mercedes";"2018";"1908,46";"1766,35";"2164,55";"-";"1791,86";"1923,35";3547106
"Santa Rita d'Oeste";"2018";"1971,88";"1904,59";"1307,66";"1986,51";"1553,19";"2164,51";3547403
"Santa Rita do Passa Quatro";"2018";"1959,6";"1842,1";"2293,99";"2208,63";"1746,11";"1900,79";3547502
"Santa Rosa de Viterbo";"2018";"2423,9";"1586,14";"3814,1";"1961,79";"1668,82";"2067,97";3547601
"Santa Salete";"2018";"2192,74";"1533,23";"1418,67";"-";"1612,94";"2499,95";3547650
"Santana da Ponte Pensa";"2018";"2254,3";"1502,66";"1630,33";"-";"1142,26";"2507,63";3547205
"Santana de Parnaíba";"2018";"2981,13";"1967,39";"3340,87";"2611,41";"2637,72";"2945,36";3547304
"Santo Anastácio";"2018";"2186,1";"2435,27";"3046,2";"1374";"1669,37";"2196,66";3547700
"Santo André";"2018";"2867,35";"1495,3";"4286,44";"2514,32";"2268,81";"2841,05";3547809
"Santo Antônio da Alegria";"2018";"1666,25";"1602,65";"1473,19";"1554,94";"1431,46";"1861,64";3547908
"Santo Antônio de Posse";"2018";"2714,95";"2972,77";"3427,41";"2267,31";"2410,93";"2324,28";3548005
"Santo Antônio do Aracanguá";"2018";"2063,13";"2251,65";"1864,01";"1587,22";"1517,91";"2184,17";3548054
"Santo Antônio do Jardim";"2018";"1903,27";"1657,3";"1922,88";"1534,56";"1868,06";"2222,75";3548104
"Santo Antônio do Pinhal";"2018";"1823,86";"1555,86";"1904,03";"1599,73";"1472,44";"1974,14";3548203
"Santo Expedito";"2018";"1835,44";"1535,59";"5723,04";"1549,93";"1559,96";"1878,15";3548302
"Santópolis do Aguapeí";"2018";"1969,07";"2067,5";"2956,91";"1962,5";"1566,05";"2036,93";3548401
"Santos";"2018";"3347,58";"2176,37";"9224,44";"2808,52";"2352,58";"3229,13";3548500
"São Bento do Sapucaí";"2018";"1757,11";"1356,12";"2088,29";"1442,13";"1633,09";"1849,88";3548609
"São Bernardo do Campo";"2018";"3772,6";"1773,02";"5954,64";"2869,93";"2396,4";"3005,34";3548708
"São Caetano do Sul";"2018";"3178,81";"5012,33";"3203,47";"2817,06";"3169,12";"3232,64";3548807
"São Carlos";"2018";"3389,82";"1917,45";"3562,08";"2484,32";"2030,73";"4056,31";3548906
"São Francisco";"2018";"2236,82";"1412,95";"3600,91";"-";"1508,4";"2397,15";3549003
"São João da Boa Vista";"2018";"2444,74";"2205,06";"2809,85";"2004,93";"2020,96";"2606,62";3549102
"São João das Duas Pontes";"2018";"1979,76";"1435,2";"2394,25";"1654,06";"1902,56";"2111,49";3549201
"São João de Iracema";"2018";"2310,49";"1482,43";"-";"-";"1684,64";"2500,69";3549250
"São João do Pau d'Alho";"2018";"2414,46";"1694,22";"1479,13";"-";"1471,27";"2694,86";3549300
"São Joaquim da Barra";"2018";"3132,56";"2151,76";"3834,53";"1782,01";"2615,86";"2453,78";3549409
"São José da Bela Vista";"2018";"1855,41";"1703,36";"1854,19";"1537,33";"1505,12";"2038,77";3549508
"São José do Barreiro";"2018";"2234,3";"1300,55";"2467,89";"4896,22";"1346,62";"2848,7";3549607
"São José do Rio Pardo";"2018";"2209,58";"1543,43";"2745,33";"2342,83";"1921,65";"2198,92";3549706
"São José do Rio Preto";"2018";"2749,1";"3449,61";"2557,75";"2429,06";"2339,79";"3038,47";3549805
"São José dos Campos";"2018";"3651,66";"1503,97";"6762,36";"2282,5";"2204,41";"3248,22";3549904
"São Lourenço da Serra";"2018";"1464";"1429,03";"2294,63";"2888,37";"1697,49";"1388,89";3549953
"São Luiz do Paraitinga";"2018";"2316,59";"1614,3";"2538,21";"1544,85";"1700,35";"2764,24";3550001
"São Manuel";"2018";"2426,61";"1821,54";"3017,26";"2510,37";"1879,92";"2460,24";3550100
"São Miguel Arcanjo";"2018";"1921,89";"1662,18";"1599,7";"1595,18";"1600,97";"2500,14";3550209
"São Paulo";"2018";"4071,88";"5519,09";"4369,98";"3032,49";"3254,57";"4309,96";3550308
"São Pedro";"2018";"2186,35";"2163,75";"1988,03";"1928,13";"1860,32";"2478,17";3550407
"São Pedro do Turvo";"2018";"1970,9";"1516,15";"2461,49";"-";"1618,99";"2414,2";3550506
"São Roque";"2018";"2413,81";"1325,83";"2976,94";"2097,8";"2169,18";"2417,66";3550605
"São Sebastião";"2018";"3479,97";"1810,98";"2930,94";"4329,82";"2241,4";"3646,9";3550704
"São Sebastião da Grama";"2018";"1873,32";"1516,42";"1990,93";"1601,44";"1820,7";"2140,32";3550803
"São Simão";"2018";"2196,47";"2217,86";"2416,63";"1531,98";"1760,54";"2204,33";3550902
"São Vicente";"2018";"2627,79";"2033,32";"3432,75";"2563,66";"2053,92";"2902,89";3551009
"Sarapuí";"2018";"1849,22";"1542,77";"1741,57";"1457,94";"1558,85";"2354,58";3551108
"Sarutaiá";"2018";"1746,33";"1419,2";"1207,03";"3262,96";"1436,29";"2099,82";3551207
"Sebastianópolis do Sul";"2018";"2996,02";"1488,94";"3196,9";"1804,37";"1571,05";"2503,43";3551306
"Serra Azul";"2018";"2098,83";"1659,02";"2449,7";"1518,95";"1692,99";"2281,2";3551405
"Serra Negra";"2018";"1866,16";"1542,11";"1856,65";"1706,96";"1755,87";"1980,32";3551603
"Serrana";"2018";"2911,35";"3073,01";"3691,02";"2116,16";"2016,97";"2612,42";3551504
"Sertãozinho";"2018";"3105,21";"2813,17";"3615,75";"2541,27";"2362,28";"3014,51";3551702
"Sete Barras";"2018";"1760,61";"1410,63";"1846,58";"1791,31";"1480,98";"2466,09";3551801
"Severínia";"2018";"2374,86";"2281,79";"2976,81";"1530,44";"1839,11";"2388,66";3551900
"Silveiras";"2018";"1869,41";"1256,34";"2245,79";"2388,27";"1860,41";"2104,12";3552007
"Socorro";"2018";"1915,78";"1507,36";"1934,12";"1953,2";"1813,49";"1999,68";3552106
"Sorocaba";"2018";"3132,65";"1885,85";"4500,59";"2560,33";"2138";"2876,69";3552205
"Sud Mennucci";"2018";"2342,97";"1763,98";"3065,88";"1648,13";"1656,73";"2419,93";3552304
"Sumaré";"2018";"3808,48";"1640,58";"5726,64";"1968,99";"2507,97";"3115,1";3552403
"Suzanápolis";"2018";"2983,65";"2069,33";"3379,64";"2800";"1403,54";"2465,02";3552551
"Suzano";"2018";"2876,83";"1567,12";"4210,79";"2189,81";"1951,95";"2527,8";3552502
"Tabapuã";"2018";"2052,68";"1566,38";"1867,81";"1502,48";"1752,45";"2454,8";3552601
"Tabatinga";"2018";"1541,9";"930,16";"1539,11";"1311,6";"1602,71";"2290,56";3552700
"Taboão da Serra";"2018";"2599,28";"1127,85";"3622,4";"1991,25";"2027,17";"2537,48";3552809
"Taciba";"2018";"2690,19";"1729,2";"8843,67";"1649,75";"1529,57";"2593,06";3552908
"Taguaí";"2018";"1433,05";"1467,34";"1254,18";"1097,88";"1540,3";"2007,38";3553005
"Taiaçu";"2018";"1930,49";"1613,26";"1313,97";"1108,38";"1758,91";"2226,78";3553104
"Taiúva";"2018";"1993,81";"1769,13";"2608,61";"1215";"1702,99";"2143,95";3553203
"Tambaú";"2018";"2122,97";"1586,79";"2464,14";"1809,28";"1796,84";"2218,68";3553302
"Tanabi";"2018";"2475,25";"1627,77";"2431,16";"1580,23";"1823,42";"3141,33";3553401
"Tapiraí";"2018";"2028,79";"1563,9";"2450,46";"1703,71";"1615,09";"2169,05";3553500
"Tapiratiba";"2018";"2231,18";"2226,93";"2266,44";"1542,14";"1628,2";"2541,09";3553609
"Taquaral";"2018";"1760,34";"1702,39";"1994,57";"-";"1578,78";"1835,09";3553658
"Taquaritinga";"2018";"2191,41";"1646,42";"2385,34";"2874,89";"1942,64";"2288,97";3553708
"Taquarituba";"2018";"2105,4";"1854,48";"1773,6";"2337,36";"1858,58";"2490,17";3553807
"Taquarivaí";"2018";"2071,77";"2096,97";"2384,32";"1591,07";"1697,42";"2171,8";3553856
"Tarabai";"2018";"1915,62";"1967,45";"1990,4";"1411,44";"1705,47";"1969,56";3553906
"Tarumã";"2018";"2614,43";"3041,34";"2755,78";"2246,82";"1942,83";"2137,32";3553955
"Tatuí";"2018";"2533,73";"1789,12";"3007,74";"2491,9";"2026,86";"2635,22";3554003
"Taubaté";"2018";"3015,18";"1395,93";"5008,27";"2339,03";"1988,29";"2551,99";3554102
"Tejupá";"2018";"1560,24";"1285,43";"1260,03";"1636,96";"1526,39";"2156,62";3554201
"Teodoro Sampaio";"2018";"2130,11";"2513,04";"2500,13";"1285,9";"1700,45";"2099,24";3554300
"Terra Roxa";"2018";"1909,81";"1698,28";"1957,9";"1961,66";"1597,42";"2106,2";3554409
"Tietê";"2018";"2566,75";"1921,98";"2455,95";"3006,67";"2078,84";"3131,11";3554508
"Timburi";"2018";"2000,82";"1471,49";"1498,24";"1440,87";"1485,86";"2486,39";3554607
"Torre de Pedra";"2018";"2172,45";"1724,48";"3409,23";"-";"1401,9";"2341,48";3554656
"Torrinha";"2018";"1910,27";"1673,83";"1867,41";"1644,53";"1496,7";"2237,67";3554706
"Trabiju";"2018";"2251,71";"1538,31";"1995,6";"-";"1484,45";"2996,64";3554755
"Tremembé";"2018";"2441,96";"1453,67";"2890,72";"2172,19";"1730,65";"2684,24";3554805
"Três Fronteiras";"2018";"2120,04";"1520,62";"1928,93";"1912,32";"1807,43";"2522,63";3554904
"Tuiuti";"2018";"2086,32";"1327,77";"1739,33";"-";"1716,5";"2471,2";3554953
"Tupã";"2018";"2082,86";"1738,57";"2166,16";"1831,07";"1817,79";"2267,52";3555000
"Tupi Paulista";"2018";"1941,59";"1586,74";"1856,18";"1602,77";"1627,46";"2263,25";3555109
"Turiúba";"2018";"2014,37";"1650,96";"2635,83";"1768,25";"1532,8";"2188,36";3555208
"Turmalina";"2018";"2243,82";"2047,83";"5433,94";"1108,38";"1361,55";"2415,08";3555307
"Ubarana";"2018";"2684,25";"2136,29";"2992,3";"1511,84";"1597,48";"2362,74";3555356
"Ubatuba";"2018";"2150,69";"1514,23";"2653,58";"1873,32";"1758,22";"2322,52";3555406
"Ubirajara";"2018";"1922,44";"1518,28";"1852,9";"1478,27";"1601,2";"2643,29";3555505
"Uchoa";"2018";"2233,7";"1676,28";"2595,96";"1779,78";"1747,16";"2499,89";3555604
"União Paulista";"2018";"1942,48";"2013,52";"1203,53";"954";"1085,57";"2119,87";3555703
"Urânia";"2018";"2159,76";"1604,21";"2693,61";"-";"1545,95";"2198,28";3555802
"Uru";"2018";"1947,62";"1495,81";"3129,34";"-";"1631,85";"2059,78";3555901
"Urupês";"2018";"2111,3";"1667,89";"1503,72";"2201,65";"1940,53";"2948,61";3556008
"Valentim Gentil";"2018";"1896,52";"1819,47";"1765,11";"1890,71";"1778,16";"2367,85";3556107
"Valinhos";"2018";"3261,18";"1816,13";"4176,97";"2614,97";"2482,56";"3136,17";3556206
"Valparaíso";"2018";"2940,71";"2010,56";"3584";"2033,31";"1662,92";"2486,91";3556305
"Vargem";"2018";"2050,13";"1445,31";"2576,3";"1641,55";"1620,11";"2180,76";3556354
"Vargem Grande do Sul";"2018";"2226,76";"2105,86";"2531,72";"1653,48";"1836,27";"2426,85";3556404
"Vargem Grande Paulista";"2018";"3100,11";"1540,69";"3824,93";"2485,48";"2352,62";"3116,32";3556453
"Várzea Paulista";"2018";"3120,14";"2198,42";"3514,49";"2181,8";"2076,11";"3198,72";3556503
"Vera Cruz";"2018";"2039,12";"1639,57";"1841,19";"1426,37";"2047,54";"2272,98";3556602
"Vinhedo";"2018";"3325,16";"1839,78";"3730,94";"2789,5";"3003,38";"2986,15";3556701
"Viradouro";"2018";"1822,62";"1862,77";"1785,69";"1376,68";"1655,29";"1930,8";3556800
"Vista Alegre do Alto";"2018";"3009,59";"1724,52";"3530,36";"-";"1825,01";"3278,11";3556909
"Vitória Brasil";"2018";"2320,34";"1469,84";"2750";"-";"1780,86";"2543,16";3556958
"Votorantim";"2018";"2751,97";"1354,67";"3265,14";"2243,49";"2201";"2893,69";3557006
"Votuporanga";"2018";"2244,17";"1880,71";"2235,8";"1678,66";"2158,72";"2373,97";3557105
"Zacarias";"2018";"2254,98";"1921,26";"2379,52";"-";"1328,75";"2501,58";3557154
