Localidades;Períodos;Abastecimento de Água  Nível de Atendimento  Censo Demográfico (Em %);Coleta de Lixo  Nível de Atendimento  Censo Demográfico (Em %);Esgoto Sanitário  Nível de Atendimento  Censo Demográfico (Em %);Cód. IBGE
Adamantina;2010;99.76;99.89;99.03;3500105
Adolfo;2010;96.76;99.72;95.93;3500204
Aguaí;2010;99.29;99.66;98.87;3500303
Águas da Prata;2010;95.84;99.38;87.99;3500402
Águas de Lindóia;2010;93.54;98.74;90.33;3500501
Águas de Santa Bárbara;2010;98.53;100;75.56;3500550
Águas de São Pedro;2010;99.9;99.9;97.47;3500600
Agudos;2010;99.04;99.86;96.91;3500709
Alambari;2010;96.12;99.82;70.55;3500758
Alfredo Marcondes;2010;98.76;99.12;97.35;3500808
Altair;2010;98.31;100;86.12;3500907
Altinópolis;2010;99.93;99.93;98.88;3501004
Alto Alegre;2010;99.36;99.64;96.17;3501103
Alumínio;2010;98.49;99.98;91.71;3501152
Álvares Florence;2010;99.49;99.8;98.98;3501202
Álvares Machado;2010;97.98;99.04;93.06;3501301
Álvaro de Carvalho;2010;99.89;99.89;99.23;3501400
Alvinlândia;2010;100;100;95.62;3501509
Americana;2010;98.31;99.93;98.37;3501608
Américo Brasiliense;2010;99.69;99.85;99.51;3501707
Américo de Campos;2010;99.82;99.82;98.98;3501806
Amparo;2010;93.95;99.85;89.47;3501905
Analândia;2010;98.73;100;93.28;3502002
Andradina;2010;99.32;99.47;90.29;3502101
Angatuba;2010;99.25;99.6;96.96;3502200
Anhembi;2010;98.87;99.85;97.97;3502309
Anhumas;2010;99.89;100;99.47;3502408
Aparecida;2010;99.33;99.01;97.01;3502507
Aparecida d'Oeste;2010;99.69;100;96.99;3502606
Apiaí;2010;96.85;97.86;69.96;3502705
Aramina;2010;99.87;99.09;97.14;3503000
Arandu;2010;95.06;99.37;94.64;3503109
Arapeí;2010;96.71;99.34;59.38;3503158
Araraquara;2010;99.43;99.96;98.89;3503208
Araras;2010;99.91;99.95;99.79;3503307
Araçariguama;2010;68.14;91.23;53.42;3502754
Araçatuba;2010;99.04;99.85;98.65;3502804
Araçoiaba da Serra;2010;81.95;99.71;40.67;3502903
ArcoÍris;2010;100;99.73;98.14;3503356
Arealva;2010;96.44;99.67;90.71;3503406
Areias;2010;99.31;99.59;86.91;3503505
Areiópolis;2010;98.86;99.89;98.97;3503604
Ariranha;2010;95.85;100;99.26;3503703
Artur Nogueira;2010;97.82;99.89;96.26;3503802
Arujá;2010;95.99;99.65;58.3;3503901
Aspásia;2010;99.06;100;99.06;3503950
Assis;2010;99.16;99.85;98.52;3504008
Atibaia;2010;82.01;99.46;56.82;3504107
Auriflama;2010;98.15;98.63;96.92;3504206
Avaí;2010;97.5;99.72;95.38;3504305
Avanhandava;2010;99.52;99.97;99.31;3504404
Avaré;2010;98.12;99.66;96.84;3504503
Bady Bassitt;2010;98.77;99.91;99.45;3504602
Balbinos;2010;99.27;99.76;98.29;3504701
Bálsamo;2010;98.86;99.53;98.82;3504800
Bananal;2010;97.46;99.47;94.39;3504909
Barão de Antonina;2010;99.54;99.07;84.08;3505005
Barbosa;2010;98.77;99.89;98.44;3505104
Bariri;2010;99.61;99.89;99.52;3505203
Barra Bonita;2010;99.93;99.88;99.74;3505302
Barra do Chapéu;2010;94.97;96.86;65.62;3505351
Barra do Turvo;2010;97.03;100;76.58;3505401
Barretos;2010;98.88;99.7;98.26;3505500
Barrinha;2010;99.57;99.77;97.26;3505609
Barueri;2010;99.26;99.92;90.95;3505708
Bastos;2010;99.53;99.8;99.33;3505807
Batatais;2010;99.73;99.84;99.28;3505906
Bauru;2010;98.86;99.61;97.79;3506003
Bebedouro;2010;99.62;99.85;99.69;3506102
Bento de Abreu;2010;99.87;100;100;3506201
Bernardino de Campos;2010;99.9;99.94;99.81;3506300
Bertioga;2010;90.2;99.68;30.81;3506359
Bilac;2010;99.64;99.55;98.82;3506409
Birigui;2010;98.92;99.73;99.27;3506508
Biritiba Mirim;2010;76.33;97.63;70.34;3506607
Boa Esperança do Sul;2010;99.97;99.89;99.46;3506706
Bocaina;2010;97.61;98.66;96.76;3506805
Bofete;2010;96.11;99.49;94.23;3506904
Boituva;2010;92.9;99.54;86.31;3507001
Bom Jesus dos Perdões;2010;96.94;99.93;84.31;3507100
Bom Sucesso de Itararé;2010;97.62;99.41;94.21;3507159
Borá;2010;100;100;100;3507209
Boracéia;2010;98.76;98.85;98.68;3507308
Borborema;2010;98.49;99.91;96.17;3507407
Borebi;2010;99.84;99.51;98.86;3507456
Botucatu;2010;98.96;99.66;95.65;3507506
Bragança Paulista;2010;90.5;99.63;81.24;3507605
Braúna;2010;99.35;99.57;97.92;3507704
Brejo Alegre;2010;99.12;100;98.1;3507753
Brodowski;2010;98.78;99.57;97.53;3507803
Brotas;2010;98.85;99.76;97.42;3507902
Buri;2010;98.29;99.28;92.54;3508009
Buritama;2010;97.8;99.57;93.29;3508108
Buritizal;2010;98.93;99.91;99.91;3508207
Cabrália Paulista;2010;99.5;99.58;98.42;3508306
Cabreúva;2010;91.47;99.46;82.02;3508405
Cachoeira Paulista;2010;98.13;99.5;93.65;3508603
Caconde;2010;98.77;99.33;91.6;3508702
Cafelândia;2010;95.11;99.59;98.65;3508801
Caiabu;2010;95.77;97.8;84.13;3508900
Caieiras;2010;97.4;99.87;86.5;3509007
Caiuá;2010;99.85;99.7;94.16;3509106
Cajamar;2010;92.58;99.17;71.71;3509205
Cajati;2010;97.84;99.77;74.47;3509254
Cajobi;2010;98.04;99.79;99.45;3509304
Cajuru;2010;99.09;99.77;97.33;3509403
Campina do Monte Alegre;2010;97.8;99.35;87.75;3509452
Campinas;2010;98.89;99.76;87.02;3509502
Campo Limpo Paulista;2010;92.06;99.64;65.11;3509601
Campos do Jordão;2010;89.95;99.35;77.98;3509700
Campos Novos Paulista;2010;98.89;99.91;97.52;3509809
Cananéia;2010;95.88;98.65;68.93;3509908
Canas;2010;97.07;99.82;79.59;3509957
Cândido Mota;2010;99.43;99.67;97.92;3510005
Cândido Rodrigues;2010;99.44;99.58;99.58;3510104
Canitar;2010;99.65;100;89.79;3510153
Capão Bonito;2010;97.98;99.27;95.93;3510203
Capela do Alto;2010;94.82;99.7;66.65;3510302
Capivari;2010;97.28;99.16;89.77;3510401
Caraguatatuba;2010;98.21;99.79;57.94;3510500
Carapicuíba;2010;98.1;99.48;81.19;3510609
Cardoso;2010;96.42;98.65;87.11;3510708
Casa Branca;2010;99.32;99.53;98.93;3510807
Cássia dos Coqueiros;2010;98.43;99.83;93.73;3510906
Castilho;2010;96.05;99.63;93.04;3511003
Catanduva;2010;97.91;99.82;98.56;3511102
Catiguá;2010;98.94;99.57;96.5;3511201
Caçapava;2010;98.16;99.78;92.15;3508504
Cedral;2010;98.81;99.76;96.3;3511300
Cerqueira César;2010;99.66;99.92;97.58;3511409
Cerquilho;2010;99.53;99.67;98.03;3511508
Cesário Lange;2010;96.29;99.78;92.02;3511607
Charqueada;2010;99.5;99.65;89.1;3511706
Chavantes;2010;100;99.91;98;3557204
Clementina;2010;99.66;99.85;99.37;3511904
Colina;2010;99.34;99.72;98.17;3512001
Colômbia;2010;98.07;98.76;94.9;3512100
Conchal;2010;96.47;99.75;97.1;3512209
Conchas;2010;96.23;99.53;92.63;3512308
Cordeirópolis;2010;99.64;99.86;99.05;3512407
Coroados;2010;99.71;99.93;98.2;3512506
Coronel Macedo;2010;99.6;99.84;97.08;3512605
Corumbataí;2010;99.85;99.7;96.75;3512704
Cosmópolis;2010;98.35;99.9;94.67;3512803
Cosmorama;2010;97.95;99.72;96.64;3512902
Cotia;2010;90.98;99.29;52.94;3513009
Cravinhos;2010;99.79;100;99.64;3513108
Cristais Paulista;2010;97.41;99.94;94.24;3513207
Cruzália;2010;98.87;100;95.86;3513306
Cruzeiro;2010;99.54;99.47;97.05;3513405
Cubatão;2010;87.76;99.05;54.09;3513504
Cunha;2010;98.33;98.28;90.02;3513603
Descalvado;2010;99.77;99.86;99.36;3513702
Diadema;2010;99.43;99.61;96.55;3513801
Dirce Reis;2010;100;99.78;98.9;3513850
Divinolândia;2010;98.55;99.72;89.39;3513900
Dobrada;2010;99.92;99.96;99.45;3514007
Dois Córregos;2010;99.72;99.97;97.14;3514106
Dolcinópolis;2010;99.71;99.85;99.42;3514205
Dourado;2010;99.31;99.96;98.69;3514304
Dracena;2010;99.71;99.71;96.57;3514403
Duartina;2010;99.61;99.94;98.56;3514502
Dumont;2010;99.91;99.91;99.3;3514601
Echaporã;2010;98.51;100;96.77;3514700
Eldorado;2010;99.27;99.77;90.51;3514809
Elias Fausto;2010;96.78;100;97.56;3514908
Elisiário;2010;99.34;100;98.13;3514924
Embaúba;2010;98.11;99.27;94.34;3514957
Embu das Artes;2010;98.01;99.32;72.78;3515004
EmbuGuaçu;2010;79.27;98.18;41.79;3515103
Emilianópolis;2010;99.3;99.53;98.12;3515129
Engenheiro Coelho;2010;97.65;99.7;97.14;3515152
Espírito Santo do Pinhal;2010;98.99;99.88;98.71;3515186
Espírito Santo do Turvo;2010;99.46;100;98.04;3515194
Estiva Gerbi;2010;97.92;99.15;96.36;3557303
Estrela d'Oeste;2010;99.21;99.91;97.33;3515202
Estrela do Norte;2010;98.87;99.03;97.74;3515301
Euclides da Cunha Paulista;2010;98.97;99.13;93.48;3515350
Fartura;2010;99.52;99.95;98.02;3515400
Fernando Prestes;2010;99.87;100;98.56;3515608
Fernandópolis;2010;98.69;99.82;98.75;3515509
Fernão;2010;98.57;100;98.93;3515657
Ferraz de Vasconcelos;2010;99.24;99.64;85.92;3515707
Flora Rica;2010;99.22;99.8;95.49;3515806
Floreal;2010;99.66;100;99.55;3515905
Flórida Paulista;2010;99.82;99.91;98.58;3516002
Florínea;2010;97.86;99.88;96.79;3516101
Franca;2010;99.76;99.96;99.31;3516200
Francisco Morato;2010;95.96;97.94;50.01;3516309
Franco da Rocha;2010;96.92;98.75;69.17;3516408
Gabriel Monteiro;2010;98.99;99.62;99.24;3516507
Gália;2010;99.89;99.95;98.3;3516606
Garça;2010;99.9;99.87;99.32;3516705
Gastão Vidigal;2010;97.62;99.74;98.68;3516804
Gavião Peixoto;2010;100;100;99.82;3516853
General Salgado;2010;98.82;99.67;96.86;3516903
Getulina;2010;99.77;99.47;95.72;3517000
Glicério;2010;97.91;100;97.15;3517109
Guaimbê;2010;99.86;99.86;99.19;3517307
Guaíra;2010;99.82;99.89;99.67;3517406
Guaiçara;2010;99.42;99.66;88.38;3517208
Guapiara;2010;99.28;99.41;83.08;3517604
Guapiaçu;2010;94.48;99.88;92.27;3517505
Guará;2010;93.45;99.74;99.06;3517703
Guaraci;2010;94.81;99.82;95.97;3517901
Guarani d'Oeste;2010;99.84;100;97.28;3518008
Guarantã;2010;99.94;99.88;99.34;3518107
Guararapes;2010;99.58;99.84;99.12;3518206
Guararema;2010;78.79;98.86;51.1;3518305
Guaratinguetá;2010;99.24;99.79;92.54;3518404
Guaraçaí;2010;99.91;100;99.78;3517802
Guareí;2010;96.65;98.08;75.94;3518503
Guariba;2010;92.59;99.97;99.56;3518602
Guarujá;2010;93.17;99.17;77.97;3518701
Guarulhos;2010;97.6;99.65;86.9;3518800
Guatapará;2010;99.47;97.88;95.09;3518859
Guzolândia;2010;99.92;100;99.31;3518909
Herculândia;2010;99.37;99.45;93.93;3519006
Holambra;2010;90.87;99.67;88.46;3519055
Hortolândia;2010;98.15;99.65;36.9;3519071
Iacanga;2010;99.31;99.71;93.84;3519105
Iacri;2010;99.76;99.7;99.51;3519204
Iaras;2010;88.62;99.2;87.13;3519253
Ibaté;2010;99.82;99.86;99.61;3519303
Ibirá;2010;96.47;99.97;94.57;3519402
Ibirarema;2010;99.4;99.85;95.4;3519501
Ibitinga;2010;99.46;99.6;98.78;3519600
Ibiúna;2010;90.33;98.57;54.54;3519709
Icém;2010;97.44;99.8;99.61;3519808
Iepê;2010;99.41;99.5;92.69;3519907
Igarapava;2010;98.43;99.27;97.88;3520103
Igaratá;2010;76.4;97.72;50.56;3520202
Igaraçu do Tietê;2010;99.6;99.66;99.33;3520004
Iguape;2010;87.87;92.75;73.1;3520301
Ilha Comprida;2010;88.75;97.91;38.04;3520426
Ilha Solteira;2010;98.71;97.49;94.1;3520442
Ilhabela;2010;81.4;99.48;7.37;3520400
Indaiatuba;2010;94.96;99.67;94.13;3520509
Indiana;2010;99.85;99.85;80.09;3520608
Indiaporã;2010;96.41;99.12;90.44;3520707
Inúbia Paulista;2010;99.61;99.9;98.07;3520806
Ipaussu;2010;99.61;99.92;98.09;3520905
Iperó;2010;96.44;99.88;77.82;3521002
Ipeúna;2010;99.94;100;92.29;3521101
Ipiguá;2010;99.89;99.89;100;3521150
Iporanga;2010;94.59;99.15;74.22;3521200
Ipuã;2010;99.15;99.74;99.34;3521309
Iracemápolis;2010;99.71;99.9;94.38;3521408
Irapuã;2010;99.2;99.6;99;3521507
Irapuru;2010;100;99.42;92.64;3521606
Itaberá;2010;98.75;99.39;93.07;3521705
Itaí;2010;96.58;99.63;94.69;3521804
Itajobi;2010;98.4;98.96;98.28;3521903
Itaju;2010;100;100;99.01;3522000
Itanhaém;2010;92.59;97.28;24.4;3522109
Itaoca;2010;94.95;97.11;41.88;3522158
Itapecerica da Serra;2010;90.52;98.91;35.81;3522208
Itapetininga;2010;98.78;99.71;95.22;3522307
Itapeva;2010;98.62;99.27;93.3;3522406
Itapevi;2010;95.06;99.22;74.44;3522505
Itapira;2010;98.42;99.81;97.75;3522604
Itapirapuã Paulista;2010;94.51;97.7;82.3;3522653
Itápolis;2010;99.53;99.72;99.29;3522703
Itaporanga;2010;98.25;99.39;93.25;3522802
Itapuí;2010;92.96;99.75;88.56;3522901
Itapura;2010;99.82;98.16;32.04;3523008
Itaquaquecetuba;2010;96.69;98.81;71.33;3523107
Itararé;2010;99.11;99.44;91.73;3523206
Itariri;2010;87.06;96.14;49.26;3523305
Itatiba;2010;99.17;99.9;97.74;3523404
Itatinga;2010;98.5;99.77;97.27;3523503
Itirapina;2010;95.78;99.75;88.99;3523602
Itirapuã;2010;99.93;99.93;99.23;3523701
Itobi;2010;97.87;99.57;96.71;3523800
Itu;2010;98.69;99.64;96.62;3523909
Itupeva;2010;89.96;99.65;83.31;3524006
Ituverava;2010;99.76;99.96;99.74;3524105
Jaborandi;2010;93.82;100;99.89;3524204
Jaboticabal;2010;99.09;99.86;99.38;3524303
Jacareí;2010;97.48;99.53;91.6;3524402
Jaci;2010;99.8;99.87;97.19;3524501
Jacupiranga;2010;99.44;99.8;91.25;3524600
Jaguariúna;2010;96.02;99.58;90.07;3524709
Jales;2010;99.13;99.91;98.89;3524808
Jambeiro;2010;99.12;99.62;94.95;3524907
Jandira;2010;99.37;99.93;83.5;3525003
Jardinópolis;2010;98.69;99.9;99.75;3525102
Jarinu;2010;55.77;98.66;25.11;3525201
Jaú;2010;99.56;99.9;99.32;3525300
Jeriquara;2010;99.38;99.63;98.5;3525409
Joanópolis;2010;69.65;99.15;68.11;3525508
João Ramalho;2010;98.83;100;98.74;3525607
José Bonifácio;2010;99.43;99.8;97.83;3525706
Júlio Mesquita;2010;99.77;99.47;96.33;3525805
Jumirim;2010;96.46;99.8;85.63;3525854
Jundiaí;2010;97.82;99.93;95.9;3525904
Junqueirópolis;2010;99.88;99.84;99.14;3526001
Juquiá;2010;94.28;98;72.62;3526100
Juquitiba;2010;74.86;95.08;28.83;3526209
Lagoinha;2010;98.71;99.35;94.55;3526308
Laranjal Paulista;2010;98.39;99.59;89.78;3526407
Lavínia;2010;99.8;99.8;94.3;3526506
Lavrinhas;2010;98.48;99.47;79.4;3526605
Leme;2010;99.66;99.63;99.28;3526704
Lençóis Paulista;2010;99.62;99.87;98.61;3526803
Limeira;2010;98.89;99.7;98.45;3526902
Lindóia;2010;87.87;98.24;76.64;3527009
Lins;2010;99.03;99.77;98.71;3527108
Lorena;2010;98.77;99.7;97.98;3527207
Lourdes;2010;97.31;99.83;96.47;3527256
Louveira;2010;90.93;99.62;86.71;3527306
Lucélia;2010;99.7;99.8;99.19;3527405
Lucianópolis;2010;95.61;100;94.73;3527504
Luís Antônio;2010;99.81;99.9;99.48;3527603
Luiziânia;2010;99.72;99.93;99.72;3527702
Lupércio;2010;100;99.83;98.83;3527801
Lutécia;2010;98.78;99.19;96.76;3527900
Macatuba;2010;99.24;99.91;99.18;3528007
Macaubal;2010;99.5;99.71;96.53;3528106
Macedônia;2010;97.94;99.28;70.68;3528205
Magda;2010;99.69;100;98.44;3528304
Mairinque;2010;97.59;99.58;76.9;3528403
Mairiporã;2010;75;96.71;38.12;3528502
Manduri;2010;99.17;99.72;98.25;3528601
Marabá Paulista;2010;99.6;98.92;91.67;3528700
Maracaí;2010;96.73;99.64;92.87;3528809
Marapoama;2010;98.54;99.87;99.73;3528858
Mariápolis;2010;100;99.71;94.66;3528908
Marília;2010;99.21;99.71;97.72;3529005
Marinópolis;2010;100;100;99.64;3529104
Martinópolis;2010;97.13;99.64;96.18;3529203
Matão;2010;99.29;99.79;99.08;3529302
Mauá;2010;99.31;99.8;90.36;3529401
Mendonça;2010;99.3;99.77;97.9;3529500
Meridiano;2010;97.98;99.44;96.18;3529609
Mesópolis;2010;98.22;99.21;97.63;3529658
Miguelópolis;2010;89.17;99.34;95.26;3529708
Mineiros do Tietê;2010;99.74;99.69;98.54;3529807
Mira Estrela;2010;97.36;100;97.22;3530003
Miracatu;2010;96.28;99.07;69.9;3529906
Mirandópolis;2010;97.38;99.53;91.7;3530102
Mirante do Paranapanema;2010;99.34;99.64;72.9;3530201
Mirassol;2010;97.04;99.79;98.73;3530300
Mirassolândia;2010;100;99.65;77.83;3530409
Mococa;2010;98.09;99.61;97.46;3530508
Mogi das Cruzes;2010;94;99.12;82.31;3530607
Mogi Guaçu;2010;99.65;99.93;99.37;3530706
Mogi Mirim;2010;99.5;99.71;96.81;3530805
Mombuca;2010;99.48;100;96.1;3530904
Mongaguá;2010;97.48;99.2;32.66;3531100
Monte Alegre do Sul;2010;95.22;99.35;77.13;3531209
Monte Alto;2010;98.32;99.71;97.85;3531308
Monte Aprazível;2010;99.27;99.91;94.36;3531407
Monte Azul Paulista;2010;97.84;98.92;97.96;3531506
Monte Castelo;2010;99.91;99.55;98.21;3531605
Monte Mor;2010;95.51;98.93;54.26;3531803
Monteiro Lobato;2010;89.35;99.64;77.98;3531704
Monções;2010;99.07;99.69;96.45;3531001
Morro Agudo;2010;99.17;99.36;98.34;3531902
Morungaba;2010;93.19;99.67;88.26;3532009
Motuca;2010;100;100;99.59;3532058
Murutinga do Sul;2010;99.67;99.67;99.46;3532108
Nantes;2010;100;100;99.2;3532157
Narandiba;2010;99.28;100;94.86;3532207
Natividade da Serra;2010;99.41;99.6;97.92;3532306
Nazaré Paulista;2010;53.65;92.29;25.6;3532405
Neves Paulista;2010;99.52;99.89;95.8;3532504
Nhandeara;2010;98.92;99.87;98.59;3532603
Nipoã;2010;97.97;99.68;97.73;3532702
Nova Aliança;2010;99.76;99.82;99.09;3532801
Nova Campina;2010;81.9;98.63;80.96;3532827
Nova Canaã Paulista;2010;99.68;98.41;97.13;3532843
Nova Castilho;2010;100;99.23;99.23;3532868
Nova Europa;2010;99.4;99.93;99.66;3532900
Nova Granada;2010;98.44;99.74;94.2;3533007
Nova Guataporanga;2010;99.39;100;98.03;3533106
Nova Independência;2010;100;100;89.46;3533205
Nova Luzitânia;2010;99.7;99.9;99.2;3533304
Nova Odessa;2010;98.57;99.87;96.88;3533403
Novais;2010;99.75;99.75;99.59;3533254
Novo Horizonte;2010;99.22;99.78;98.5;3533502
Nuporanga;2010;99.9;99.9;99.9;3533601
Ocauçu;2010;99.82;99.45;97.99;3533700
Óleo;2010;98.82;100;91.26;3533809
Olímpia;2010;94.5;99.65;99.01;3533908
Onda Verde;2010;99.89;100;100;3534005
Oriente;2010;98.39;99.94;96.66;3534104
Orindiúva;2010;99.82;100;99.39;3534203
Orlândia;2010;99.91;99.96;99.84;3534302
Osasco;2010;99.12;99.29;83.76;3534401
Oscar Bressane;2010;99.44;99.58;98.47;3534500
Osvaldo Cruz;2010;99.8;99.78;98.98;3534609
Ourinhos;2010;99.62;99.76;98.57;3534708
Ouro Verde;2010;99.87;99.58;70.86;3534807
Ouroeste;2010;99.05;99.68;96.8;3534757
Pacaembu;2010;99.91;99.6;87.06;3534906
Palestina;2010;99.46;99.56;83.95;3535002
Palmares Paulista;2010;98.35;99.94;99.68;3535101
Palmeira d'Oeste;2010;99.92;99.92;94.98;3535200
Palmital;2010;99.85;99.82;98.72;3535309
Panorama;2010;97.78;98.98;91.95;3535408
Paraguaçu Paulista;2010;99.62;99.54;98.82;3535507
Paraibuna;2010;98.4;99.82;86.69;3535606
Paraíso;2010;99.34;100;97.5;3535705
Paranapanema;2010;96.34;99.03;88.43;3535804
Paranapuã;2010;99.31;99.74;98.35;3535903
Parapuã;2010;99.77;99.93;98.94;3536000
Pardinho;2010;90.28;99.49;87.95;3536109
PariqueraAçu;2010;97.16;99.49;84.89;3536208
Parisi;2010;100;99.83;98.98;3536257
Patrocínio Paulista;2010;98.65;99.87;98.27;3536307
Paulicéia;2010;99.26;99.08;36.96;3536406
Paulínia;2010;97.48;99.31;90.26;3536505
Paulistânia;2010;95.26;98.95;86.32;3536570
Paulo de Faria;2010;99.08;99.61;98.5;3536604
Pederneiras;2010;99.22;99.6;98.73;3536703
Pedra Bela;2010;87.69;99.58;80.68;3536802
Pedranópolis;2010;98.39;99.28;96.96;3536901
Pedregulho;2010;99.72;99.92;97.12;3537008
Pedreira;2010;97.7;99.66;95.23;3537107
Pedrinhas Paulista;2010;95.73;98.96;96.37;3537156
Pedro de Toledo;2010;90.91;98.17;64.73;3537206
Penápolis;2010;99.44;99.66;99.08;3537305
Pereira Barreto;2010;99.32;99.31;97.54;3537404
Pereiras;2010;97.63;99.63;98.63;3537503
Peruíbe;2010;91.85;98.85;38;3537602
Piacatu;2010;100;100;99.59;3537701
Piedade;2010;95.36;99.44;68.96;3537800
Pilar do Sul;2010;99.46;99.92;88.74;3537909
Pindamonhangaba;2010;98.45;99.25;95.91;3538006
Pindorama;2010;97.92;99.39;97.77;3538105
Pinhalzinho;2010;96.02;99.67;88.16;3538204
Piquerobi;2010;99.89;99.89;86.28;3538303
Piquete;2010;97.38;99.61;77.22;3538501
Piracaia;2010;76.04;95.51;62.15;3538600
Piracicaba;2010;99.42;99.8;97.96;3538709
Piraju;2010;98.98;99.74;97.07;3538808
Pirajuí;2010;99.12;98.91;95.19;3538907
Pirangi;2010;99.6;99.93;99.57;3539004
Pirapora do Bom Jesus;2010;92.22;97.06;63.82;3539103
Pirapozinho;2010;99.39;99.53;94.92;3539202
Pirassununga;2010;99.71;99.66;99.39;3539301
Piratininga;2010;91.49;98.69;88.78;3539400
Pitangueiras;2010;99.52;99.75;99.05;3539509
Planalto;2010;97.7;99.75;98.85;3539608
Platina;2010;98.3;100;98.3;3539707
Poá;2010;99.57;99.81;94.54;3539806
Poloni;2010;97.68;99.51;97.8;3539905
Pompéia;2010;99.92;99.88;97.81;3540002
Pongaí;2010;98.83;99.81;99.32;3540101
Pontal;2010;99.62;99.94;99.28;3540200
Pontalinda;2010;99.82;99.82;98.53;3540259
Pontes Gestal;2010;100;99.86;99.72;3540309
Populina;2010;99.59;99.84;98.61;3540408
Porangaba;2010;93.06;99.26;91.95;3540507
Porto Feliz;2010;96.69;99.77;96.22;3540606
Porto Ferreira;2010;99.3;99.76;96.96;3540705
Potim;2010;96.62;99.63;97.41;3540754
Potirendaba;2010;99.58;99.96;99.53;3540804
Pracinha;2010;99.78;100;95.82;3540853
Pradópolis;2010;100;100;99.79;3540903
Praia Grande;2010;98.81;99.69;72.53;3541000
Pratânia;2010;97.7;99.81;97.22;3541059
Presidente Alves;2010;99.74;100;98.6;3541109
Presidente Bernardes;2010;98.6;99.41;90.1;3541208
Presidente Epitácio;2010;97.36;98.41;88.86;3541307
Presidente Prudente;2010;99.01;99.44;97.96;3541406
Presidente Venceslau;2010;99.42;99.53;97.95;3541505
Promissão;2010;99.65;99.76;98.31;3541604
Quadra;2010;99.65;100;86.22;3541653
Quatá;2010;99.26;99.52;98.35;3541703
Queiroz;2010;99.87;100;99.07;3541802
Queluz;2010;94.79;98.04;71.79;3541901
Quintana;2010;99.78;99.72;96.98;3542008
Rafard;2010;99.73;100;97.83;3542107
Rancharia;2010;99.27;99.61;98.45;3542206
Redenção da Serra;2010;84.66;98.3;51.85;3542305
Regente Feijó;2010;98.47;99.84;97.34;3542404
Reginópolis;2010;99.39;100;95.31;3542503
Registro;2010;96.04;98.21;84.52;3542602
Restinga;2010;99.86;99.93;99.02;3542701
Ribeira;2010;97.45;99.49;32.65;3542800
Ribeirão Bonito;2010;99.02;99.6;98.85;3542909
Ribeirão Branco;2010;98.98;98.24;86.11;3543006
Ribeirão Corrente;2010;98.24;99.9;97.36;3543105
Ribeirão do Sul;2010;90.54;100;90.82;3543204
Ribeirão dos Índios;2010;99.05;99.52;97.46;3543238
Ribeirão Grande;2010;99.42;99.57;94.21;3543253
Ribeirão Pires;2010;95.17;99.52;80.7;3543303
Ribeirão Preto;2010;99;99.8;97.48;3543402
Rifaina;2010;95.59;99.51;93.14;3543600
Rincão;2010;99.92;99.84;99.65;3543709
Rinópolis;2010;99.82;99.68;96.42;3543808
Rio Claro;2010;99.67;99.79;98.99;3543907
Rio das Pedras;2010;97.51;99.37;97.04;3544004
Rio Grande da Serra;2010;95.25;98.69;61.16;3544103
Riolândia;2010;99.73;99.51;98.55;3544202
Riversul;2010;99.53;99.4;89.25;3543501
Rosana;2010;97.94;98.89;96.95;3544251
Roseira;2010;96.46;99.37;94.54;3544301
Rubiácea;2010;99.2;99.4;97.39;3544400
Rubinéia;2010;93.69;99.64;75;3544509
Sabino;2010;99.74;99.93;95.44;3544608
Sagres;2010;99.83;100;99.48;3544707
Sales;2010;94.83;99.39;96.6;3544806
Sales Oliveira;2010;99.63;99.8;99.19;3544905
Salesópolis;2010;94.51;99.93;85.05;3545001
Salmourão;2010;99.06;99.57;96.69;3545100
Saltinho;2010;98.48;99.95;98.65;3545159
Salto;2010;98.31;99.43;94.97;3545209
Salto de Pirapora;2010;99.05;99.96;93.3;3545308
Salto Grande;2010;96.06;99.54;34.38;3545407
Sandovalina;2010;99.61;99.87;94.07;3545506
Santa Adélia;2010;98.07;99.54;98.07;3545605
Santa Albertina;2010;99.53;99.77;97.9;3545704
Santa Bárbara d'Oeste;2010;99.45;99.9;98.58;3545803
Santa Branca;2010;87.59;98.49;79.48;3546009
Santa Clara d'Oeste;2010;99.62;100;99.43;3546108
Santa Cruz da Conceição;2010;99.89;100;98.13;3546207
Santa Cruz da Esperança;2010;100;99.75;97.76;3546256
Santa Cruz das Palmeiras;2010;99.91;99.94;99.74;3546306
Santa Cruz do Rio Pardo;2010;99.35;99.73;96.11;3546405
Santa Ernestina;2010;99.8;99.87;99.28;3546504
Santa Fé do Sul;2010;98.43;99.81;97.98;3546603
Santa Gertrudes;2010;99.17;99.55;98.91;3546702
Santa Isabel;2010;89.88;99.49;68.78;3546801
Santa Lúcia;2010;99.96;100;99.96;3546900
Santa Maria da Serra;2010;99.86;100;99.66;3547007
Santa Mercedes;2010;99.51;99.14;77.15;3547106
Santa Rita d'Oeste;2010;99.69;100;92.94;3547403
Santa Rita do Passa Quatro;2010;99.85;99.89;98.12;3547502
Santa Rosa de Viterbo;2010;99.52;99.99;99.21;3547601
Santa Salete;2010;100;100;98.65;3547650
Santana da Ponte Pensa;2010;100;100;99.76;3547205
Santana de Parnaíba;2010;90.88;99.47;42.6;3547304
Santo Anastácio;2010;98.92;99.41;98.25;3547700
Santo André;2010;97.61;99.91;94.48;3547809
Santo Antônio da Alegria;2010;99.42;99.87;96.99;3547908
Santo Antônio de Posse;2010;97.9;99.86;61.04;3548005
Santo Antônio do Aracanguá;2010;95.88;99.79;95.35;3548054
Santo Antônio do Jardim;2010;97.85;99.46;95.79;3548104
Santo Antônio do Pinhal;2010;82.76;99.75;62.76;3548203
Santo Expedito;2010;99.3;99.77;73.4;3548302
Santópolis do Aguapeí;2010;99.16;99.92;99.23;3548401
Santos;2010;99.56;99.8;95.29;3548500
São Bento do Sapucaí;2010;99.27;99.45;86.28;3548609
São Bernardo do Campo;2010;99.05;99.87;90.26;3548708
São Caetano do Sul;2010;99.96;100;99.85;3548807
São Carlos;2010;99.66;99.9;99.43;3548906
São Francisco;2010;99.87;100;99.6;3549003
São João da Boa Vista;2010;98.33;98.94;97.59;3549102
São João das Duas Pontes;2010;99.85;100;100;3549201
São João de Iracema;2010;98.76;100;97.73;3549250
São João do Pau d'Alho;2010;99.83;100;97.66;3549300
São Joaquim da Barra;2010;99.56;99.78;99.7;3549409
São José da Bela Vista;2010;98.86;99.54;98.58;3549508
São José do Barreiro;2010;98.83;99.68;88.94;3549607
São José do Rio Pardo;2010;99.22;99.68;97.75;3549706
São José do Rio Preto;2010;92.87;99.94;99.08;3549805
São José dos Campos;2010;98.41;99.82;93.3;3549904
São Lourenço da Serra;2010;62.79;96.44;44.56;3549953
São Luiz do Paraitinga;2010;96.6;99.8;83.84;3550001
São Manuel;2010;98.51;98.77;96.82;3550100
São Miguel Arcanjo;2010;96.91;99.54;86.14;3550209
São Paulo;2010;99.32;99.81;92.26;3550308
São Pedro;2010;99.02;99.39;95.48;3550407
São Pedro do Turvo;2010;99.76;99.58;97.96;3550506
São Roque;2010;78.25;97.94;60.41;3550605
São Sebastião;2010;70.65;99.79;52.46;3550704
São Sebastião da Grama;2010;99.26;99.65;98.63;3550803
São Simão;2010;99.48;99.6;98.83;3550902
São Vicente;2010;99.36;99.71;87.08;3551009
Sarapuí;2010;99.37;99.66;67.81;3551108
Sarutaiá;2010;98.63;99.68;92.39;3551207
Sebastianópolis do Sul;2010;99.39;100;99.27;3551306
Serra Azul;2010;93.04;99.91;92.43;3551405
Serra Negra;2010;88.68;99.3;76.63;3551603
Serrana;2010;99.96;99.97;99.58;3551504
Sertãozinho;2010;99.4;99.79;98.94;3551702
Sete Barras;2010;97.78;99.4;87.1;3551801
Severínia;2010;99.86;99.95;99.77;3551900
Silveiras;2010;97.64;99.88;96.23;3552007
Socorro;2010;87.66;99.24;82.44;3552106
Sorocaba;2010;99.51;99.92;97.75;3552205
Sud Mennucci;2010;99.14;100;98.28;3552304
Sumaré;2010;98.01;99.74;93.75;3552403
Suzanápolis;2010;99.73;99.73;94.39;3552551
Suzano;2010;94.91;99.21;85.01;3552502
Tabapuã;2010;99.17;99.57;99.11;3552601
Tabatinga;2010;99.77;99.87;97.71;3552700
Taboão da Serra;2010;99.63;99.94;90.82;3552809
Taciba;2010;97.9;98.49;97.7;3552908
Taguaí;2010;99.96;100;98.33;3553005
Taiaçu;2010;99.88;99.64;99.09;3553104
Taiúva;2010;98.96;99.39;98.84;3553203
Tambaú;2010;98.97;98.92;97.95;3553302
Tanabi;2010;95.84;98.86;86.83;3553401
Tapiraí;2010;94.45;98.96;87.26;3553500
Tapiratiba;2010;99.37;99.69;98.21;3553609
Taquaral;2010;99.26;99.88;99.38;3553658
Taquaritinga;2010;99;99.57;98.9;3553708
Taquarituba;2010;99.19;99.84;98.65;3553807
Taquarivaí;2010;94.49;99.25;86.48;3553856
Tarabai;2010;99.2;99.68;97.77;3553906
Tarumã;2010;99.68;99.95;99.09;3553955
Tatuí;2010;97.02;99.5;94.1;3554003
Taubaté;2010;98.6;99.78;95.93;3554102
Tejupá;2010;92.84;98.55;95.08;3554201
Teodoro Sampaio;2010;99.8;99.89;96.12;3554300
Terra Roxa;2010;89.57;99.65;99.42;3554409
Tietê;2010;99.03;99.87;94.8;3554508
Timburi;2010;96.83;99.85;93.66;3554607
Torre de Pedra;2010;97.21;100;94.42;3554656
Torrinha;2010;99.29;99.68;97.7;3554706
Trabiju;2010;100;100;99.76;3554755
Tremembé;2010;96.42;98.77;82.39;3554805
Três Fronteiras;2010;99.62;99.94;97.14;3554904
Tuiuti;2010;97.16;99.9;59.29;3554953
Tupã;2010;98.47;99.2;97.83;3555000
Tupi Paulista;2010;99.59;99.57;98.43;3555109
Turiúba;2010;99.66;99.83;99.31;3555208
Turmalina;2010;99.42;100;99.61;3555307
Ubarana;2010;99.31;99.72;97.04;3555356
Ubatuba;2010;75.05;99.67;27.65;3555406
Ubirajara;2010;99.06;99.44;95.41;3555505
Uchoa;2010;99.27;99.59;99.17;3555604
União Paulista;2010;100;100;100;3555703
Urânia;2010;99.26;99.61;98.71;3555802
Uru;2010;99.73;100;96.82;3555901
Urupês;2010;99.63;99.95;99.29;3556008
Valentim Gentil;2010;99.41;99.94;99.26;3556107
Valinhos;2010;94.57;99.89;92.43;3556206
Valparaíso;2010;99.37;99.83;98.61;3556305
Vargem;2010;90.07;100;73.43;3556354
Vargem Grande do Sul;2010;98.49;99.59;98.47;3556404
Vargem Grande Paulista;2010;87.41;99.47;46.76;3556453
Várzea Paulista;2010;92.97;99.91;88.49;3556503
Vera Cruz;2010;98.55;99.31;95.88;3556602
Vinhedo;2010;96.43;99.63;82.96;3556701
Viradouro;2010;98.95;99.68;99.05;3556800
Vista Alegre do Alto;2010;99.95;99.95;99.74;3556909
Vitória Brasil;2010;98.27;99.57;97.19;3556958
Votorantim;2010;98.38;99.8;95.94;3557006
Votuporanga;2010;99.5;99.79;98.95;3557105
Zacarias;2010;99.06;100;97.02;3557154
